id,frame_index,modality,path,split
flame3_00001,-1,unknown,raw\flame3\FLAME 3 CV Dataset (Sycan Marsh)\Fire\RGB\Corrected FOV\00001.JPG,flame3_cv_subset
flame3_00002,-1,unknown,raw\flame3\FLAME 3 CV Dataset (Sycan Marsh)\Fire\RGB\Corrected FOV\00002.JPG,flame3_cv_subset
flame3_00003,-1,unknown,raw\flame3\FLAME 3 CV Dataset (Sycan Marsh)\Fire\RGB\Corrected FOV\00003.JPG,flame3_cv_subset
flame3_00004,-1,unknown,raw\flame3\FLAME 3 CV Dataset (Sycan Marsh)\Fire\RGB\Corrected FOV\00004.JPG,flame3_cv_subset
flame3_00005,-1,unknown,raw\flame3\FLAME 3 CV Dataset (Sycan Marsh)\Fire\RGB\Corrected FOV\00005.JPG,flame3_cv_subset
flame3_00006,-1,unknown,raw\flame3\FLAME 3 CV Dataset (Sycan Marsh)\Fire\RGB\Corrected FOV\00006.JPG,flame3_cv_subset
flame3_00007,-1,unknown,raw\flame3\FLAME 3 CV Dataset (Sycan Marsh)\Fire\RGB\Corrected FOV\00007.JPG,flame3_cv_subset
flame3_00008,-1,unknown,raw\flame3\FLAME 3 CV Dataset (Sycan Marsh)\Fire\RGB\Corrected FOV\00008.JPG,flame3_cv_subset
flame3_00009,-1,unknown,raw\flame3\FLAME 3 CV Dataset (Sycan Marsh)\Fire\RGB\Corrected FOV\00009.JPG,flame3_cv_subset
flame3_00010,-1,unknown,raw\flame3\FLAME 3 CV Dataset (Sycan Marsh)\Fire\RGB\Corrected FOV\00010.JPG,flame3_cv_subset
flame3_00011,-1,unknown,raw\flame3\FLAME 3 CV Dataset (Sycan Marsh)\Fire\RGB\Corrected FOV\00011.JPG,flame3_cv_subset
flame3_00012,-1,unknown,raw\flame3\FLAME 3 CV Dataset (Sycan Marsh)\Fire\RGB\Corrected FOV\00012.JPG,flame3_cv_subset
flame3_00013,-1,unknown,raw\flame3\FLAME 3 CV Dataset (Sycan Marsh)\Fire\RGB\Corrected FOV\00013.JPG,flame3_cv_subset
flame3_00014,-1,unknown,raw\flame3\FLAME 3 CV Dataset (Sycan Marsh)\Fire\RGB\Corrected FOV\00014.JPG,flame3_cv_subset
flame3_00015,-1,unknown,raw\flame3\FLAME 3 CV Dataset (Sycan Marsh)\Fire\RGB\Corrected FOV\00015.JPG,flame3_cv_subset
flame3_00016,-1,unknown,raw\flame3\FLAME 3 CV Dataset (Sycan Marsh)\Fire\RGB\Corrected FOV\00016.JPG,flame3_cv_subset
flame3_00017,-1,unknown,raw\flame3\FLAME 3 CV Dataset (Sycan Marsh)\Fire\RGB\Corrected FOV\00017.JPG,flame3_cv_subset
flame3_00018,-1,unknown,raw\flame3\FLAME 3 CV Dataset (Sycan Marsh)\Fire\RGB\Corrected FOV\00018.JPG,flame3_cv_subset
flame3_00019,-1,unknown,raw\flame3\FLAME 3 CV Dataset (Sycan Marsh)\Fire\RGB\Corrected FOV\00019.JPG,flame3_cv_subset
flame3_00020,-1,unknown,raw\flame3\FLAME 3 CV Dataset (Sycan Marsh)\Fire\RGB\Corrected FOV\00020.JPG,flame3_cv_subset
flame3_00021,-1,unknown,raw\flame3\FLAME 3 CV Dataset (Sycan Marsh)\Fire\RGB\Corrected FOV\00021.JPG,flame3_cv_subset
flame3_00022,-1,unknown,raw\flame3\FLAME 3 CV Dataset (Sycan Marsh)\Fire\RGB\Corrected FOV\00022.JPG,flame3_cv_subset
flame3_00023,-1,unknown,raw\flame3\FLAME 3 CV Dataset (Sycan Marsh)\Fire\RGB\Corrected FOV\00023.JPG,flame3_cv_subset
flame3_00024,-1,unknown,raw\flame3\FLAME 3 CV Dataset (Sycan Marsh)\Fire\RGB\Corrected FOV\00024.JPG,flame3_cv_subset
flame3_00025,-1,unknown,raw\flame3\FLAME 3 CV Dataset (Sycan Marsh)\Fire\RGB\Corrected FOV\00025.JPG,flame3_cv_subset
flame3_00026,-1,unknown,raw\flame3\FLAME 3 CV Dataset (Sycan Marsh)\Fire\RGB\Corrected FOV\00026.JPG,flame3_cv_subset
flame3_00027,-1,unknown,raw\flame3\FLAME 3 CV Dataset (Sycan Marsh)\Fire\RGB\Corrected FOV\00027.JPG,flame3_cv_subset
flame3_00028,-1,unknown,raw\flame3\FLAME 3 CV Dataset (Sycan Marsh)\Fire\RGB\Corrected FOV\00028.JPG,flame3_cv_subset
flame3_00029,-1,unknown,raw\flame3\FLAME 3 CV Dataset (Sycan Marsh)\Fire\RGB\Corrected FOV\00029.JPG,flame3_cv_subset
flame3_00030,-1,unknown,raw\flame3\FLAME 3 CV Dataset (Sycan Marsh)\Fire\RGB\Corrected FOV\00030.JPG,flame3_cv_subset
flame3_00031,-1,unknown,raw\flame3\FLAME 3 CV Dataset (Sycan Marsh)\Fire\RGB\Corrected FOV\00031.JPG,flame3_cv_subset
flame3_00032,-1,unknown,raw\flame3\FLAME 3 CV Dataset (Sycan Marsh)\Fire\RGB\Corrected FOV\00032.JPG,flame3_cv_subset
flame3_00033,-1,unknown,raw\flame3\FLAME 3 CV Dataset (Sycan Marsh)\Fire\RGB\Corrected FOV\00033.JPG,flame3_cv_subset
flame3_00034,-1,unknown,raw\flame3\FLAME 3 CV Dataset (Sycan Marsh)\Fire\RGB\Corrected FOV\00034.JPG,flame3_cv_subset
flame3_00035,-1,unknown,raw\flame3\FLAME 3 CV Dataset (Sycan Marsh)\Fire\RGB\Corrected FOV\00035.JPG,flame3_cv_subset
flame3_00036,-1,unknown,raw\flame3\FLAME 3 CV Dataset (Sycan Marsh)\Fire\RGB\Corrected FOV\00036.JPG,flame3_cv_subset
flame3_00037,-1,unknown,raw\flame3\FLAME 3 CV Dataset (Sycan Marsh)\Fire\RGB\Corrected FOV\00037.JPG,flame3_cv_subset
flame3_00038,-1,unknown,raw\flame3\FLAME 3 CV Dataset (Sycan Marsh)\Fire\RGB\Corrected FOV\00038.JPG,flame3_cv_subset
flame3_00039,-1,unknown,raw\flame3\FLAME 3 CV Dataset (Sycan Marsh)\Fire\RGB\Corrected FOV\00039.JPG,flame3_cv_subset
flame3_00040,-1,unknown,raw\flame3\FLAME 3 CV Dataset (Sycan Marsh)\Fire\RGB\Corrected FOV\00040.JPG,flame3_cv_subset
flame3_00041,-1,unknown,raw\flame3\FLAME 3 CV Dataset (Sycan Marsh)\Fire\RGB\Corrected FOV\00041.JPG,flame3_cv_subset
flame3_00042,-1,unknown,raw\flame3\FLAME 3 CV Dataset (Sycan Marsh)\Fire\RGB\Corrected FOV\00042.JPG,flame3_cv_subset
flame3_00043,-1,unknown,raw\flame3\FLAME 3 CV Dataset (Sycan Marsh)\Fire\RGB\Corrected FOV\00043.JPG,flame3_cv_subset
flame3_00044,-1,unknown,raw\flame3\FLAME 3 CV Dataset (Sycan Marsh)\Fire\RGB\Corrected FOV\00044.JPG,flame3_cv_subset
flame3_00045,-1,unknown,raw\flame3\FLAME 3 CV Dataset (Sycan Marsh)\Fire\RGB\Corrected FOV\00045.JPG,flame3_cv_subset
flame3_00046,-1,unknown,raw\flame3\FLAME 3 CV Dataset (Sycan Marsh)\Fire\RGB\Corrected FOV\00046.JPG,flame3_cv_subset
flame3_00047,-1,unknown,raw\flame3\FLAME 3 CV Dataset (Sycan Marsh)\Fire\RGB\Corrected FOV\00047.JPG,flame3_cv_subset
flame3_00048,-1,unknown,raw\flame3\FLAME 3 CV Dataset (Sycan Marsh)\Fire\RGB\Corrected FOV\00048.JPG,flame3_cv_subset
flame3_00049,-1,unknown,raw\flame3\FLAME 3 CV Dataset (Sycan Marsh)\Fire\RGB\Corrected FOV\00049.JPG,flame3_cv_subset
flame3_00050,-1,unknown,raw\flame3\FLAME 3 CV Dataset (Sycan Marsh)\Fire\RGB\Corrected FOV\00050.JPG,flame3_cv_subset
flame3_00051,-1,unknown,raw\flame3\FLAME 3 CV Dataset (Sycan Marsh)\Fire\RGB\Corrected FOV\00051.JPG,flame3_cv_subset
flame3_00052,-1,unknown,raw\flame3\FLAME 3 CV Dataset (Sycan Marsh)\Fire\RGB\Corrected FOV\00052.JPG,flame3_cv_subset
flame3_00053,-1,unknown,raw\flame3\FLAME 3 CV Dataset (Sycan Marsh)\Fire\RGB\Corrected FOV\00053.JPG,flame3_cv_subset
flame3_00054,-1,unknown,raw\flame3\FLAME 3 CV Dataset (Sycan Marsh)\Fire\RGB\Corrected FOV\00054.JPG,flame3_cv_subset
flame3_00055,-1,unknown,raw\flame3\FLAME 3 CV Dataset (Sycan Marsh)\Fire\RGB\Corrected FOV\00055.JPG,flame3_cv_subset
flame3_00056,-1,unknown,raw\flame3\FLAME 3 CV Dataset (Sycan Marsh)\Fire\RGB\Corrected FOV\00056.JPG,flame3_cv_subset
flame3_00057,-1,unknown,raw\flame3\FLAME 3 CV Dataset (Sycan Marsh)\Fire\RGB\Corrected FOV\00057.JPG,flame3_cv_subset
flame3_00058,-1,unknown,raw\flame3\FLAME 3 CV Dataset (Sycan Marsh)\Fire\RGB\Corrected FOV\00058.JPG,flame3_cv_subset
flame3_00059,-1,unknown,raw\flame3\FLAME 3 CV Dataset (Sycan Marsh)\Fire\RGB\Corrected FOV\00059.JPG,flame3_cv_subset
flame3_00060,-1,unknown,raw\flame3\FLAME 3 CV Dataset (Sycan Marsh)\Fire\RGB\Corrected FOV\00060.JPG,flame3_cv_subset
flame3_00061,-1,unknown,raw\flame3\FLAME 3 CV Dataset (Sycan Marsh)\Fire\RGB\Corrected FOV\00061.JPG,flame3_cv_subset
flame3_00062,-1,unknown,raw\flame3\FLAME 3 CV Dataset (Sycan Marsh)\Fire\RGB\Corrected FOV\00062.JPG,flame3_cv_subset
flame3_00063,-1,unknown,raw\flame3\FLAME 3 CV Dataset (Sycan Marsh)\Fire\RGB\Corrected FOV\00063.JPG,flame3_cv_subset
flame3_00064,-1,unknown,raw\flame3\FLAME 3 CV Dataset (Sycan Marsh)\Fire\RGB\Corrected FOV\00064.JPG,flame3_cv_subset
flame3_00065,-1,unknown,raw\flame3\FLAME 3 CV Dataset (Sycan Marsh)\Fire\RGB\Corrected FOV\00065.JPG,flame3_cv_subset
flame3_00066,-1,unknown,raw\flame3\FLAME 3 CV Dataset (Sycan Marsh)\Fire\RGB\Corrected FOV\00066.JPG,flame3_cv_subset
flame3_00067,-1,unknown,raw\flame3\FLAME 3 CV Dataset (Sycan Marsh)\Fire\RGB\Corrected FOV\00067.JPG,flame3_cv_subset
flame3_00068,-1,unknown,raw\flame3\FLAME 3 CV Dataset (Sycan Marsh)\Fire\RGB\Corrected FOV\00068.JPG,flame3_cv_subset
flame3_00069,-1,unknown,raw\flame3\FLAME 3 CV Dataset (Sycan Marsh)\Fire\RGB\Corrected FOV\00069.JPG,flame3_cv_subset
flame3_00070,-1,unknown,raw\flame3\FLAME 3 CV Dataset (Sycan Marsh)\Fire\RGB\Corrected FOV\00070.JPG,flame3_cv_subset
flame3_00071,-1,unknown,raw\flame3\FLAME 3 CV Dataset (Sycan Marsh)\Fire\RGB\Corrected FOV\00071.JPG,flame3_cv_subset
flame3_00072,-1,unknown,raw\flame3\FLAME 3 CV Dataset (Sycan Marsh)\Fire\RGB\Corrected FOV\00072.JPG,flame3_cv_subset
flame3_00073,-1,unknown,raw\flame3\FLAME 3 CV Dataset (Sycan Marsh)\Fire\RGB\Corrected FOV\00073.JPG,flame3_cv_subset
flame3_00074,-1,unknown,raw\flame3\FLAME 3 CV Dataset (Sycan Marsh)\Fire\RGB\Corrected FOV\00074.JPG,flame3_cv_subset
flame3_00075,-1,unknown,raw\flame3\FLAME 3 CV Dataset (Sycan Marsh)\Fire\RGB\Corrected FOV\00075.JPG,flame3_cv_subset
flame3_00076,-1,unknown,raw\flame3\FLAME 3 CV Dataset (Sycan Marsh)\Fire\RGB\Corrected FOV\00076.JPG,flame3_cv_subset
flame3_00077,-1,unknown,raw\flame3\FLAME 3 CV Dataset (Sycan Marsh)\Fire\RGB\Corrected FOV\00077.JPG,flame3_cv_subset
flame3_00078,-1,unknown,raw\flame3\FLAME 3 CV Dataset (Sycan Marsh)\Fire\RGB\Corrected FOV\00078.JPG,flame3_cv_subset
flame3_00079,-1,unknown,raw\flame3\FLAME 3 CV Dataset (Sycan Marsh)\Fire\RGB\Corrected FOV\00079.JPG,flame3_cv_subset
flame3_00080,-1,unknown,raw\flame3\FLAME 3 CV Dataset (Sycan Marsh)\Fire\RGB\Corrected FOV\00080.JPG,flame3_cv_subset
flame3_00081,-1,unknown,raw\flame3\FLAME 3 CV Dataset (Sycan Marsh)\Fire\RGB\Corrected FOV\00081.JPG,flame3_cv_subset
flame3_00082,-1,unknown,raw\flame3\FLAME 3 CV Dataset (Sycan Marsh)\Fire\RGB\Corrected FOV\00082.JPG,flame3_cv_subset
flame3_00083,-1,unknown,raw\flame3\FLAME 3 CV Dataset (Sycan Marsh)\Fire\RGB\Corrected FOV\00083.JPG,flame3_cv_subset
flame3_00084,-1,unknown,raw\flame3\FLAME 3 CV Dataset (Sycan Marsh)\Fire\RGB\Corrected FOV\00084.JPG,flame3_cv_subset
flame3_00085,-1,unknown,raw\flame3\FLAME 3 CV Dataset (Sycan Marsh)\Fire\RGB\Corrected FOV\00085.JPG,flame3_cv_subset
flame3_00086,-1,unknown,raw\flame3\FLAME 3 CV Dataset (Sycan Marsh)\Fire\RGB\Corrected FOV\00086.JPG,flame3_cv_subset
flame3_00087,-1,unknown,raw\flame3\FLAME 3 CV Dataset (Sycan Marsh)\Fire\RGB\Corrected FOV\00087.JPG,flame3_cv_subset
flame3_00088,-1,unknown,raw\flame3\FLAME 3 CV Dataset (Sycan Marsh)\Fire\RGB\Corrected FOV\00088.JPG,flame3_cv_subset
flame3_00089,-1,unknown,raw\flame3\FLAME 3 CV Dataset (Sycan Marsh)\Fire\RGB\Corrected FOV\00089.JPG,flame3_cv_subset
flame3_00090,-1,unknown,raw\flame3\FLAME 3 CV Dataset (Sycan Marsh)\Fire\RGB\Corrected FOV\00090.JPG,flame3_cv_subset
flame3_00091,-1,unknown,raw\flame3\FLAME 3 CV Dataset (Sycan Marsh)\Fire\RGB\Corrected FOV\00091.JPG,flame3_cv_subset
flame3_00092,-1,unknown,raw\flame3\FLAME 3 CV Dataset (Sycan Marsh)\Fire\RGB\Corrected FOV\00092.JPG,flame3_cv_subset
flame3_00093,-1,unknown,raw\flame3\FLAME 3 CV Dataset (Sycan Marsh)\Fire\RGB\Corrected FOV\00093.JPG,flame3_cv_subset
flame3_00094,-1,unknown,raw\flame3\FLAME 3 CV Dataset (Sycan Marsh)\Fire\RGB\Corrected FOV\00094.JPG,flame3_cv_subset
flame3_00095,-1,unknown,raw\flame3\FLAME 3 CV Dataset (Sycan Marsh)\Fire\RGB\Corrected FOV\00095.JPG,flame3_cv_subset
flame3_00096,-1,unknown,raw\flame3\FLAME 3 CV Dataset (Sycan Marsh)\Fire\RGB\Corrected FOV\00096.JPG,flame3_cv_subset
flame3_00097,-1,unknown,raw\flame3\FLAME 3 CV Dataset (Sycan Marsh)\Fire\RGB\Corrected FOV\00097.JPG,flame3_cv_subset
flame3_00098,-1,unknown,raw\flame3\FLAME 3 CV Dataset (Sycan Marsh)\Fire\RGB\Corrected FOV\00098.JPG,flame3_cv_subset
flame3_00099,-1,unknown,raw\flame3\FLAME 3 CV Dataset (Sycan Marsh)\Fire\RGB\Corrected FOV\00099.JPG,flame3_cv_subset
flame3_00100,-1,unknown,raw\flame3\FLAME 3 CV Dataset (Sycan Marsh)\Fire\RGB\Corrected FOV\00100.JPG,flame3_cv_subset
flame3_00101,-1,unknown,raw\flame3\FLAME 3 CV Dataset (Sycan Marsh)\Fire\RGB\Corrected FOV\00101.JPG,flame3_cv_subset
flame3_00102,-1,unknown,raw\flame3\FLAME 3 CV Dataset (Sycan Marsh)\Fire\RGB\Corrected FOV\00102.JPG,flame3_cv_subset
flame3_00103,-1,unknown,raw\flame3\FLAME 3 CV Dataset (Sycan Marsh)\Fire\RGB\Corrected FOV\00103.JPG,flame3_cv_subset
flame3_00104,-1,unknown,raw\flame3\FLAME 3 CV Dataset (Sycan Marsh)\Fire\RGB\Corrected FOV\00104.JPG,flame3_cv_subset
flame3_00105,-1,unknown,raw\flame3\FLAME 3 CV Dataset (Sycan Marsh)\Fire\RGB\Corrected FOV\00105.JPG,flame3_cv_subset
flame3_00106,-1,unknown,raw\flame3\FLAME 3 CV Dataset (Sycan Marsh)\Fire\RGB\Corrected FOV\00106.JPG,flame3_cv_subset
flame3_00107,-1,unknown,raw\flame3\FLAME 3 CV Dataset (Sycan Marsh)\Fire\RGB\Corrected FOV\00107.JPG,flame3_cv_subset
flame3_00108,-1,unknown,raw\flame3\FLAME 3 CV Dataset (Sycan Marsh)\Fire\RGB\Corrected FOV\00108.JPG,flame3_cv_subset
flame3_00109,-1,unknown,raw\flame3\FLAME 3 CV Dataset (Sycan Marsh)\Fire\RGB\Corrected FOV\00109.JPG,flame3_cv_subset
flame3_00110,-1,unknown,raw\flame3\FLAME 3 CV Dataset (Sycan Marsh)\Fire\RGB\Corrected FOV\00110.JPG,flame3_cv_subset
flame3_00111,-1,unknown,raw\flame3\FLAME 3 CV Dataset (Sycan Marsh)\Fire\RGB\Corrected FOV\00111.JPG,flame3_cv_subset
flame3_00112,-1,unknown,raw\flame3\FLAME 3 CV Dataset (Sycan Marsh)\Fire\RGB\Corrected FOV\00112.JPG,flame3_cv_subset
flame3_00113,-1,unknown,raw\flame3\FLAME 3 CV Dataset (Sycan Marsh)\Fire\RGB\Corrected FOV\00113.JPG,flame3_cv_subset
flame3_00114,-1,unknown,raw\flame3\FLAME 3 CV Dataset (Sycan Marsh)\Fire\RGB\Corrected FOV\00114.JPG,flame3_cv_subset
flame3_00115,-1,unknown,raw\flame3\FLAME 3 CV Dataset (Sycan Marsh)\Fire\RGB\Corrected FOV\00115.JPG,flame3_cv_subset
flame3_00116,-1,unknown,raw\flame3\FLAME 3 CV Dataset (Sycan Marsh)\Fire\RGB\Corrected FOV\00116.JPG,flame3_cv_subset
flame3_00117,-1,unknown,raw\flame3\FLAME 3 CV Dataset (Sycan Marsh)\Fire\RGB\Corrected FOV\00117.JPG,flame3_cv_subset
flame3_00118,-1,unknown,raw\flame3\FLAME 3 CV Dataset (Sycan Marsh)\Fire\RGB\Corrected FOV\00118.JPG,flame3_cv_subset
flame3_00119,-1,unknown,raw\flame3\FLAME 3 CV Dataset (Sycan Marsh)\Fire\RGB\Corrected FOV\00119.JPG,flame3_cv_subset
flame3_00120,-1,unknown,raw\flame3\FLAME 3 CV Dataset (Sycan Marsh)\Fire\RGB\Corrected FOV\00120.JPG,flame3_cv_subset
flame3_00121,-1,unknown,raw\flame3\FLAME 3 CV Dataset (Sycan Marsh)\Fire\RGB\Corrected FOV\00121.JPG,flame3_cv_subset
flame3_00122,-1,unknown,raw\flame3\FLAME 3 CV Dataset (Sycan Marsh)\Fire\RGB\Corrected FOV\00122.JPG,flame3_cv_subset
flame3_00123,-1,unknown,raw\flame3\FLAME 3 CV Dataset (Sycan Marsh)\Fire\RGB\Corrected FOV\00123.JPG,flame3_cv_subset
flame3_00124,-1,unknown,raw\flame3\FLAME 3 CV Dataset (Sycan Marsh)\Fire\RGB\Corrected FOV\00124.JPG,flame3_cv_subset
flame3_00125,-1,unknown,raw\flame3\FLAME 3 CV Dataset (Sycan Marsh)\Fire\RGB\Corrected FOV\00125.JPG,flame3_cv_subset
flame3_00126,-1,unknown,raw\flame3\FLAME 3 CV Dataset (Sycan Marsh)\Fire\RGB\Corrected FOV\00126.JPG,flame3_cv_subset
flame3_00127,-1,unknown,raw\flame3\FLAME 3 CV Dataset (Sycan Marsh)\Fire\RGB\Corrected FOV\00127.JPG,flame3_cv_subset
flame3_00128,-1,unknown,raw\flame3\FLAME 3 CV Dataset (Sycan Marsh)\Fire\RGB\Corrected FOV\00128.JPG,flame3_cv_subset
flame3_00129,-1,unknown,raw\flame3\FLAME 3 CV Dataset (Sycan Marsh)\Fire\RGB\Corrected FOV\00129.JPG,flame3_cv_subset
flame3_00130,-1,unknown,raw\flame3\FLAME 3 CV Dataset (Sycan Marsh)\Fire\RGB\Corrected FOV\00130.JPG,flame3_cv_subset
flame3_00131,-1,unknown,raw\flame3\FLAME 3 CV Dataset (Sycan Marsh)\Fire\RGB\Corrected FOV\00131.JPG,flame3_cv_subset
flame3_00132,-1,unknown,raw\flame3\FLAME 3 CV Dataset (Sycan Marsh)\Fire\RGB\Corrected FOV\00132.JPG,flame3_cv_subset
flame3_00133,-1,unknown,raw\flame3\FLAME 3 CV Dataset (Sycan Marsh)\Fire\RGB\Corrected FOV\00133.JPG,flame3_cv_subset
flame3_00134,-1,unknown,raw\flame3\FLAME 3 CV Dataset (Sycan Marsh)\Fire\RGB\Corrected FOV\00134.JPG,flame3_cv_subset
flame3_00135,-1,unknown,raw\flame3\FLAME 3 CV Dataset (Sycan Marsh)\Fire\RGB\Corrected FOV\00135.JPG,flame3_cv_subset
flame3_00136,-1,unknown,raw\flame3\FLAME 3 CV Dataset (Sycan Marsh)\Fire\RGB\Corrected FOV\00136.JPG,flame3_cv_subset
flame3_00137,-1,unknown,raw\flame3\FLAME 3 CV Dataset (Sycan Marsh)\Fire\RGB\Corrected FOV\00137.JPG,flame3_cv_subset
flame3_00138,-1,unknown,raw\flame3\FLAME 3 CV Dataset (Sycan Marsh)\Fire\RGB\Corrected FOV\00138.JPG,flame3_cv_subset
flame3_00139,-1,unknown,raw\flame3\FLAME 3 CV Dataset (Sycan Marsh)\Fire\RGB\Corrected FOV\00139.JPG,flame3_cv_subset
flame3_00140,-1,unknown,raw\flame3\FLAME 3 CV Dataset (Sycan Marsh)\Fire\RGB\Corrected FOV\00140.JPG,flame3_cv_subset
flame3_00141,-1,unknown,raw\flame3\FLAME 3 CV Dataset (Sycan Marsh)\Fire\RGB\Corrected FOV\00141.JPG,flame3_cv_subset
flame3_00142,-1,unknown,raw\flame3\FLAME 3 CV Dataset (Sycan Marsh)\Fire\RGB\Corrected FOV\00142.JPG,flame3_cv_subset
flame3_00143,-1,unknown,raw\flame3\FLAME 3 CV Dataset (Sycan Marsh)\Fire\RGB\Corrected FOV\00143.JPG,flame3_cv_subset
flame3_00144,-1,unknown,raw\flame3\FLAME 3 CV Dataset (Sycan Marsh)\Fire\RGB\Corrected FOV\00144.JPG,flame3_cv_subset
flame3_00145,-1,unknown,raw\flame3\FLAME 3 CV Dataset (Sycan Marsh)\Fire\RGB\Corrected FOV\00145.JPG,flame3_cv_subset
flame3_00146,-1,unknown,raw\flame3\FLAME 3 CV Dataset (Sycan Marsh)\Fire\RGB\Corrected FOV\00146.JPG,flame3_cv_subset
flame3_00147,-1,unknown,raw\flame3\FLAME 3 CV Dataset (Sycan Marsh)\Fire\RGB\Corrected FOV\00147.JPG,flame3_cv_subset
flame3_00148,-1,unknown,raw\flame3\FLAME 3 CV Dataset (Sycan Marsh)\Fire\RGB\Corrected FOV\00148.JPG,flame3_cv_subset
flame3_00149,-1,unknown,raw\flame3\FLAME 3 CV Dataset (Sycan Marsh)\Fire\RGB\Corrected FOV\00149.JPG,flame3_cv_subset
flame3_00150,-1,unknown,raw\flame3\FLAME 3 CV Dataset (Sycan Marsh)\Fire\RGB\Corrected FOV\00150.JPG,flame3_cv_subset
flame3_00151,-1,unknown,raw\flame3\FLAME 3 CV Dataset (Sycan Marsh)\Fire\RGB\Corrected FOV\00151.JPG,flame3_cv_subset
flame3_00152,-1,unknown,raw\flame3\FLAME 3 CV Dataset (Sycan Marsh)\Fire\RGB\Corrected FOV\00152.JPG,flame3_cv_subset
flame3_00153,-1,unknown,raw\flame3\FLAME 3 CV Dataset (Sycan Marsh)\Fire\RGB\Corrected FOV\00153.JPG,flame3_cv_subset
flame3_00154,-1,unknown,raw\flame3\FLAME 3 CV Dataset (Sycan Marsh)\Fire\RGB\Corrected FOV\00154.JPG,flame3_cv_subset
flame3_00155,-1,unknown,raw\flame3\FLAME 3 CV Dataset (Sycan Marsh)\Fire\RGB\Corrected FOV\00155.JPG,flame3_cv_subset
flame3_00156,-1,unknown,raw\flame3\FLAME 3 CV Dataset (Sycan Marsh)\Fire\RGB\Corrected FOV\00156.JPG,flame3_cv_subset
flame3_00157,-1,unknown,raw\flame3\FLAME 3 CV Dataset (Sycan Marsh)\Fire\RGB\Corrected FOV\00157.JPG,flame3_cv_subset
flame3_00158,-1,unknown,raw\flame3\FLAME 3 CV Dataset (Sycan Marsh)\Fire\RGB\Corrected FOV\00158.JPG,flame3_cv_subset
flame3_00159,-1,unknown,raw\flame3\FLAME 3 CV Dataset (Sycan Marsh)\Fire\RGB\Corrected FOV\00159.JPG,flame3_cv_subset
flame3_00160,-1,unknown,raw\flame3\FLAME 3 CV Dataset (Sycan Marsh)\Fire\RGB\Corrected FOV\00160.JPG,flame3_cv_subset
flame3_00161,-1,unknown,raw\flame3\FLAME 3 CV Dataset (Sycan Marsh)\Fire\RGB\Corrected FOV\00161.JPG,flame3_cv_subset
flame3_00162,-1,unknown,raw\flame3\FLAME 3 CV Dataset (Sycan Marsh)\Fire\RGB\Corrected FOV\00162.JPG,flame3_cv_subset
flame3_00163,-1,unknown,raw\flame3\FLAME 3 CV Dataset (Sycan Marsh)\Fire\RGB\Corrected FOV\00163.JPG,flame3_cv_subset
flame3_00164,-1,unknown,raw\flame3\FLAME 3 CV Dataset (Sycan Marsh)\Fire\RGB\Corrected FOV\00164.JPG,flame3_cv_subset
flame3_00165,-1,unknown,raw\flame3\FLAME 3 CV Dataset (Sycan Marsh)\Fire\RGB\Corrected FOV\00165.JPG,flame3_cv_subset
flame3_00166,-1,unknown,raw\flame3\FLAME 3 CV Dataset (Sycan Marsh)\Fire\RGB\Corrected FOV\00166.JPG,flame3_cv_subset
flame3_00167,-1,unknown,raw\flame3\FLAME 3 CV Dataset (Sycan Marsh)\Fire\RGB\Corrected FOV\00167.JPG,flame3_cv_subset
flame3_00168,-1,unknown,raw\flame3\FLAME 3 CV Dataset (Sycan Marsh)\Fire\RGB\Corrected FOV\00168.JPG,flame3_cv_subset
flame3_00169,-1,unknown,raw\flame3\FLAME 3 CV Dataset (Sycan Marsh)\Fire\RGB\Corrected FOV\00169.JPG,flame3_cv_subset
flame3_00170,-1,unknown,raw\flame3\FLAME 3 CV Dataset (Sycan Marsh)\Fire\RGB\Corrected FOV\00170.JPG,flame3_cv_subset
flame3_00171,-1,unknown,raw\flame3\FLAME 3 CV Dataset (Sycan Marsh)\Fire\RGB\Corrected FOV\00171.JPG,flame3_cv_subset
flame3_00172,-1,unknown,raw\flame3\FLAME 3 CV Dataset (Sycan Marsh)\Fire\RGB\Corrected FOV\00172.JPG,flame3_cv_subset
flame3_00173,-1,unknown,raw\flame3\FLAME 3 CV Dataset (Sycan Marsh)\Fire\RGB\Corrected FOV\00173.JPG,flame3_cv_subset
flame3_00174,-1,unknown,raw\flame3\FLAME 3 CV Dataset (Sycan Marsh)\Fire\RGB\Corrected FOV\00174.JPG,flame3_cv_subset
flame3_00175,-1,unknown,raw\flame3\FLAME 3 CV Dataset (Sycan Marsh)\Fire\RGB\Corrected FOV\00175.JPG,flame3_cv_subset
flame3_00176,-1,unknown,raw\flame3\FLAME 3 CV Dataset (Sycan Marsh)\Fire\RGB\Corrected FOV\00176.JPG,flame3_cv_subset
flame3_00177,-1,unknown,raw\flame3\FLAME 3 CV Dataset (Sycan Marsh)\Fire\RGB\Corrected FOV\00177.JPG,flame3_cv_subset
flame3_00178,-1,unknown,raw\flame3\FLAME 3 CV Dataset (Sycan Marsh)\Fire\RGB\Corrected FOV\00178.JPG,flame3_cv_subset
flame3_00179,-1,unknown,raw\flame3\FLAME 3 CV Dataset (Sycan Marsh)\Fire\RGB\Corrected FOV\00179.JPG,flame3_cv_subset
flame3_00180,-1,unknown,raw\flame3\FLAME 3 CV Dataset (Sycan Marsh)\Fire\RGB\Corrected FOV\00180.JPG,flame3_cv_subset
flame3_00181,-1,unknown,raw\flame3\FLAME 3 CV Dataset (Sycan Marsh)\Fire\RGB\Corrected FOV\00181.JPG,flame3_cv_subset
flame3_00182,-1,unknown,raw\flame3\FLAME 3 CV Dataset (Sycan Marsh)\Fire\RGB\Corrected FOV\00182.JPG,flame3_cv_subset
flame3_00183,-1,unknown,raw\flame3\FLAME 3 CV Dataset (Sycan Marsh)\Fire\RGB\Corrected FOV\00183.JPG,flame3_cv_subset
flame3_00184,-1,unknown,raw\flame3\FLAME 3 CV Dataset (Sycan Marsh)\Fire\RGB\Corrected FOV\00184.JPG,flame3_cv_subset
flame3_00185,-1,unknown,raw\flame3\FLAME 3 CV Dataset (Sycan Marsh)\Fire\RGB\Corrected FOV\00185.JPG,flame3_cv_subset
flame3_00186,-1,unknown,raw\flame3\FLAME 3 CV Dataset (Sycan Marsh)\Fire\RGB\Corrected FOV\00186.JPG,flame3_cv_subset
flame3_00187,-1,unknown,raw\flame3\FLAME 3 CV Dataset (Sycan Marsh)\Fire\RGB\Corrected FOV\00187.JPG,flame3_cv_subset
flame3_00188,-1,unknown,raw\flame3\FLAME 3 CV Dataset (Sycan Marsh)\Fire\RGB\Corrected FOV\00188.JPG,flame3_cv_subset
flame3_00189,-1,unknown,raw\flame3\FLAME 3 CV Dataset (Sycan Marsh)\Fire\RGB\Corrected FOV\00189.JPG,flame3_cv_subset
flame3_00190,-1,unknown,raw\flame3\FLAME 3 CV Dataset (Sycan Marsh)\Fire\RGB\Corrected FOV\00190.JPG,flame3_cv_subset
flame3_00191,-1,unknown,raw\flame3\FLAME 3 CV Dataset (Sycan Marsh)\Fire\RGB\Corrected FOV\00191.JPG,flame3_cv_subset
flame3_00192,-1,unknown,raw\flame3\FLAME 3 CV Dataset (Sycan Marsh)\Fire\RGB\Corrected FOV\00192.JPG,flame3_cv_subset
flame3_00193,-1,unknown,raw\flame3\FLAME 3 CV Dataset (Sycan Marsh)\Fire\RGB\Corrected FOV\00193.JPG,flame3_cv_subset
flame3_00194,-1,unknown,raw\flame3\FLAME 3 CV Dataset (Sycan Marsh)\Fire\RGB\Corrected FOV\00194.JPG,flame3_cv_subset
flame3_00195,-1,unknown,raw\flame3\FLAME 3 CV Dataset (Sycan Marsh)\Fire\RGB\Corrected FOV\00195.JPG,flame3_cv_subset
flame3_00196,-1,unknown,raw\flame3\FLAME 3 CV Dataset (Sycan Marsh)\Fire\RGB\Corrected FOV\00196.JPG,flame3_cv_subset
flame3_00197,-1,unknown,raw\flame3\FLAME 3 CV Dataset (Sycan Marsh)\Fire\RGB\Corrected FOV\00197.JPG,flame3_cv_subset
flame3_00198,-1,unknown,raw\flame3\FLAME 3 CV Dataset (Sycan Marsh)\Fire\RGB\Corrected FOV\00198.JPG,flame3_cv_subset
flame3_00199,-1,unknown,raw\flame3\FLAME 3 CV Dataset (Sycan Marsh)\Fire\RGB\Corrected FOV\00199.JPG,flame3_cv_subset
flame3_00200,-1,unknown,raw\flame3\FLAME 3 CV Dataset (Sycan Marsh)\Fire\RGB\Corrected FOV\00200.JPG,flame3_cv_subset
flame3_00201,-1,unknown,raw\flame3\FLAME 3 CV Dataset (Sycan Marsh)\Fire\RGB\Corrected FOV\00201.JPG,flame3_cv_subset
flame3_00202,-1,unknown,raw\flame3\FLAME 3 CV Dataset (Sycan Marsh)\Fire\RGB\Corrected FOV\00202.JPG,flame3_cv_subset
flame3_00203,-1,unknown,raw\flame3\FLAME 3 CV Dataset (Sycan Marsh)\Fire\RGB\Corrected FOV\00203.JPG,flame3_cv_subset
flame3_00204,-1,unknown,raw\flame3\FLAME 3 CV Dataset (Sycan Marsh)\Fire\RGB\Corrected FOV\00204.JPG,flame3_cv_subset
flame3_00205,-1,unknown,raw\flame3\FLAME 3 CV Dataset (Sycan Marsh)\Fire\RGB\Corrected FOV\00205.JPG,flame3_cv_subset
flame3_00206,-1,unknown,raw\flame3\FLAME 3 CV Dataset (Sycan Marsh)\Fire\RGB\Corrected FOV\00206.JPG,flame3_cv_subset
flame3_00207,-1,unknown,raw\flame3\FLAME 3 CV Dataset (Sycan Marsh)\Fire\RGB\Corrected FOV\00207.JPG,flame3_cv_subset
flame3_00208,-1,unknown,raw\flame3\FLAME 3 CV Dataset (Sycan Marsh)\Fire\RGB\Corrected FOV\00208.JPG,flame3_cv_subset
flame3_00209,-1,unknown,raw\flame3\FLAME 3 CV Dataset (Sycan Marsh)\Fire\RGB\Corrected FOV\00209.JPG,flame3_cv_subset
flame3_00210,-1,unknown,raw\flame3\FLAME 3 CV Dataset (Sycan Marsh)\Fire\RGB\Corrected FOV\00210.JPG,flame3_cv_subset
flame3_00211,-1,unknown,raw\flame3\FLAME 3 CV Dataset (Sycan Marsh)\Fire\RGB\Corrected FOV\00211.JPG,flame3_cv_subset
flame3_00212,-1,unknown,raw\flame3\FLAME 3 CV Dataset (Sycan Marsh)\Fire\RGB\Corrected FOV\00212.JPG,flame3_cv_subset
flame3_00213,-1,unknown,raw\flame3\FLAME 3 CV Dataset (Sycan Marsh)\Fire\RGB\Corrected FOV\00213.JPG,flame3_cv_subset
flame3_00214,-1,unknown,raw\flame3\FLAME 3 CV Dataset (Sycan Marsh)\Fire\RGB\Corrected FOV\00214.JPG,flame3_cv_subset
flame3_00215,-1,unknown,raw\flame3\FLAME 3 CV Dataset (Sycan Marsh)\Fire\RGB\Corrected FOV\00215.JPG,flame3_cv_subset
flame3_00216,-1,unknown,raw\flame3\FLAME 3 CV Dataset (Sycan Marsh)\Fire\RGB\Corrected FOV\00216.JPG,flame3_cv_subset
flame3_00217,-1,unknown,raw\flame3\FLAME 3 CV Dataset (Sycan Marsh)\Fire\RGB\Corrected FOV\00217.JPG,flame3_cv_subset
flame3_00218,-1,unknown,raw\flame3\FLAME 3 CV Dataset (Sycan Marsh)\Fire\RGB\Corrected FOV\00218.JPG,flame3_cv_subset
flame3_00219,-1,unknown,raw\flame3\FLAME 3 CV Dataset (Sycan Marsh)\Fire\RGB\Corrected FOV\00219.JPG,flame3_cv_subset
flame3_00220,-1,unknown,raw\flame3\FLAME 3 CV Dataset (Sycan Marsh)\Fire\RGB\Corrected FOV\00220.JPG,flame3_cv_subset
flame3_00221,-1,unknown,raw\flame3\FLAME 3 CV Dataset (Sycan Marsh)\Fire\RGB\Corrected FOV\00221.JPG,flame3_cv_subset
flame3_00222,-1,unknown,raw\flame3\FLAME 3 CV Dataset (Sycan Marsh)\Fire\RGB\Corrected FOV\00222.JPG,flame3_cv_subset
flame3_00223,-1,unknown,raw\flame3\FLAME 3 CV Dataset (Sycan Marsh)\Fire\RGB\Corrected FOV\00223.JPG,flame3_cv_subset
flame3_00224,-1,unknown,raw\flame3\FLAME 3 CV Dataset (Sycan Marsh)\Fire\RGB\Corrected FOV\00224.JPG,flame3_cv_subset
flame3_00225,-1,unknown,raw\flame3\FLAME 3 CV Dataset (Sycan Marsh)\Fire\RGB\Corrected FOV\00225.JPG,flame3_cv_subset
flame3_00226,-1,unknown,raw\flame3\FLAME 3 CV Dataset (Sycan Marsh)\Fire\RGB\Corrected FOV\00226.JPG,flame3_cv_subset
flame3_00227,-1,unknown,raw\flame3\FLAME 3 CV Dataset (Sycan Marsh)\Fire\RGB\Corrected FOV\00227.JPG,flame3_cv_subset
flame3_00228,-1,unknown,raw\flame3\FLAME 3 CV Dataset (Sycan Marsh)\Fire\RGB\Corrected FOV\00228.JPG,flame3_cv_subset
flame3_00229,-1,unknown,raw\flame3\FLAME 3 CV Dataset (Sycan Marsh)\Fire\RGB\Corrected FOV\00229.JPG,flame3_cv_subset
flame3_00230,-1,unknown,raw\flame3\FLAME 3 CV Dataset (Sycan Marsh)\Fire\RGB\Corrected FOV\00230.JPG,flame3_cv_subset
flame3_00231,-1,unknown,raw\flame3\FLAME 3 CV Dataset (Sycan Marsh)\Fire\RGB\Corrected FOV\00231.JPG,flame3_cv_subset
flame3_00232,-1,unknown,raw\flame3\FLAME 3 CV Dataset (Sycan Marsh)\Fire\RGB\Corrected FOV\00232.JPG,flame3_cv_subset
flame3_00233,-1,unknown,raw\flame3\FLAME 3 CV Dataset (Sycan Marsh)\Fire\RGB\Corrected FOV\00233.JPG,flame3_cv_subset
flame3_00234,-1,unknown,raw\flame3\FLAME 3 CV Dataset (Sycan Marsh)\Fire\RGB\Corrected FOV\00234.JPG,flame3_cv_subset
flame3_00235,-1,unknown,raw\flame3\FLAME 3 CV Dataset (Sycan Marsh)\Fire\RGB\Corrected FOV\00235.JPG,flame3_cv_subset
flame3_00236,-1,unknown,raw\flame3\FLAME 3 CV Dataset (Sycan Marsh)\Fire\RGB\Corrected FOV\00236.JPG,flame3_cv_subset
flame3_00237,-1,unknown,raw\flame3\FLAME 3 CV Dataset (Sycan Marsh)\Fire\RGB\Corrected FOV\00237.JPG,flame3_cv_subset
flame3_00238,-1,unknown,raw\flame3\FLAME 3 CV Dataset (Sycan Marsh)\Fire\RGB\Corrected FOV\00238.JPG,flame3_cv_subset
flame3_00239,-1,unknown,raw\flame3\FLAME 3 CV Dataset (Sycan Marsh)\Fire\RGB\Corrected FOV\00239.JPG,flame3_cv_subset
flame3_00240,-1,unknown,raw\flame3\FLAME 3 CV Dataset (Sycan Marsh)\Fire\RGB\Corrected FOV\00240.JPG,flame3_cv_subset
flame3_00241,-1,unknown,raw\flame3\FLAME 3 CV Dataset (Sycan Marsh)\Fire\RGB\Corrected FOV\00241.JPG,flame3_cv_subset
flame3_00242,-1,unknown,raw\flame3\FLAME 3 CV Dataset (Sycan Marsh)\Fire\RGB\Corrected FOV\00242.JPG,flame3_cv_subset
flame3_00243,-1,unknown,raw\flame3\FLAME 3 CV Dataset (Sycan Marsh)\Fire\RGB\Corrected FOV\00243.JPG,flame3_cv_subset
flame3_00244,-1,unknown,raw\flame3\FLAME 3 CV Dataset (Sycan Marsh)\Fire\RGB\Corrected FOV\00244.JPG,flame3_cv_subset
flame3_00245,-1,unknown,raw\flame3\FLAME 3 CV Dataset (Sycan Marsh)\Fire\RGB\Corrected FOV\00245.JPG,flame3_cv_subset
flame3_00246,-1,unknown,raw\flame3\FLAME 3 CV Dataset (Sycan Marsh)\Fire\RGB\Corrected FOV\00246.JPG,flame3_cv_subset
flame3_00247,-1,unknown,raw\flame3\FLAME 3 CV Dataset (Sycan Marsh)\Fire\RGB\Corrected FOV\00247.JPG,flame3_cv_subset
flame3_00248,-1,unknown,raw\flame3\FLAME 3 CV Dataset (Sycan Marsh)\Fire\RGB\Corrected FOV\00248.JPG,flame3_cv_subset
flame3_00249,-1,unknown,raw\flame3\FLAME 3 CV Dataset (Sycan Marsh)\Fire\RGB\Corrected FOV\00249.JPG,flame3_cv_subset
flame3_00250,-1,unknown,raw\flame3\FLAME 3 CV Dataset (Sycan Marsh)\Fire\RGB\Corrected FOV\00250.JPG,flame3_cv_subset
flame3_00251,-1,unknown,raw\flame3\FLAME 3 CV Dataset (Sycan Marsh)\Fire\RGB\Corrected FOV\00251.JPG,flame3_cv_subset
flame3_00252,-1,unknown,raw\flame3\FLAME 3 CV Dataset (Sycan Marsh)\Fire\RGB\Corrected FOV\00252.JPG,flame3_cv_subset
flame3_00253,-1,unknown,raw\flame3\FLAME 3 CV Dataset (Sycan Marsh)\Fire\RGB\Corrected FOV\00253.JPG,flame3_cv_subset
flame3_00254,-1,unknown,raw\flame3\FLAME 3 CV Dataset (Sycan Marsh)\Fire\RGB\Corrected FOV\00254.JPG,flame3_cv_subset
flame3_00255,-1,unknown,raw\flame3\FLAME 3 CV Dataset (Sycan Marsh)\Fire\RGB\Corrected FOV\00255.JPG,flame3_cv_subset
flame3_00256,-1,unknown,raw\flame3\FLAME 3 CV Dataset (Sycan Marsh)\Fire\RGB\Corrected FOV\00256.JPG,flame3_cv_subset
flame3_00257,-1,unknown,raw\flame3\FLAME 3 CV Dataset (Sycan Marsh)\Fire\RGB\Corrected FOV\00257.JPG,flame3_cv_subset
flame3_00258,-1,unknown,raw\flame3\FLAME 3 CV Dataset (Sycan Marsh)\Fire\RGB\Corrected FOV\00258.JPG,flame3_cv_subset
flame3_00259,-1,unknown,raw\flame3\FLAME 3 CV Dataset (Sycan Marsh)\Fire\RGB\Corrected FOV\00259.JPG,flame3_cv_subset
flame3_00260,-1,unknown,raw\flame3\FLAME 3 CV Dataset (Sycan Marsh)\Fire\RGB\Corrected FOV\00260.JPG,flame3_cv_subset
flame3_00261,-1,unknown,raw\flame3\FLAME 3 CV Dataset (Sycan Marsh)\Fire\RGB\Corrected FOV\00261.JPG,flame3_cv_subset
flame3_00262,-1,unknown,raw\flame3\FLAME 3 CV Dataset (Sycan Marsh)\Fire\RGB\Corrected FOV\00262.JPG,flame3_cv_subset
flame3_00263,-1,unknown,raw\flame3\FLAME 3 CV Dataset (Sycan Marsh)\Fire\RGB\Corrected FOV\00263.JPG,flame3_cv_subset
flame3_00264,-1,unknown,raw\flame3\FLAME 3 CV Dataset (Sycan Marsh)\Fire\RGB\Corrected FOV\00264.JPG,flame3_cv_subset
flame3_00265,-1,unknown,raw\flame3\FLAME 3 CV Dataset (Sycan Marsh)\Fire\RGB\Corrected FOV\00265.JPG,flame3_cv_subset
flame3_00266,-1,unknown,raw\flame3\FLAME 3 CV Dataset (Sycan Marsh)\Fire\RGB\Corrected FOV\00266.JPG,flame3_cv_subset
flame3_00267,-1,unknown,raw\flame3\FLAME 3 CV Dataset (Sycan Marsh)\Fire\RGB\Corrected FOV\00267.JPG,flame3_cv_subset
flame3_00268,-1,unknown,raw\flame3\FLAME 3 CV Dataset (Sycan Marsh)\Fire\RGB\Corrected FOV\00268.JPG,flame3_cv_subset
flame3_00269,-1,unknown,raw\flame3\FLAME 3 CV Dataset (Sycan Marsh)\Fire\RGB\Corrected FOV\00269.JPG,flame3_cv_subset
flame3_00270,-1,unknown,raw\flame3\FLAME 3 CV Dataset (Sycan Marsh)\Fire\RGB\Corrected FOV\00270.JPG,flame3_cv_subset
flame3_00271,-1,unknown,raw\flame3\FLAME 3 CV Dataset (Sycan Marsh)\Fire\RGB\Corrected FOV\00271.JPG,flame3_cv_subset
flame3_00272,-1,unknown,raw\flame3\FLAME 3 CV Dataset (Sycan Marsh)\Fire\RGB\Corrected FOV\00272.JPG,flame3_cv_subset
flame3_00273,-1,unknown,raw\flame3\FLAME 3 CV Dataset (Sycan Marsh)\Fire\RGB\Corrected FOV\00273.JPG,flame3_cv_subset
flame3_00274,-1,unknown,raw\flame3\FLAME 3 CV Dataset (Sycan Marsh)\Fire\RGB\Corrected FOV\00274.JPG,flame3_cv_subset
flame3_00275,-1,unknown,raw\flame3\FLAME 3 CV Dataset (Sycan Marsh)\Fire\RGB\Corrected FOV\00275.JPG,flame3_cv_subset
flame3_00276,-1,unknown,raw\flame3\FLAME 3 CV Dataset (Sycan Marsh)\Fire\RGB\Corrected FOV\00276.JPG,flame3_cv_subset
flame3_00277,-1,unknown,raw\flame3\FLAME 3 CV Dataset (Sycan Marsh)\Fire\RGB\Corrected FOV\00277.JPG,flame3_cv_subset
flame3_00278,-1,unknown,raw\flame3\FLAME 3 CV Dataset (Sycan Marsh)\Fire\RGB\Corrected FOV\00278.JPG,flame3_cv_subset
flame3_00279,-1,unknown,raw\flame3\FLAME 3 CV Dataset (Sycan Marsh)\Fire\RGB\Corrected FOV\00279.JPG,flame3_cv_subset
flame3_00280,-1,unknown,raw\flame3\FLAME 3 CV Dataset (Sycan Marsh)\Fire\RGB\Corrected FOV\00280.JPG,flame3_cv_subset
flame3_00281,-1,unknown,raw\flame3\FLAME 3 CV Dataset (Sycan Marsh)\Fire\RGB\Corrected FOV\00281.JPG,flame3_cv_subset
flame3_00282,-1,unknown,raw\flame3\FLAME 3 CV Dataset (Sycan Marsh)\Fire\RGB\Corrected FOV\00282.JPG,flame3_cv_subset
flame3_00283,-1,unknown,raw\flame3\FLAME 3 CV Dataset (Sycan Marsh)\Fire\RGB\Corrected FOV\00283.JPG,flame3_cv_subset
flame3_00284,-1,unknown,raw\flame3\FLAME 3 CV Dataset (Sycan Marsh)\Fire\RGB\Corrected FOV\00284.JPG,flame3_cv_subset
flame3_00285,-1,unknown,raw\flame3\FLAME 3 CV Dataset (Sycan Marsh)\Fire\RGB\Corrected FOV\00285.JPG,flame3_cv_subset
flame3_00286,-1,unknown,raw\flame3\FLAME 3 CV Dataset (Sycan Marsh)\Fire\RGB\Corrected FOV\00286.JPG,flame3_cv_subset
flame3_00287,-1,unknown,raw\flame3\FLAME 3 CV Dataset (Sycan Marsh)\Fire\RGB\Corrected FOV\00287.JPG,flame3_cv_subset
flame3_00288,-1,unknown,raw\flame3\FLAME 3 CV Dataset (Sycan Marsh)\Fire\RGB\Corrected FOV\00288.JPG,flame3_cv_subset
flame3_00289,-1,unknown,raw\flame3\FLAME 3 CV Dataset (Sycan Marsh)\Fire\RGB\Corrected FOV\00289.JPG,flame3_cv_subset
flame3_00290,-1,unknown,raw\flame3\FLAME 3 CV Dataset (Sycan Marsh)\Fire\RGB\Corrected FOV\00290.JPG,flame3_cv_subset
flame3_00291,-1,unknown,raw\flame3\FLAME 3 CV Dataset (Sycan Marsh)\Fire\RGB\Corrected FOV\00291.JPG,flame3_cv_subset
flame3_00292,-1,unknown,raw\flame3\FLAME 3 CV Dataset (Sycan Marsh)\Fire\RGB\Corrected FOV\00292.JPG,flame3_cv_subset
flame3_00293,-1,unknown,raw\flame3\FLAME 3 CV Dataset (Sycan Marsh)\Fire\RGB\Corrected FOV\00293.JPG,flame3_cv_subset
flame3_00294,-1,unknown,raw\flame3\FLAME 3 CV Dataset (Sycan Marsh)\Fire\RGB\Corrected FOV\00294.JPG,flame3_cv_subset
flame3_00295,-1,unknown,raw\flame3\FLAME 3 CV Dataset (Sycan Marsh)\Fire\RGB\Corrected FOV\00295.JPG,flame3_cv_subset
flame3_00296,-1,unknown,raw\flame3\FLAME 3 CV Dataset (Sycan Marsh)\Fire\RGB\Corrected FOV\00296.JPG,flame3_cv_subset
flame3_00297,-1,unknown,raw\flame3\FLAME 3 CV Dataset (Sycan Marsh)\Fire\RGB\Corrected FOV\00297.JPG,flame3_cv_subset
flame3_00298,-1,unknown,raw\flame3\FLAME 3 CV Dataset (Sycan Marsh)\Fire\RGB\Corrected FOV\00298.JPG,flame3_cv_subset
flame3_00299,-1,unknown,raw\flame3\FLAME 3 CV Dataset (Sycan Marsh)\Fire\RGB\Corrected FOV\00299.JPG,flame3_cv_subset
flame3_00300,-1,unknown,raw\flame3\FLAME 3 CV Dataset (Sycan Marsh)\Fire\RGB\Corrected FOV\00300.JPG,flame3_cv_subset
flame3_00301,-1,unknown,raw\flame3\FLAME 3 CV Dataset (Sycan Marsh)\Fire\RGB\Corrected FOV\00301.JPG,flame3_cv_subset
flame3_00302,-1,unknown,raw\flame3\FLAME 3 CV Dataset (Sycan Marsh)\Fire\RGB\Corrected FOV\00302.JPG,flame3_cv_subset
flame3_00303,-1,unknown,raw\flame3\FLAME 3 CV Dataset (Sycan Marsh)\Fire\RGB\Corrected FOV\00303.JPG,flame3_cv_subset
flame3_00304,-1,unknown,raw\flame3\FLAME 3 CV Dataset (Sycan Marsh)\Fire\RGB\Corrected FOV\00304.JPG,flame3_cv_subset
flame3_00305,-1,unknown,raw\flame3\FLAME 3 CV Dataset (Sycan Marsh)\Fire\RGB\Corrected FOV\00305.JPG,flame3_cv_subset
flame3_00306,-1,unknown,raw\flame3\FLAME 3 CV Dataset (Sycan Marsh)\Fire\RGB\Corrected FOV\00306.JPG,flame3_cv_subset
flame3_00307,-1,unknown,raw\flame3\FLAME 3 CV Dataset (Sycan Marsh)\Fire\RGB\Corrected FOV\00307.JPG,flame3_cv_subset
flame3_00308,-1,unknown,raw\flame3\FLAME 3 CV Dataset (Sycan Marsh)\Fire\RGB\Corrected FOV\00308.JPG,flame3_cv_subset
flame3_00309,-1,unknown,raw\flame3\FLAME 3 CV Dataset (Sycan Marsh)\Fire\RGB\Corrected FOV\00309.JPG,flame3_cv_subset
flame3_00310,-1,unknown,raw\flame3\FLAME 3 CV Dataset (Sycan Marsh)\Fire\RGB\Corrected FOV\00310.JPG,flame3_cv_subset
flame3_00311,-1,unknown,raw\flame3\FLAME 3 CV Dataset (Sycan Marsh)\Fire\RGB\Corrected FOV\00311.JPG,flame3_cv_subset
flame3_00312,-1,unknown,raw\flame3\FLAME 3 CV Dataset (Sycan Marsh)\Fire\RGB\Corrected FOV\00312.JPG,flame3_cv_subset
flame3_00313,-1,unknown,raw\flame3\FLAME 3 CV Dataset (Sycan Marsh)\Fire\RGB\Corrected FOV\00313.JPG,flame3_cv_subset
flame3_00314,-1,unknown,raw\flame3\FLAME 3 CV Dataset (Sycan Marsh)\Fire\RGB\Corrected FOV\00314.JPG,flame3_cv_subset
flame3_00315,-1,unknown,raw\flame3\FLAME 3 CV Dataset (Sycan Marsh)\Fire\RGB\Corrected FOV\00315.JPG,flame3_cv_subset
flame3_00316,-1,unknown,raw\flame3\FLAME 3 CV Dataset (Sycan Marsh)\Fire\RGB\Corrected FOV\00316.JPG,flame3_cv_subset
flame3_00317,-1,unknown,raw\flame3\FLAME 3 CV Dataset (Sycan Marsh)\Fire\RGB\Corrected FOV\00317.JPG,flame3_cv_subset
flame3_00318,-1,unknown,raw\flame3\FLAME 3 CV Dataset (Sycan Marsh)\Fire\RGB\Corrected FOV\00318.JPG,flame3_cv_subset
flame3_00319,-1,unknown,raw\flame3\FLAME 3 CV Dataset (Sycan Marsh)\Fire\RGB\Corrected FOV\00319.JPG,flame3_cv_subset
flame3_00320,-1,unknown,raw\flame3\FLAME 3 CV Dataset (Sycan Marsh)\Fire\RGB\Corrected FOV\00320.JPG,flame3_cv_subset
flame3_00321,-1,unknown,raw\flame3\FLAME 3 CV Dataset (Sycan Marsh)\Fire\RGB\Corrected FOV\00321.JPG,flame3_cv_subset
flame3_00322,-1,unknown,raw\flame3\FLAME 3 CV Dataset (Sycan Marsh)\Fire\RGB\Corrected FOV\00322.JPG,flame3_cv_subset
flame3_00323,-1,unknown,raw\flame3\FLAME 3 CV Dataset (Sycan Marsh)\Fire\RGB\Corrected FOV\00323.JPG,flame3_cv_subset
flame3_00324,-1,unknown,raw\flame3\FLAME 3 CV Dataset (Sycan Marsh)\Fire\RGB\Corrected FOV\00324.JPG,flame3_cv_subset
flame3_00325,-1,unknown,raw\flame3\FLAME 3 CV Dataset (Sycan Marsh)\Fire\RGB\Corrected FOV\00325.JPG,flame3_cv_subset
flame3_00326,-1,unknown,raw\flame3\FLAME 3 CV Dataset (Sycan Marsh)\Fire\RGB\Corrected FOV\00326.JPG,flame3_cv_subset
flame3_00327,-1,unknown,raw\flame3\FLAME 3 CV Dataset (Sycan Marsh)\Fire\RGB\Corrected FOV\00327.JPG,flame3_cv_subset
flame3_00328,-1,unknown,raw\flame3\FLAME 3 CV Dataset (Sycan Marsh)\Fire\RGB\Corrected FOV\00328.JPG,flame3_cv_subset
flame3_00329,-1,unknown,raw\flame3\FLAME 3 CV Dataset (Sycan Marsh)\Fire\RGB\Corrected FOV\00329.JPG,flame3_cv_subset
flame3_00330,-1,unknown,raw\flame3\FLAME 3 CV Dataset (Sycan Marsh)\Fire\RGB\Corrected FOV\00330.JPG,flame3_cv_subset
flame3_00331,-1,unknown,raw\flame3\FLAME 3 CV Dataset (Sycan Marsh)\Fire\RGB\Corrected FOV\00331.JPG,flame3_cv_subset
flame3_00332,-1,unknown,raw\flame3\FLAME 3 CV Dataset (Sycan Marsh)\Fire\RGB\Corrected FOV\00332.JPG,flame3_cv_subset
flame3_00333,-1,unknown,raw\flame3\FLAME 3 CV Dataset (Sycan Marsh)\Fire\RGB\Corrected FOV\00333.JPG,flame3_cv_subset
flame3_00334,-1,unknown,raw\flame3\FLAME 3 CV Dataset (Sycan Marsh)\Fire\RGB\Corrected FOV\00334.JPG,flame3_cv_subset
flame3_00335,-1,unknown,raw\flame3\FLAME 3 CV Dataset (Sycan Marsh)\Fire\RGB\Corrected FOV\00335.JPG,flame3_cv_subset
flame3_00336,-1,unknown,raw\flame3\FLAME 3 CV Dataset (Sycan Marsh)\Fire\RGB\Corrected FOV\00336.JPG,flame3_cv_subset
flame3_00337,-1,unknown,raw\flame3\FLAME 3 CV Dataset (Sycan Marsh)\Fire\RGB\Corrected FOV\00337.JPG,flame3_cv_subset
flame3_00338,-1,unknown,raw\flame3\FLAME 3 CV Dataset (Sycan Marsh)\Fire\RGB\Corrected FOV\00338.JPG,flame3_cv_subset
flame3_00339,-1,unknown,raw\flame3\FLAME 3 CV Dataset (Sycan Marsh)\Fire\RGB\Corrected FOV\00339.JPG,flame3_cv_subset
flame3_00340,-1,unknown,raw\flame3\FLAME 3 CV Dataset (Sycan Marsh)\Fire\RGB\Corrected FOV\00340.JPG,flame3_cv_subset
flame3_00341,-1,unknown,raw\flame3\FLAME 3 CV Dataset (Sycan Marsh)\Fire\RGB\Corrected FOV\00341.JPG,flame3_cv_subset
flame3_00342,-1,unknown,raw\flame3\FLAME 3 CV Dataset (Sycan Marsh)\Fire\RGB\Corrected FOV\00342.JPG,flame3_cv_subset
flame3_00343,-1,unknown,raw\flame3\FLAME 3 CV Dataset (Sycan Marsh)\Fire\RGB\Corrected FOV\00343.JPG,flame3_cv_subset
flame3_00344,-1,unknown,raw\flame3\FLAME 3 CV Dataset (Sycan Marsh)\Fire\RGB\Corrected FOV\00344.JPG,flame3_cv_subset
flame3_00345,-1,unknown,raw\flame3\FLAME 3 CV Dataset (Sycan Marsh)\Fire\RGB\Corrected FOV\00345.JPG,flame3_cv_subset
flame3_00346,-1,unknown,raw\flame3\FLAME 3 CV Dataset (Sycan Marsh)\Fire\RGB\Corrected FOV\00346.JPG,flame3_cv_subset
flame3_00347,-1,unknown,raw\flame3\FLAME 3 CV Dataset (Sycan Marsh)\Fire\RGB\Corrected FOV\00347.JPG,flame3_cv_subset
flame3_00348,-1,unknown,raw\flame3\FLAME 3 CV Dataset (Sycan Marsh)\Fire\RGB\Corrected FOV\00348.JPG,flame3_cv_subset
flame3_00349,-1,unknown,raw\flame3\FLAME 3 CV Dataset (Sycan Marsh)\Fire\RGB\Corrected FOV\00349.JPG,flame3_cv_subset
flame3_00350,-1,unknown,raw\flame3\FLAME 3 CV Dataset (Sycan Marsh)\Fire\RGB\Corrected FOV\00350.JPG,flame3_cv_subset
flame3_00351,-1,unknown,raw\flame3\FLAME 3 CV Dataset (Sycan Marsh)\Fire\RGB\Corrected FOV\00351.JPG,flame3_cv_subset
flame3_00352,-1,unknown,raw\flame3\FLAME 3 CV Dataset (Sycan Marsh)\Fire\RGB\Corrected FOV\00352.JPG,flame3_cv_subset
flame3_00353,-1,unknown,raw\flame3\FLAME 3 CV Dataset (Sycan Marsh)\Fire\RGB\Corrected FOV\00353.JPG,flame3_cv_subset
flame3_00354,-1,unknown,raw\flame3\FLAME 3 CV Dataset (Sycan Marsh)\Fire\RGB\Corrected FOV\00354.JPG,flame3_cv_subset
flame3_00355,-1,unknown,raw\flame3\FLAME 3 CV Dataset (Sycan Marsh)\Fire\RGB\Corrected FOV\00355.JPG,flame3_cv_subset
flame3_00356,-1,unknown,raw\flame3\FLAME 3 CV Dataset (Sycan Marsh)\Fire\RGB\Corrected FOV\00356.JPG,flame3_cv_subset
flame3_00357,-1,unknown,raw\flame3\FLAME 3 CV Dataset (Sycan Marsh)\Fire\RGB\Corrected FOV\00357.JPG,flame3_cv_subset
flame3_00358,-1,unknown,raw\flame3\FLAME 3 CV Dataset (Sycan Marsh)\Fire\RGB\Corrected FOV\00358.JPG,flame3_cv_subset
flame3_00359,-1,unknown,raw\flame3\FLAME 3 CV Dataset (Sycan Marsh)\Fire\RGB\Corrected FOV\00359.JPG,flame3_cv_subset
flame3_00360,-1,unknown,raw\flame3\FLAME 3 CV Dataset (Sycan Marsh)\Fire\RGB\Corrected FOV\00360.JPG,flame3_cv_subset
flame3_00361,-1,unknown,raw\flame3\FLAME 3 CV Dataset (Sycan Marsh)\Fire\RGB\Corrected FOV\00361.JPG,flame3_cv_subset
flame3_00362,-1,unknown,raw\flame3\FLAME 3 CV Dataset (Sycan Marsh)\Fire\RGB\Corrected FOV\00362.JPG,flame3_cv_subset
flame3_00363,-1,unknown,raw\flame3\FLAME 3 CV Dataset (Sycan Marsh)\Fire\RGB\Corrected FOV\00363.JPG,flame3_cv_subset
flame3_00364,-1,unknown,raw\flame3\FLAME 3 CV Dataset (Sycan Marsh)\Fire\RGB\Corrected FOV\00364.JPG,flame3_cv_subset
flame3_00365,-1,unknown,raw\flame3\FLAME 3 CV Dataset (Sycan Marsh)\Fire\RGB\Corrected FOV\00365.JPG,flame3_cv_subset
flame3_00366,-1,unknown,raw\flame3\FLAME 3 CV Dataset (Sycan Marsh)\Fire\RGB\Corrected FOV\00366.JPG,flame3_cv_subset
flame3_00367,-1,unknown,raw\flame3\FLAME 3 CV Dataset (Sycan Marsh)\Fire\RGB\Corrected FOV\00367.JPG,flame3_cv_subset
flame3_00368,-1,unknown,raw\flame3\FLAME 3 CV Dataset (Sycan Marsh)\Fire\RGB\Corrected FOV\00368.JPG,flame3_cv_subset
flame3_00369,-1,unknown,raw\flame3\FLAME 3 CV Dataset (Sycan Marsh)\Fire\RGB\Corrected FOV\00369.JPG,flame3_cv_subset
flame3_00370,-1,unknown,raw\flame3\FLAME 3 CV Dataset (Sycan Marsh)\Fire\RGB\Corrected FOV\00370.JPG,flame3_cv_subset
flame3_00371,-1,unknown,raw\flame3\FLAME 3 CV Dataset (Sycan Marsh)\Fire\RGB\Corrected FOV\00371.JPG,flame3_cv_subset
flame3_00372,-1,unknown,raw\flame3\FLAME 3 CV Dataset (Sycan Marsh)\Fire\RGB\Corrected FOV\00372.JPG,flame3_cv_subset
flame3_00373,-1,unknown,raw\flame3\FLAME 3 CV Dataset (Sycan Marsh)\Fire\RGB\Corrected FOV\00373.JPG,flame3_cv_subset
flame3_00374,-1,unknown,raw\flame3\FLAME 3 CV Dataset (Sycan Marsh)\Fire\RGB\Corrected FOV\00374.JPG,flame3_cv_subset
flame3_00375,-1,unknown,raw\flame3\FLAME 3 CV Dataset (Sycan Marsh)\Fire\RGB\Corrected FOV\00375.JPG,flame3_cv_subset
flame3_00376,-1,unknown,raw\flame3\FLAME 3 CV Dataset (Sycan Marsh)\Fire\RGB\Corrected FOV\00376.JPG,flame3_cv_subset
flame3_00377,-1,unknown,raw\flame3\FLAME 3 CV Dataset (Sycan Marsh)\Fire\RGB\Corrected FOV\00377.JPG,flame3_cv_subset
flame3_00378,-1,unknown,raw\flame3\FLAME 3 CV Dataset (Sycan Marsh)\Fire\RGB\Corrected FOV\00378.JPG,flame3_cv_subset
flame3_00379,-1,unknown,raw\flame3\FLAME 3 CV Dataset (Sycan Marsh)\Fire\RGB\Corrected FOV\00379.JPG,flame3_cv_subset
flame3_00380,-1,unknown,raw\flame3\FLAME 3 CV Dataset (Sycan Marsh)\Fire\RGB\Corrected FOV\00380.JPG,flame3_cv_subset
flame3_00381,-1,unknown,raw\flame3\FLAME 3 CV Dataset (Sycan Marsh)\Fire\RGB\Corrected FOV\00381.JPG,flame3_cv_subset
flame3_00382,-1,unknown,raw\flame3\FLAME 3 CV Dataset (Sycan Marsh)\Fire\RGB\Corrected FOV\00382.JPG,flame3_cv_subset
flame3_00383,-1,unknown,raw\flame3\FLAME 3 CV Dataset (Sycan Marsh)\Fire\RGB\Corrected FOV\00383.JPG,flame3_cv_subset
flame3_00384,-1,unknown,raw\flame3\FLAME 3 CV Dataset (Sycan Marsh)\Fire\RGB\Corrected FOV\00384.JPG,flame3_cv_subset
flame3_00385,-1,unknown,raw\flame3\FLAME 3 CV Dataset (Sycan Marsh)\Fire\RGB\Corrected FOV\00385.JPG,flame3_cv_subset
flame3_00386,-1,unknown,raw\flame3\FLAME 3 CV Dataset (Sycan Marsh)\Fire\RGB\Corrected FOV\00386.JPG,flame3_cv_subset
flame3_00387,-1,unknown,raw\flame3\FLAME 3 CV Dataset (Sycan Marsh)\Fire\RGB\Corrected FOV\00387.JPG,flame3_cv_subset
flame3_00388,-1,unknown,raw\flame3\FLAME 3 CV Dataset (Sycan Marsh)\Fire\RGB\Corrected FOV\00388.JPG,flame3_cv_subset
flame3_00389,-1,unknown,raw\flame3\FLAME 3 CV Dataset (Sycan Marsh)\Fire\RGB\Corrected FOV\00389.JPG,flame3_cv_subset
flame3_00390,-1,unknown,raw\flame3\FLAME 3 CV Dataset (Sycan Marsh)\Fire\RGB\Corrected FOV\00390.JPG,flame3_cv_subset
flame3_00391,-1,unknown,raw\flame3\FLAME 3 CV Dataset (Sycan Marsh)\Fire\RGB\Corrected FOV\00391.JPG,flame3_cv_subset
flame3_00392,-1,unknown,raw\flame3\FLAME 3 CV Dataset (Sycan Marsh)\Fire\RGB\Corrected FOV\00392.JPG,flame3_cv_subset
flame3_00393,-1,unknown,raw\flame3\FLAME 3 CV Dataset (Sycan Marsh)\Fire\RGB\Corrected FOV\00393.JPG,flame3_cv_subset
flame3_00394,-1,unknown,raw\flame3\FLAME 3 CV Dataset (Sycan Marsh)\Fire\RGB\Corrected FOV\00394.JPG,flame3_cv_subset
flame3_00395,-1,unknown,raw\flame3\FLAME 3 CV Dataset (Sycan Marsh)\Fire\RGB\Corrected FOV\00395.JPG,flame3_cv_subset
flame3_00396,-1,unknown,raw\flame3\FLAME 3 CV Dataset (Sycan Marsh)\Fire\RGB\Corrected FOV\00396.JPG,flame3_cv_subset
flame3_00397,-1,unknown,raw\flame3\FLAME 3 CV Dataset (Sycan Marsh)\Fire\RGB\Corrected FOV\00397.JPG,flame3_cv_subset
flame3_00398,-1,unknown,raw\flame3\FLAME 3 CV Dataset (Sycan Marsh)\Fire\RGB\Corrected FOV\00398.JPG,flame3_cv_subset
flame3_00399,-1,unknown,raw\flame3\FLAME 3 CV Dataset (Sycan Marsh)\Fire\RGB\Corrected FOV\00399.JPG,flame3_cv_subset
flame3_00400,-1,unknown,raw\flame3\FLAME 3 CV Dataset (Sycan Marsh)\Fire\RGB\Corrected FOV\00400.JPG,flame3_cv_subset
flame3_00401,-1,unknown,raw\flame3\FLAME 3 CV Dataset (Sycan Marsh)\Fire\RGB\Corrected FOV\00401.JPG,flame3_cv_subset
flame3_00402,-1,unknown,raw\flame3\FLAME 3 CV Dataset (Sycan Marsh)\Fire\RGB\Corrected FOV\00402.JPG,flame3_cv_subset
flame3_00403,-1,unknown,raw\flame3\FLAME 3 CV Dataset (Sycan Marsh)\Fire\RGB\Corrected FOV\00403.JPG,flame3_cv_subset
flame3_00404,-1,unknown,raw\flame3\FLAME 3 CV Dataset (Sycan Marsh)\Fire\RGB\Corrected FOV\00404.JPG,flame3_cv_subset
flame3_00405,-1,unknown,raw\flame3\FLAME 3 CV Dataset (Sycan Marsh)\Fire\RGB\Corrected FOV\00405.JPG,flame3_cv_subset
flame3_00406,-1,unknown,raw\flame3\FLAME 3 CV Dataset (Sycan Marsh)\Fire\RGB\Corrected FOV\00406.JPG,flame3_cv_subset
flame3_00407,-1,unknown,raw\flame3\FLAME 3 CV Dataset (Sycan Marsh)\Fire\RGB\Corrected FOV\00407.JPG,flame3_cv_subset
flame3_00408,-1,unknown,raw\flame3\FLAME 3 CV Dataset (Sycan Marsh)\Fire\RGB\Corrected FOV\00408.JPG,flame3_cv_subset
flame3_00409,-1,unknown,raw\flame3\FLAME 3 CV Dataset (Sycan Marsh)\Fire\RGB\Corrected FOV\00409.JPG,flame3_cv_subset
flame3_00410,-1,unknown,raw\flame3\FLAME 3 CV Dataset (Sycan Marsh)\Fire\RGB\Corrected FOV\00410.JPG,flame3_cv_subset
flame3_00411,-1,unknown,raw\flame3\FLAME 3 CV Dataset (Sycan Marsh)\Fire\RGB\Corrected FOV\00411.JPG,flame3_cv_subset
flame3_00412,-1,unknown,raw\flame3\FLAME 3 CV Dataset (Sycan Marsh)\Fire\RGB\Corrected FOV\00412.JPG,flame3_cv_subset
flame3_00413,-1,unknown,raw\flame3\FLAME 3 CV Dataset (Sycan Marsh)\Fire\RGB\Corrected FOV\00413.JPG,flame3_cv_subset
flame3_00414,-1,unknown,raw\flame3\FLAME 3 CV Dataset (Sycan Marsh)\Fire\RGB\Corrected FOV\00414.JPG,flame3_cv_subset
flame3_00415,-1,unknown,raw\flame3\FLAME 3 CV Dataset (Sycan Marsh)\Fire\RGB\Corrected FOV\00415.JPG,flame3_cv_subset
flame3_00416,-1,unknown,raw\flame3\FLAME 3 CV Dataset (Sycan Marsh)\Fire\RGB\Corrected FOV\00416.JPG,flame3_cv_subset
flame3_00417,-1,unknown,raw\flame3\FLAME 3 CV Dataset (Sycan Marsh)\Fire\RGB\Corrected FOV\00417.JPG,flame3_cv_subset
flame3_00418,-1,unknown,raw\flame3\FLAME 3 CV Dataset (Sycan Marsh)\Fire\RGB\Corrected FOV\00418.JPG,flame3_cv_subset
flame3_00419,-1,unknown,raw\flame3\FLAME 3 CV Dataset (Sycan Marsh)\Fire\RGB\Corrected FOV\00419.JPG,flame3_cv_subset
flame3_00420,-1,unknown,raw\flame3\FLAME 3 CV Dataset (Sycan Marsh)\Fire\RGB\Corrected FOV\00420.JPG,flame3_cv_subset
flame3_00421,-1,unknown,raw\flame3\FLAME 3 CV Dataset (Sycan Marsh)\Fire\RGB\Corrected FOV\00421.JPG,flame3_cv_subset
flame3_00422,-1,unknown,raw\flame3\FLAME 3 CV Dataset (Sycan Marsh)\Fire\RGB\Corrected FOV\00422.JPG,flame3_cv_subset
flame3_00423,-1,unknown,raw\flame3\FLAME 3 CV Dataset (Sycan Marsh)\Fire\RGB\Corrected FOV\00423.JPG,flame3_cv_subset
flame3_00424,-1,unknown,raw\flame3\FLAME 3 CV Dataset (Sycan Marsh)\Fire\RGB\Corrected FOV\00424.JPG,flame3_cv_subset
flame3_00425,-1,unknown,raw\flame3\FLAME 3 CV Dataset (Sycan Marsh)\Fire\RGB\Corrected FOV\00425.JPG,flame3_cv_subset
flame3_00426,-1,unknown,raw\flame3\FLAME 3 CV Dataset (Sycan Marsh)\Fire\RGB\Corrected FOV\00426.JPG,flame3_cv_subset
flame3_00427,-1,unknown,raw\flame3\FLAME 3 CV Dataset (Sycan Marsh)\Fire\RGB\Corrected FOV\00427.JPG,flame3_cv_subset
flame3_00428,-1,unknown,raw\flame3\FLAME 3 CV Dataset (Sycan Marsh)\Fire\RGB\Corrected FOV\00428.JPG,flame3_cv_subset
flame3_00429,-1,unknown,raw\flame3\FLAME 3 CV Dataset (Sycan Marsh)\Fire\RGB\Corrected FOV\00429.JPG,flame3_cv_subset
flame3_00430,-1,unknown,raw\flame3\FLAME 3 CV Dataset (Sycan Marsh)\Fire\RGB\Corrected FOV\00430.JPG,flame3_cv_subset
flame3_00431,-1,unknown,raw\flame3\FLAME 3 CV Dataset (Sycan Marsh)\Fire\RGB\Corrected FOV\00431.JPG,flame3_cv_subset
flame3_00432,-1,unknown,raw\flame3\FLAME 3 CV Dataset (Sycan Marsh)\Fire\RGB\Corrected FOV\00432.JPG,flame3_cv_subset
flame3_00433,-1,unknown,raw\flame3\FLAME 3 CV Dataset (Sycan Marsh)\Fire\RGB\Corrected FOV\00433.JPG,flame3_cv_subset
flame3_00434,-1,unknown,raw\flame3\FLAME 3 CV Dataset (Sycan Marsh)\Fire\RGB\Corrected FOV\00434.JPG,flame3_cv_subset
flame3_00435,-1,unknown,raw\flame3\FLAME 3 CV Dataset (Sycan Marsh)\Fire\RGB\Corrected FOV\00435.JPG,flame3_cv_subset
flame3_00436,-1,unknown,raw\flame3\FLAME 3 CV Dataset (Sycan Marsh)\Fire\RGB\Corrected FOV\00436.JPG,flame3_cv_subset
flame3_00437,-1,unknown,raw\flame3\FLAME 3 CV Dataset (Sycan Marsh)\Fire\RGB\Corrected FOV\00437.JPG,flame3_cv_subset
flame3_00438,-1,unknown,raw\flame3\FLAME 3 CV Dataset (Sycan Marsh)\Fire\RGB\Corrected FOV\00438.JPG,flame3_cv_subset
flame3_00439,-1,unknown,raw\flame3\FLAME 3 CV Dataset (Sycan Marsh)\Fire\RGB\Corrected FOV\00439.JPG,flame3_cv_subset
flame3_00440,-1,unknown,raw\flame3\FLAME 3 CV Dataset (Sycan Marsh)\Fire\RGB\Corrected FOV\00440.JPG,flame3_cv_subset
flame3_00441,-1,unknown,raw\flame3\FLAME 3 CV Dataset (Sycan Marsh)\Fire\RGB\Corrected FOV\00441.JPG,flame3_cv_subset
flame3_00442,-1,unknown,raw\flame3\FLAME 3 CV Dataset (Sycan Marsh)\Fire\RGB\Corrected FOV\00442.JPG,flame3_cv_subset
flame3_00443,-1,unknown,raw\flame3\FLAME 3 CV Dataset (Sycan Marsh)\Fire\RGB\Corrected FOV\00443.JPG,flame3_cv_subset
flame3_00444,-1,unknown,raw\flame3\FLAME 3 CV Dataset (Sycan Marsh)\Fire\RGB\Corrected FOV\00444.JPG,flame3_cv_subset
flame3_00445,-1,unknown,raw\flame3\FLAME 3 CV Dataset (Sycan Marsh)\Fire\RGB\Corrected FOV\00445.JPG,flame3_cv_subset
flame3_00446,-1,unknown,raw\flame3\FLAME 3 CV Dataset (Sycan Marsh)\Fire\RGB\Corrected FOV\00446.JPG,flame3_cv_subset
flame3_00447,-1,unknown,raw\flame3\FLAME 3 CV Dataset (Sycan Marsh)\Fire\RGB\Corrected FOV\00447.JPG,flame3_cv_subset
flame3_00448,-1,unknown,raw\flame3\FLAME 3 CV Dataset (Sycan Marsh)\Fire\RGB\Corrected FOV\00448.JPG,flame3_cv_subset
flame3_00449,-1,unknown,raw\flame3\FLAME 3 CV Dataset (Sycan Marsh)\Fire\RGB\Corrected FOV\00449.JPG,flame3_cv_subset
flame3_00450,-1,unknown,raw\flame3\FLAME 3 CV Dataset (Sycan Marsh)\Fire\RGB\Corrected FOV\00450.JPG,flame3_cv_subset
flame3_00451,-1,unknown,raw\flame3\FLAME 3 CV Dataset (Sycan Marsh)\Fire\RGB\Corrected FOV\00451.JPG,flame3_cv_subset
flame3_00452,-1,unknown,raw\flame3\FLAME 3 CV Dataset (Sycan Marsh)\Fire\RGB\Corrected FOV\00452.JPG,flame3_cv_subset
flame3_00453,-1,unknown,raw\flame3\FLAME 3 CV Dataset (Sycan Marsh)\Fire\RGB\Corrected FOV\00453.JPG,flame3_cv_subset
flame3_00454,-1,unknown,raw\flame3\FLAME 3 CV Dataset (Sycan Marsh)\Fire\RGB\Corrected FOV\00454.JPG,flame3_cv_subset
flame3_00455,-1,unknown,raw\flame3\FLAME 3 CV Dataset (Sycan Marsh)\Fire\RGB\Corrected FOV\00455.JPG,flame3_cv_subset
flame3_00456,-1,unknown,raw\flame3\FLAME 3 CV Dataset (Sycan Marsh)\Fire\RGB\Corrected FOV\00456.JPG,flame3_cv_subset
flame3_00457,-1,unknown,raw\flame3\FLAME 3 CV Dataset (Sycan Marsh)\Fire\RGB\Corrected FOV\00457.JPG,flame3_cv_subset
flame3_00458,-1,unknown,raw\flame3\FLAME 3 CV Dataset (Sycan Marsh)\Fire\RGB\Corrected FOV\00458.JPG,flame3_cv_subset
flame3_00459,-1,unknown,raw\flame3\FLAME 3 CV Dataset (Sycan Marsh)\Fire\RGB\Corrected FOV\00459.JPG,flame3_cv_subset
flame3_00460,-1,unknown,raw\flame3\FLAME 3 CV Dataset (Sycan Marsh)\Fire\RGB\Corrected FOV\00460.JPG,flame3_cv_subset
flame3_00461,-1,unknown,raw\flame3\FLAME 3 CV Dataset (Sycan Marsh)\Fire\RGB\Corrected FOV\00461.JPG,flame3_cv_subset
flame3_00462,-1,unknown,raw\flame3\FLAME 3 CV Dataset (Sycan Marsh)\Fire\RGB\Corrected FOV\00462.JPG,flame3_cv_subset
flame3_00463,-1,unknown,raw\flame3\FLAME 3 CV Dataset (Sycan Marsh)\Fire\RGB\Corrected FOV\00463.JPG,flame3_cv_subset
flame3_00464,-1,unknown,raw\flame3\FLAME 3 CV Dataset (Sycan Marsh)\Fire\RGB\Corrected FOV\00464.JPG,flame3_cv_subset
flame3_00465,-1,unknown,raw\flame3\FLAME 3 CV Dataset (Sycan Marsh)\Fire\RGB\Corrected FOV\00465.JPG,flame3_cv_subset
flame3_00466,-1,unknown,raw\flame3\FLAME 3 CV Dataset (Sycan Marsh)\Fire\RGB\Corrected FOV\00466.JPG,flame3_cv_subset
flame3_00467,-1,unknown,raw\flame3\FLAME 3 CV Dataset (Sycan Marsh)\Fire\RGB\Corrected FOV\00467.JPG,flame3_cv_subset
flame3_00468,-1,unknown,raw\flame3\FLAME 3 CV Dataset (Sycan Marsh)\Fire\RGB\Corrected FOV\00468.JPG,flame3_cv_subset
flame3_00469,-1,unknown,raw\flame3\FLAME 3 CV Dataset (Sycan Marsh)\Fire\RGB\Corrected FOV\00469.JPG,flame3_cv_subset
flame3_00470,-1,unknown,raw\flame3\FLAME 3 CV Dataset (Sycan Marsh)\Fire\RGB\Corrected FOV\00470.JPG,flame3_cv_subset
flame3_00471,-1,unknown,raw\flame3\FLAME 3 CV Dataset (Sycan Marsh)\Fire\RGB\Corrected FOV\00471.JPG,flame3_cv_subset
flame3_00472,-1,unknown,raw\flame3\FLAME 3 CV Dataset (Sycan Marsh)\Fire\RGB\Corrected FOV\00472.JPG,flame3_cv_subset
flame3_00473,-1,unknown,raw\flame3\FLAME 3 CV Dataset (Sycan Marsh)\Fire\RGB\Corrected FOV\00473.JPG,flame3_cv_subset
flame3_00474,-1,unknown,raw\flame3\FLAME 3 CV Dataset (Sycan Marsh)\Fire\RGB\Corrected FOV\00474.JPG,flame3_cv_subset
flame3_00475,-1,unknown,raw\flame3\FLAME 3 CV Dataset (Sycan Marsh)\Fire\RGB\Corrected FOV\00475.JPG,flame3_cv_subset
flame3_00476,-1,unknown,raw\flame3\FLAME 3 CV Dataset (Sycan Marsh)\Fire\RGB\Corrected FOV\00476.JPG,flame3_cv_subset
flame3_00477,-1,unknown,raw\flame3\FLAME 3 CV Dataset (Sycan Marsh)\Fire\RGB\Corrected FOV\00477.JPG,flame3_cv_subset
flame3_00478,-1,unknown,raw\flame3\FLAME 3 CV Dataset (Sycan Marsh)\Fire\RGB\Corrected FOV\00478.JPG,flame3_cv_subset
flame3_00479,-1,unknown,raw\flame3\FLAME 3 CV Dataset (Sycan Marsh)\Fire\RGB\Corrected FOV\00479.JPG,flame3_cv_subset
flame3_00480,-1,unknown,raw\flame3\FLAME 3 CV Dataset (Sycan Marsh)\Fire\RGB\Corrected FOV\00480.JPG,flame3_cv_subset
flame3_00481,-1,unknown,raw\flame3\FLAME 3 CV Dataset (Sycan Marsh)\Fire\RGB\Corrected FOV\00481.JPG,flame3_cv_subset
flame3_00482,-1,unknown,raw\flame3\FLAME 3 CV Dataset (Sycan Marsh)\Fire\RGB\Corrected FOV\00482.JPG,flame3_cv_subset
flame3_00483,-1,unknown,raw\flame3\FLAME 3 CV Dataset (Sycan Marsh)\Fire\RGB\Corrected FOV\00483.JPG,flame3_cv_subset
flame3_00484,-1,unknown,raw\flame3\FLAME 3 CV Dataset (Sycan Marsh)\Fire\RGB\Corrected FOV\00484.JPG,flame3_cv_subset
flame3_00485,-1,unknown,raw\flame3\FLAME 3 CV Dataset (Sycan Marsh)\Fire\RGB\Corrected FOV\00485.JPG,flame3_cv_subset
flame3_00486,-1,unknown,raw\flame3\FLAME 3 CV Dataset (Sycan Marsh)\Fire\RGB\Corrected FOV\00486.JPG,flame3_cv_subset
flame3_00487,-1,unknown,raw\flame3\FLAME 3 CV Dataset (Sycan Marsh)\Fire\RGB\Corrected FOV\00487.JPG,flame3_cv_subset
flame3_00488,-1,unknown,raw\flame3\FLAME 3 CV Dataset (Sycan Marsh)\Fire\RGB\Corrected FOV\00488.JPG,flame3_cv_subset
flame3_00489,-1,unknown,raw\flame3\FLAME 3 CV Dataset (Sycan Marsh)\Fire\RGB\Corrected FOV\00489.JPG,flame3_cv_subset
flame3_00490,-1,unknown,raw\flame3\FLAME 3 CV Dataset (Sycan Marsh)\Fire\RGB\Corrected FOV\00490.JPG,flame3_cv_subset
flame3_00491,-1,unknown,raw\flame3\FLAME 3 CV Dataset (Sycan Marsh)\Fire\RGB\Corrected FOV\00491.JPG,flame3_cv_subset
flame3_00492,-1,unknown,raw\flame3\FLAME 3 CV Dataset (Sycan Marsh)\Fire\RGB\Corrected FOV\00492.JPG,flame3_cv_subset
flame3_00493,-1,unknown,raw\flame3\FLAME 3 CV Dataset (Sycan Marsh)\Fire\RGB\Corrected FOV\00493.JPG,flame3_cv_subset
flame3_00494,-1,unknown,raw\flame3\FLAME 3 CV Dataset (Sycan Marsh)\Fire\RGB\Corrected FOV\00494.JPG,flame3_cv_subset
flame3_00495,-1,unknown,raw\flame3\FLAME 3 CV Dataset (Sycan Marsh)\Fire\RGB\Corrected FOV\00495.JPG,flame3_cv_subset
flame3_00496,-1,unknown,raw\flame3\FLAME 3 CV Dataset (Sycan Marsh)\Fire\RGB\Corrected FOV\00496.JPG,flame3_cv_subset
flame3_00497,-1,unknown,raw\flame3\FLAME 3 CV Dataset (Sycan Marsh)\Fire\RGB\Corrected FOV\00497.JPG,flame3_cv_subset
flame3_00498,-1,unknown,raw\flame3\FLAME 3 CV Dataset (Sycan Marsh)\Fire\RGB\Corrected FOV\00498.JPG,flame3_cv_subset
flame3_00499,-1,unknown,raw\flame3\FLAME 3 CV Dataset (Sycan Marsh)\Fire\RGB\Corrected FOV\00499.JPG,flame3_cv_subset
flame3_00500,-1,unknown,raw\flame3\FLAME 3 CV Dataset (Sycan Marsh)\Fire\RGB\Corrected FOV\00500.JPG,flame3_cv_subset
flame3_00501,-1,unknown,raw\flame3\FLAME 3 CV Dataset (Sycan Marsh)\Fire\RGB\Corrected FOV\00501.JPG,flame3_cv_subset
flame3_00502,-1,unknown,raw\flame3\FLAME 3 CV Dataset (Sycan Marsh)\Fire\RGB\Corrected FOV\00502.JPG,flame3_cv_subset
flame3_00503,-1,unknown,raw\flame3\FLAME 3 CV Dataset (Sycan Marsh)\Fire\RGB\Corrected FOV\00503.JPG,flame3_cv_subset
flame3_00504,-1,unknown,raw\flame3\FLAME 3 CV Dataset (Sycan Marsh)\Fire\RGB\Corrected FOV\00504.JPG,flame3_cv_subset
flame3_00505,-1,unknown,raw\flame3\FLAME 3 CV Dataset (Sycan Marsh)\Fire\RGB\Corrected FOV\00505.JPG,flame3_cv_subset
flame3_00506,-1,unknown,raw\flame3\FLAME 3 CV Dataset (Sycan Marsh)\Fire\RGB\Corrected FOV\00506.JPG,flame3_cv_subset
flame3_00507,-1,unknown,raw\flame3\FLAME 3 CV Dataset (Sycan Marsh)\Fire\RGB\Corrected FOV\00507.JPG,flame3_cv_subset
flame3_00508,-1,unknown,raw\flame3\FLAME 3 CV Dataset (Sycan Marsh)\Fire\RGB\Corrected FOV\00508.JPG,flame3_cv_subset
flame3_00509,-1,unknown,raw\flame3\FLAME 3 CV Dataset (Sycan Marsh)\Fire\RGB\Corrected FOV\00509.JPG,flame3_cv_subset
flame3_00510,-1,unknown,raw\flame3\FLAME 3 CV Dataset (Sycan Marsh)\Fire\RGB\Corrected FOV\00510.JPG,flame3_cv_subset
flame3_00511,-1,unknown,raw\flame3\FLAME 3 CV Dataset (Sycan Marsh)\Fire\RGB\Corrected FOV\00511.JPG,flame3_cv_subset
flame3_00512,-1,unknown,raw\flame3\FLAME 3 CV Dataset (Sycan Marsh)\Fire\RGB\Corrected FOV\00512.JPG,flame3_cv_subset
flame3_00513,-1,unknown,raw\flame3\FLAME 3 CV Dataset (Sycan Marsh)\Fire\RGB\Corrected FOV\00513.JPG,flame3_cv_subset
flame3_00514,-1,unknown,raw\flame3\FLAME 3 CV Dataset (Sycan Marsh)\Fire\RGB\Corrected FOV\00514.JPG,flame3_cv_subset
flame3_00515,-1,unknown,raw\flame3\FLAME 3 CV Dataset (Sycan Marsh)\Fire\RGB\Corrected FOV\00515.JPG,flame3_cv_subset
flame3_00516,-1,unknown,raw\flame3\FLAME 3 CV Dataset (Sycan Marsh)\Fire\RGB\Corrected FOV\00516.JPG,flame3_cv_subset
flame3_00517,-1,unknown,raw\flame3\FLAME 3 CV Dataset (Sycan Marsh)\Fire\RGB\Corrected FOV\00517.JPG,flame3_cv_subset
flame3_00518,-1,unknown,raw\flame3\FLAME 3 CV Dataset (Sycan Marsh)\Fire\RGB\Corrected FOV\00518.JPG,flame3_cv_subset
flame3_00519,-1,unknown,raw\flame3\FLAME 3 CV Dataset (Sycan Marsh)\Fire\RGB\Corrected FOV\00519.JPG,flame3_cv_subset
flame3_00520,-1,unknown,raw\flame3\FLAME 3 CV Dataset (Sycan Marsh)\Fire\RGB\Corrected FOV\00520.JPG,flame3_cv_subset
flame3_00521,-1,unknown,raw\flame3\FLAME 3 CV Dataset (Sycan Marsh)\Fire\RGB\Corrected FOV\00521.JPG,flame3_cv_subset
flame3_00522,-1,unknown,raw\flame3\FLAME 3 CV Dataset (Sycan Marsh)\Fire\RGB\Corrected FOV\00522.JPG,flame3_cv_subset
flame3_00523,-1,unknown,raw\flame3\FLAME 3 CV Dataset (Sycan Marsh)\Fire\RGB\Corrected FOV\00523.JPG,flame3_cv_subset
flame3_00524,-1,unknown,raw\flame3\FLAME 3 CV Dataset (Sycan Marsh)\Fire\RGB\Corrected FOV\00524.JPG,flame3_cv_subset
flame3_00525,-1,unknown,raw\flame3\FLAME 3 CV Dataset (Sycan Marsh)\Fire\RGB\Corrected FOV\00525.JPG,flame3_cv_subset
flame3_00526,-1,unknown,raw\flame3\FLAME 3 CV Dataset (Sycan Marsh)\Fire\RGB\Corrected FOV\00526.JPG,flame3_cv_subset
flame3_00527,-1,unknown,raw\flame3\FLAME 3 CV Dataset (Sycan Marsh)\Fire\RGB\Corrected FOV\00527.JPG,flame3_cv_subset
flame3_00528,-1,unknown,raw\flame3\FLAME 3 CV Dataset (Sycan Marsh)\Fire\RGB\Corrected FOV\00528.JPG,flame3_cv_subset
flame3_00529,-1,unknown,raw\flame3\FLAME 3 CV Dataset (Sycan Marsh)\Fire\RGB\Corrected FOV\00529.JPG,flame3_cv_subset
flame3_00530,-1,unknown,raw\flame3\FLAME 3 CV Dataset (Sycan Marsh)\Fire\RGB\Corrected FOV\00530.JPG,flame3_cv_subset
flame3_00531,-1,unknown,raw\flame3\FLAME 3 CV Dataset (Sycan Marsh)\Fire\RGB\Corrected FOV\00531.JPG,flame3_cv_subset
flame3_00532,-1,unknown,raw\flame3\FLAME 3 CV Dataset (Sycan Marsh)\Fire\RGB\Corrected FOV\00532.JPG,flame3_cv_subset
flame3_00533,-1,unknown,raw\flame3\FLAME 3 CV Dataset (Sycan Marsh)\Fire\RGB\Corrected FOV\00533.JPG,flame3_cv_subset
flame3_00534,-1,unknown,raw\flame3\FLAME 3 CV Dataset (Sycan Marsh)\Fire\RGB\Corrected FOV\00534.JPG,flame3_cv_subset
flame3_00535,-1,unknown,raw\flame3\FLAME 3 CV Dataset (Sycan Marsh)\Fire\RGB\Corrected FOV\00535.JPG,flame3_cv_subset
flame3_00536,-1,unknown,raw\flame3\FLAME 3 CV Dataset (Sycan Marsh)\Fire\RGB\Corrected FOV\00536.JPG,flame3_cv_subset
flame3_00537,-1,unknown,raw\flame3\FLAME 3 CV Dataset (Sycan Marsh)\Fire\RGB\Corrected FOV\00537.JPG,flame3_cv_subset
flame3_00538,-1,unknown,raw\flame3\FLAME 3 CV Dataset (Sycan Marsh)\Fire\RGB\Corrected FOV\00538.JPG,flame3_cv_subset
flame3_00539,-1,unknown,raw\flame3\FLAME 3 CV Dataset (Sycan Marsh)\Fire\RGB\Corrected FOV\00539.JPG,flame3_cv_subset
flame3_00540,-1,unknown,raw\flame3\FLAME 3 CV Dataset (Sycan Marsh)\Fire\RGB\Corrected FOV\00540.JPG,flame3_cv_subset
flame3_00541,-1,unknown,raw\flame3\FLAME 3 CV Dataset (Sycan Marsh)\Fire\RGB\Corrected FOV\00541.JPG,flame3_cv_subset
flame3_00542,-1,unknown,raw\flame3\FLAME 3 CV Dataset (Sycan Marsh)\Fire\RGB\Corrected FOV\00542.JPG,flame3_cv_subset
flame3_00543,-1,unknown,raw\flame3\FLAME 3 CV Dataset (Sycan Marsh)\Fire\RGB\Corrected FOV\00543.JPG,flame3_cv_subset
flame3_00544,-1,unknown,raw\flame3\FLAME 3 CV Dataset (Sycan Marsh)\Fire\RGB\Corrected FOV\00544.JPG,flame3_cv_subset
flame3_00545,-1,unknown,raw\flame3\FLAME 3 CV Dataset (Sycan Marsh)\Fire\RGB\Corrected FOV\00545.JPG,flame3_cv_subset
flame3_00546,-1,unknown,raw\flame3\FLAME 3 CV Dataset (Sycan Marsh)\Fire\RGB\Corrected FOV\00546.JPG,flame3_cv_subset
flame3_00547,-1,unknown,raw\flame3\FLAME 3 CV Dataset (Sycan Marsh)\Fire\RGB\Corrected FOV\00547.JPG,flame3_cv_subset
flame3_00548,-1,unknown,raw\flame3\FLAME 3 CV Dataset (Sycan Marsh)\Fire\RGB\Corrected FOV\00548.JPG,flame3_cv_subset
flame3_00549,-1,unknown,raw\flame3\FLAME 3 CV Dataset (Sycan Marsh)\Fire\RGB\Corrected FOV\00549.JPG,flame3_cv_subset
flame3_00550,-1,unknown,raw\flame3\FLAME 3 CV Dataset (Sycan Marsh)\Fire\RGB\Corrected FOV\00550.JPG,flame3_cv_subset
flame3_00551,-1,unknown,raw\flame3\FLAME 3 CV Dataset (Sycan Marsh)\Fire\RGB\Corrected FOV\00551.JPG,flame3_cv_subset
flame3_00552,-1,unknown,raw\flame3\FLAME 3 CV Dataset (Sycan Marsh)\Fire\RGB\Corrected FOV\00552.JPG,flame3_cv_subset
flame3_00553,-1,unknown,raw\flame3\FLAME 3 CV Dataset (Sycan Marsh)\Fire\RGB\Corrected FOV\00553.JPG,flame3_cv_subset
flame3_00554,-1,unknown,raw\flame3\FLAME 3 CV Dataset (Sycan Marsh)\Fire\RGB\Corrected FOV\00554.JPG,flame3_cv_subset
flame3_00555,-1,unknown,raw\flame3\FLAME 3 CV Dataset (Sycan Marsh)\Fire\RGB\Corrected FOV\00555.JPG,flame3_cv_subset
flame3_00556,-1,unknown,raw\flame3\FLAME 3 CV Dataset (Sycan Marsh)\Fire\RGB\Corrected FOV\00556.JPG,flame3_cv_subset
flame3_00557,-1,unknown,raw\flame3\FLAME 3 CV Dataset (Sycan Marsh)\Fire\RGB\Corrected FOV\00557.JPG,flame3_cv_subset
flame3_00558,-1,unknown,raw\flame3\FLAME 3 CV Dataset (Sycan Marsh)\Fire\RGB\Corrected FOV\00558.JPG,flame3_cv_subset
flame3_00559,-1,unknown,raw\flame3\FLAME 3 CV Dataset (Sycan Marsh)\Fire\RGB\Corrected FOV\00559.JPG,flame3_cv_subset
flame3_00560,-1,unknown,raw\flame3\FLAME 3 CV Dataset (Sycan Marsh)\Fire\RGB\Corrected FOV\00560.JPG,flame3_cv_subset
flame3_00561,-1,unknown,raw\flame3\FLAME 3 CV Dataset (Sycan Marsh)\Fire\RGB\Corrected FOV\00561.JPG,flame3_cv_subset
flame3_00562,-1,unknown,raw\flame3\FLAME 3 CV Dataset (Sycan Marsh)\Fire\RGB\Corrected FOV\00562.JPG,flame3_cv_subset
flame3_00563,-1,unknown,raw\flame3\FLAME 3 CV Dataset (Sycan Marsh)\Fire\RGB\Corrected FOV\00563.JPG,flame3_cv_subset
flame3_00564,-1,unknown,raw\flame3\FLAME 3 CV Dataset (Sycan Marsh)\Fire\RGB\Corrected FOV\00564.JPG,flame3_cv_subset
flame3_00565,-1,unknown,raw\flame3\FLAME 3 CV Dataset (Sycan Marsh)\Fire\RGB\Corrected FOV\00565.JPG,flame3_cv_subset
flame3_00566,-1,unknown,raw\flame3\FLAME 3 CV Dataset (Sycan Marsh)\Fire\RGB\Corrected FOV\00566.JPG,flame3_cv_subset
flame3_00567,-1,unknown,raw\flame3\FLAME 3 CV Dataset (Sycan Marsh)\Fire\RGB\Corrected FOV\00567.JPG,flame3_cv_subset
flame3_00568,-1,unknown,raw\flame3\FLAME 3 CV Dataset (Sycan Marsh)\Fire\RGB\Corrected FOV\00568.JPG,flame3_cv_subset
flame3_00569,-1,unknown,raw\flame3\FLAME 3 CV Dataset (Sycan Marsh)\Fire\RGB\Corrected FOV\00569.JPG,flame3_cv_subset
flame3_00570,-1,unknown,raw\flame3\FLAME 3 CV Dataset (Sycan Marsh)\Fire\RGB\Corrected FOV\00570.JPG,flame3_cv_subset
flame3_00571,-1,unknown,raw\flame3\FLAME 3 CV Dataset (Sycan Marsh)\Fire\RGB\Corrected FOV\00571.JPG,flame3_cv_subset
flame3_00572,-1,unknown,raw\flame3\FLAME 3 CV Dataset (Sycan Marsh)\Fire\RGB\Corrected FOV\00572.JPG,flame3_cv_subset
flame3_00573,-1,unknown,raw\flame3\FLAME 3 CV Dataset (Sycan Marsh)\Fire\RGB\Corrected FOV\00573.JPG,flame3_cv_subset
flame3_00574,-1,unknown,raw\flame3\FLAME 3 CV Dataset (Sycan Marsh)\Fire\RGB\Corrected FOV\00574.JPG,flame3_cv_subset
flame3_00575,-1,unknown,raw\flame3\FLAME 3 CV Dataset (Sycan Marsh)\Fire\RGB\Corrected FOV\00575.JPG,flame3_cv_subset
flame3_00576,-1,unknown,raw\flame3\FLAME 3 CV Dataset (Sycan Marsh)\Fire\RGB\Corrected FOV\00576.JPG,flame3_cv_subset
flame3_00577,-1,unknown,raw\flame3\FLAME 3 CV Dataset (Sycan Marsh)\Fire\RGB\Corrected FOV\00577.JPG,flame3_cv_subset
flame3_00578,-1,unknown,raw\flame3\FLAME 3 CV Dataset (Sycan Marsh)\Fire\RGB\Corrected FOV\00578.JPG,flame3_cv_subset
flame3_00579,-1,unknown,raw\flame3\FLAME 3 CV Dataset (Sycan Marsh)\Fire\RGB\Corrected FOV\00579.JPG,flame3_cv_subset
flame3_00580,-1,unknown,raw\flame3\FLAME 3 CV Dataset (Sycan Marsh)\Fire\RGB\Corrected FOV\00580.JPG,flame3_cv_subset
flame3_00581,-1,unknown,raw\flame3\FLAME 3 CV Dataset (Sycan Marsh)\Fire\RGB\Corrected FOV\00581.JPG,flame3_cv_subset
flame3_00582,-1,unknown,raw\flame3\FLAME 3 CV Dataset (Sycan Marsh)\Fire\RGB\Corrected FOV\00582.JPG,flame3_cv_subset
flame3_00583,-1,unknown,raw\flame3\FLAME 3 CV Dataset (Sycan Marsh)\Fire\RGB\Corrected FOV\00583.JPG,flame3_cv_subset
flame3_00584,-1,unknown,raw\flame3\FLAME 3 CV Dataset (Sycan Marsh)\Fire\RGB\Corrected FOV\00584.JPG,flame3_cv_subset
flame3_00585,-1,unknown,raw\flame3\FLAME 3 CV Dataset (Sycan Marsh)\Fire\RGB\Corrected FOV\00585.JPG,flame3_cv_subset
flame3_00586,-1,unknown,raw\flame3\FLAME 3 CV Dataset (Sycan Marsh)\Fire\RGB\Corrected FOV\00586.JPG,flame3_cv_subset
flame3_00587,-1,unknown,raw\flame3\FLAME 3 CV Dataset (Sycan Marsh)\Fire\RGB\Corrected FOV\00587.JPG,flame3_cv_subset
flame3_00588,-1,unknown,raw\flame3\FLAME 3 CV Dataset (Sycan Marsh)\Fire\RGB\Corrected FOV\00588.JPG,flame3_cv_subset
flame3_00589,-1,unknown,raw\flame3\FLAME 3 CV Dataset (Sycan Marsh)\Fire\RGB\Corrected FOV\00589.JPG,flame3_cv_subset
flame3_00590,-1,unknown,raw\flame3\FLAME 3 CV Dataset (Sycan Marsh)\Fire\RGB\Corrected FOV\00590.JPG,flame3_cv_subset
flame3_00591,-1,unknown,raw\flame3\FLAME 3 CV Dataset (Sycan Marsh)\Fire\RGB\Corrected FOV\00591.JPG,flame3_cv_subset
flame3_00592,-1,unknown,raw\flame3\FLAME 3 CV Dataset (Sycan Marsh)\Fire\RGB\Corrected FOV\00592.JPG,flame3_cv_subset
flame3_00593,-1,unknown,raw\flame3\FLAME 3 CV Dataset (Sycan Marsh)\Fire\RGB\Corrected FOV\00593.JPG,flame3_cv_subset
flame3_00594,-1,unknown,raw\flame3\FLAME 3 CV Dataset (Sycan Marsh)\Fire\RGB\Corrected FOV\00594.JPG,flame3_cv_subset
flame3_00595,-1,unknown,raw\flame3\FLAME 3 CV Dataset (Sycan Marsh)\Fire\RGB\Corrected FOV\00595.JPG,flame3_cv_subset
flame3_00596,-1,unknown,raw\flame3\FLAME 3 CV Dataset (Sycan Marsh)\Fire\RGB\Corrected FOV\00596.JPG,flame3_cv_subset
flame3_00597,-1,unknown,raw\flame3\FLAME 3 CV Dataset (Sycan Marsh)\Fire\RGB\Corrected FOV\00597.JPG,flame3_cv_subset
flame3_00598,-1,unknown,raw\flame3\FLAME 3 CV Dataset (Sycan Marsh)\Fire\RGB\Corrected FOV\00598.JPG,flame3_cv_subset
flame3_00599,-1,unknown,raw\flame3\FLAME 3 CV Dataset (Sycan Marsh)\Fire\RGB\Corrected FOV\00599.JPG,flame3_cv_subset
flame3_00600,-1,unknown,raw\flame3\FLAME 3 CV Dataset (Sycan Marsh)\Fire\RGB\Corrected FOV\00600.JPG,flame3_cv_subset
flame3_00601,-1,unknown,raw\flame3\FLAME 3 CV Dataset (Sycan Marsh)\Fire\RGB\Corrected FOV\00601.JPG,flame3_cv_subset
flame3_00602,-1,unknown,raw\flame3\FLAME 3 CV Dataset (Sycan Marsh)\Fire\RGB\Corrected FOV\00602.JPG,flame3_cv_subset
flame3_00603,-1,unknown,raw\flame3\FLAME 3 CV Dataset (Sycan Marsh)\Fire\RGB\Corrected FOV\00603.JPG,flame3_cv_subset
flame3_00604,-1,unknown,raw\flame3\FLAME 3 CV Dataset (Sycan Marsh)\Fire\RGB\Corrected FOV\00604.JPG,flame3_cv_subset
flame3_00605,-1,unknown,raw\flame3\FLAME 3 CV Dataset (Sycan Marsh)\Fire\RGB\Corrected FOV\00605.JPG,flame3_cv_subset
flame3_00606,-1,unknown,raw\flame3\FLAME 3 CV Dataset (Sycan Marsh)\Fire\RGB\Corrected FOV\00606.JPG,flame3_cv_subset
flame3_00607,-1,unknown,raw\flame3\FLAME 3 CV Dataset (Sycan Marsh)\Fire\RGB\Corrected FOV\00607.JPG,flame3_cv_subset
flame3_00608,-1,unknown,raw\flame3\FLAME 3 CV Dataset (Sycan Marsh)\Fire\RGB\Corrected FOV\00608.JPG,flame3_cv_subset
flame3_00609,-1,unknown,raw\flame3\FLAME 3 CV Dataset (Sycan Marsh)\Fire\RGB\Corrected FOV\00609.JPG,flame3_cv_subset
flame3_00610,-1,unknown,raw\flame3\FLAME 3 CV Dataset (Sycan Marsh)\Fire\RGB\Corrected FOV\00610.JPG,flame3_cv_subset
flame3_00611,-1,unknown,raw\flame3\FLAME 3 CV Dataset (Sycan Marsh)\Fire\RGB\Corrected FOV\00611.JPG,flame3_cv_subset
flame3_00612,-1,unknown,raw\flame3\FLAME 3 CV Dataset (Sycan Marsh)\Fire\RGB\Corrected FOV\00612.JPG,flame3_cv_subset
flame3_00613,-1,unknown,raw\flame3\FLAME 3 CV Dataset (Sycan Marsh)\Fire\RGB\Corrected FOV\00613.JPG,flame3_cv_subset
flame3_00614,-1,unknown,raw\flame3\FLAME 3 CV Dataset (Sycan Marsh)\Fire\RGB\Corrected FOV\00614.JPG,flame3_cv_subset
flame3_00615,-1,unknown,raw\flame3\FLAME 3 CV Dataset (Sycan Marsh)\Fire\RGB\Corrected FOV\00615.JPG,flame3_cv_subset
flame3_00616,-1,unknown,raw\flame3\FLAME 3 CV Dataset (Sycan Marsh)\Fire\RGB\Corrected FOV\00616.JPG,flame3_cv_subset
flame3_00617,-1,unknown,raw\flame3\FLAME 3 CV Dataset (Sycan Marsh)\Fire\RGB\Corrected FOV\00617.JPG,flame3_cv_subset
flame3_00618,-1,unknown,raw\flame3\FLAME 3 CV Dataset (Sycan Marsh)\Fire\RGB\Corrected FOV\00618.JPG,flame3_cv_subset
flame3_00619,-1,unknown,raw\flame3\FLAME 3 CV Dataset (Sycan Marsh)\Fire\RGB\Corrected FOV\00619.JPG,flame3_cv_subset
flame3_00620,-1,unknown,raw\flame3\FLAME 3 CV Dataset (Sycan Marsh)\Fire\RGB\Corrected FOV\00620.JPG,flame3_cv_subset
flame3_00621,-1,unknown,raw\flame3\FLAME 3 CV Dataset (Sycan Marsh)\Fire\RGB\Corrected FOV\00621.JPG,flame3_cv_subset
flame3_00622,-1,unknown,raw\flame3\FLAME 3 CV Dataset (Sycan Marsh)\Fire\RGB\Corrected FOV\00622.JPG,flame3_cv_subset
flame3_00001,-1,unknown,raw\flame3\FLAME 3 CV Dataset (Sycan Marsh)\Fire\RGB\Raw\00001.JPG,flame3_cv_subset
flame3_00002,-1,unknown,raw\flame3\FLAME 3 CV Dataset (Sycan Marsh)\Fire\RGB\Raw\00002.JPG,flame3_cv_subset
flame3_00003,-1,unknown,raw\flame3\FLAME 3 CV Dataset (Sycan Marsh)\Fire\RGB\Raw\00003.JPG,flame3_cv_subset
flame3_00004,-1,unknown,raw\flame3\FLAME 3 CV Dataset (Sycan Marsh)\Fire\RGB\Raw\00004.JPG,flame3_cv_subset
flame3_00005,-1,unknown,raw\flame3\FLAME 3 CV Dataset (Sycan Marsh)\Fire\RGB\Raw\00005.JPG,flame3_cv_subset
flame3_00006,-1,unknown,raw\flame3\FLAME 3 CV Dataset (Sycan Marsh)\Fire\RGB\Raw\00006.JPG,flame3_cv_subset
flame3_00007,-1,unknown,raw\flame3\FLAME 3 CV Dataset (Sycan Marsh)\Fire\RGB\Raw\00007.JPG,flame3_cv_subset
flame3_00008,-1,unknown,raw\flame3\FLAME 3 CV Dataset (Sycan Marsh)\Fire\RGB\Raw\00008.JPG,flame3_cv_subset
flame3_00009,-1,unknown,raw\flame3\FLAME 3 CV Dataset (Sycan Marsh)\Fire\RGB\Raw\00009.JPG,flame3_cv_subset
flame3_00010,-1,unknown,raw\flame3\FLAME 3 CV Dataset (Sycan Marsh)\Fire\RGB\Raw\00010.JPG,flame3_cv_subset
flame3_00011,-1,unknown,raw\flame3\FLAME 3 CV Dataset (Sycan Marsh)\Fire\RGB\Raw\00011.JPG,flame3_cv_subset
flame3_00012,-1,unknown,raw\flame3\FLAME 3 CV Dataset (Sycan Marsh)\Fire\RGB\Raw\00012.JPG,flame3_cv_subset
flame3_00013,-1,unknown,raw\flame3\FLAME 3 CV Dataset (Sycan Marsh)\Fire\RGB\Raw\00013.JPG,flame3_cv_subset
flame3_00014,-1,unknown,raw\flame3\FLAME 3 CV Dataset (Sycan Marsh)\Fire\RGB\Raw\00014.JPG,flame3_cv_subset
flame3_00015,-1,unknown,raw\flame3\FLAME 3 CV Dataset (Sycan Marsh)\Fire\RGB\Raw\00015.JPG,flame3_cv_subset
flame3_00016,-1,unknown,raw\flame3\FLAME 3 CV Dataset (Sycan Marsh)\Fire\RGB\Raw\00016.JPG,flame3_cv_subset
flame3_00017,-1,unknown,raw\flame3\FLAME 3 CV Dataset (Sycan Marsh)\Fire\RGB\Raw\00017.JPG,flame3_cv_subset
flame3_00018,-1,unknown,raw\flame3\FLAME 3 CV Dataset (Sycan Marsh)\Fire\RGB\Raw\00018.JPG,flame3_cv_subset
flame3_00019,-1,unknown,raw\flame3\FLAME 3 CV Dataset (Sycan Marsh)\Fire\RGB\Raw\00019.JPG,flame3_cv_subset
flame3_00020,-1,unknown,raw\flame3\FLAME 3 CV Dataset (Sycan Marsh)\Fire\RGB\Raw\00020.JPG,flame3_cv_subset
flame3_00021,-1,unknown,raw\flame3\FLAME 3 CV Dataset (Sycan Marsh)\Fire\RGB\Raw\00021.JPG,flame3_cv_subset
flame3_00022,-1,unknown,raw\flame3\FLAME 3 CV Dataset (Sycan Marsh)\Fire\RGB\Raw\00022.JPG,flame3_cv_subset
flame3_00023,-1,unknown,raw\flame3\FLAME 3 CV Dataset (Sycan Marsh)\Fire\RGB\Raw\00023.JPG,flame3_cv_subset
flame3_00024,-1,unknown,raw\flame3\FLAME 3 CV Dataset (Sycan Marsh)\Fire\RGB\Raw\00024.JPG,flame3_cv_subset
flame3_00025,-1,unknown,raw\flame3\FLAME 3 CV Dataset (Sycan Marsh)\Fire\RGB\Raw\00025.JPG,flame3_cv_subset
flame3_00026,-1,unknown,raw\flame3\FLAME 3 CV Dataset (Sycan Marsh)\Fire\RGB\Raw\00026.JPG,flame3_cv_subset
flame3_00027,-1,unknown,raw\flame3\FLAME 3 CV Dataset (Sycan Marsh)\Fire\RGB\Raw\00027.JPG,flame3_cv_subset
flame3_00028,-1,unknown,raw\flame3\FLAME 3 CV Dataset (Sycan Marsh)\Fire\RGB\Raw\00028.JPG,flame3_cv_subset
flame3_00029,-1,unknown,raw\flame3\FLAME 3 CV Dataset (Sycan Marsh)\Fire\RGB\Raw\00029.JPG,flame3_cv_subset
flame3_00030,-1,unknown,raw\flame3\FLAME 3 CV Dataset (Sycan Marsh)\Fire\RGB\Raw\00030.JPG,flame3_cv_subset
flame3_00031,-1,unknown,raw\flame3\FLAME 3 CV Dataset (Sycan Marsh)\Fire\RGB\Raw\00031.JPG,flame3_cv_subset
flame3_00032,-1,unknown,raw\flame3\FLAME 3 CV Dataset (Sycan Marsh)\Fire\RGB\Raw\00032.JPG,flame3_cv_subset
flame3_00033,-1,unknown,raw\flame3\FLAME 3 CV Dataset (Sycan Marsh)\Fire\RGB\Raw\00033.JPG,flame3_cv_subset
flame3_00034,-1,unknown,raw\flame3\FLAME 3 CV Dataset (Sycan Marsh)\Fire\RGB\Raw\00034.JPG,flame3_cv_subset
flame3_00035,-1,unknown,raw\flame3\FLAME 3 CV Dataset (Sycan Marsh)\Fire\RGB\Raw\00035.JPG,flame3_cv_subset
flame3_00036,-1,unknown,raw\flame3\FLAME 3 CV Dataset (Sycan Marsh)\Fire\RGB\Raw\00036.JPG,flame3_cv_subset
flame3_00037,-1,unknown,raw\flame3\FLAME 3 CV Dataset (Sycan Marsh)\Fire\RGB\Raw\00037.JPG,flame3_cv_subset
flame3_00038,-1,unknown,raw\flame3\FLAME 3 CV Dataset (Sycan Marsh)\Fire\RGB\Raw\00038.JPG,flame3_cv_subset
flame3_00039,-1,unknown,raw\flame3\FLAME 3 CV Dataset (Sycan Marsh)\Fire\RGB\Raw\00039.JPG,flame3_cv_subset
flame3_00040,-1,unknown,raw\flame3\FLAME 3 CV Dataset (Sycan Marsh)\Fire\RGB\Raw\00040.JPG,flame3_cv_subset
flame3_00041,-1,unknown,raw\flame3\FLAME 3 CV Dataset (Sycan Marsh)\Fire\RGB\Raw\00041.JPG,flame3_cv_subset
flame3_00042,-1,unknown,raw\flame3\FLAME 3 CV Dataset (Sycan Marsh)\Fire\RGB\Raw\00042.JPG,flame3_cv_subset
flame3_00043,-1,unknown,raw\flame3\FLAME 3 CV Dataset (Sycan Marsh)\Fire\RGB\Raw\00043.JPG,flame3_cv_subset
flame3_00044,-1,unknown,raw\flame3\FLAME 3 CV Dataset (Sycan Marsh)\Fire\RGB\Raw\00044.JPG,flame3_cv_subset
flame3_00045,-1,unknown,raw\flame3\FLAME 3 CV Dataset (Sycan Marsh)\Fire\RGB\Raw\00045.JPG,flame3_cv_subset
flame3_00046,-1,unknown,raw\flame3\FLAME 3 CV Dataset (Sycan Marsh)\Fire\RGB\Raw\00046.JPG,flame3_cv_subset
flame3_00047,-1,unknown,raw\flame3\FLAME 3 CV Dataset (Sycan Marsh)\Fire\RGB\Raw\00047.JPG,flame3_cv_subset
flame3_00048,-1,unknown,raw\flame3\FLAME 3 CV Dataset (Sycan Marsh)\Fire\RGB\Raw\00048.JPG,flame3_cv_subset
flame3_00049,-1,unknown,raw\flame3\FLAME 3 CV Dataset (Sycan Marsh)\Fire\RGB\Raw\00049.JPG,flame3_cv_subset
flame3_00050,-1,unknown,raw\flame3\FLAME 3 CV Dataset (Sycan Marsh)\Fire\RGB\Raw\00050.JPG,flame3_cv_subset
flame3_00051,-1,unknown,raw\flame3\FLAME 3 CV Dataset (Sycan Marsh)\Fire\RGB\Raw\00051.JPG,flame3_cv_subset
flame3_00052,-1,unknown,raw\flame3\FLAME 3 CV Dataset (Sycan Marsh)\Fire\RGB\Raw\00052.JPG,flame3_cv_subset
flame3_00053,-1,unknown,raw\flame3\FLAME 3 CV Dataset (Sycan Marsh)\Fire\RGB\Raw\00053.JPG,flame3_cv_subset
flame3_00054,-1,unknown,raw\flame3\FLAME 3 CV Dataset (Sycan Marsh)\Fire\RGB\Raw\00054.JPG,flame3_cv_subset
flame3_00055,-1,unknown,raw\flame3\FLAME 3 CV Dataset (Sycan Marsh)\Fire\RGB\Raw\00055.JPG,flame3_cv_subset
flame3_00056,-1,unknown,raw\flame3\FLAME 3 CV Dataset (Sycan Marsh)\Fire\RGB\Raw\00056.JPG,flame3_cv_subset
flame3_00057,-1,unknown,raw\flame3\FLAME 3 CV Dataset (Sycan Marsh)\Fire\RGB\Raw\00057.JPG,flame3_cv_subset
flame3_00058,-1,unknown,raw\flame3\FLAME 3 CV Dataset (Sycan Marsh)\Fire\RGB\Raw\00058.JPG,flame3_cv_subset
flame3_00059,-1,unknown,raw\flame3\FLAME 3 CV Dataset (Sycan Marsh)\Fire\RGB\Raw\00059.JPG,flame3_cv_subset
flame3_00060,-1,unknown,raw\flame3\FLAME 3 CV Dataset (Sycan Marsh)\Fire\RGB\Raw\00060.JPG,flame3_cv_subset
flame3_00061,-1,unknown,raw\flame3\FLAME 3 CV Dataset (Sycan Marsh)\Fire\RGB\Raw\00061.JPG,flame3_cv_subset
flame3_00062,-1,unknown,raw\flame3\FLAME 3 CV Dataset (Sycan Marsh)\Fire\RGB\Raw\00062.JPG,flame3_cv_subset
flame3_00063,-1,unknown,raw\flame3\FLAME 3 CV Dataset (Sycan Marsh)\Fire\RGB\Raw\00063.JPG,flame3_cv_subset
flame3_00064,-1,unknown,raw\flame3\FLAME 3 CV Dataset (Sycan Marsh)\Fire\RGB\Raw\00064.JPG,flame3_cv_subset
flame3_00065,-1,unknown,raw\flame3\FLAME 3 CV Dataset (Sycan Marsh)\Fire\RGB\Raw\00065.JPG,flame3_cv_subset
flame3_00066,-1,unknown,raw\flame3\FLAME 3 CV Dataset (Sycan Marsh)\Fire\RGB\Raw\00066.JPG,flame3_cv_subset
flame3_00067,-1,unknown,raw\flame3\FLAME 3 CV Dataset (Sycan Marsh)\Fire\RGB\Raw\00067.JPG,flame3_cv_subset
flame3_00068,-1,unknown,raw\flame3\FLAME 3 CV Dataset (Sycan Marsh)\Fire\RGB\Raw\00068.JPG,flame3_cv_subset
flame3_00069,-1,unknown,raw\flame3\FLAME 3 CV Dataset (Sycan Marsh)\Fire\RGB\Raw\00069.JPG,flame3_cv_subset
flame3_00070,-1,unknown,raw\flame3\FLAME 3 CV Dataset (Sycan Marsh)\Fire\RGB\Raw\00070.JPG,flame3_cv_subset
flame3_00071,-1,unknown,raw\flame3\FLAME 3 CV Dataset (Sycan Marsh)\Fire\RGB\Raw\00071.JPG,flame3_cv_subset
flame3_00072,-1,unknown,raw\flame3\FLAME 3 CV Dataset (Sycan Marsh)\Fire\RGB\Raw\00072.JPG,flame3_cv_subset
flame3_00073,-1,unknown,raw\flame3\FLAME 3 CV Dataset (Sycan Marsh)\Fire\RGB\Raw\00073.JPG,flame3_cv_subset
flame3_00074,-1,unknown,raw\flame3\FLAME 3 CV Dataset (Sycan Marsh)\Fire\RGB\Raw\00074.JPG,flame3_cv_subset
flame3_00075,-1,unknown,raw\flame3\FLAME 3 CV Dataset (Sycan Marsh)\Fire\RGB\Raw\00075.JPG,flame3_cv_subset
flame3_00076,-1,unknown,raw\flame3\FLAME 3 CV Dataset (Sycan Marsh)\Fire\RGB\Raw\00076.JPG,flame3_cv_subset
flame3_00077,-1,unknown,raw\flame3\FLAME 3 CV Dataset (Sycan Marsh)\Fire\RGB\Raw\00077.JPG,flame3_cv_subset
flame3_00078,-1,unknown,raw\flame3\FLAME 3 CV Dataset (Sycan Marsh)\Fire\RGB\Raw\00078.JPG,flame3_cv_subset
flame3_00079,-1,unknown,raw\flame3\FLAME 3 CV Dataset (Sycan Marsh)\Fire\RGB\Raw\00079.JPG,flame3_cv_subset
flame3_00080,-1,unknown,raw\flame3\FLAME 3 CV Dataset (Sycan Marsh)\Fire\RGB\Raw\00080.JPG,flame3_cv_subset
flame3_00081,-1,unknown,raw\flame3\FLAME 3 CV Dataset (Sycan Marsh)\Fire\RGB\Raw\00081.JPG,flame3_cv_subset
flame3_00082,-1,unknown,raw\flame3\FLAME 3 CV Dataset (Sycan Marsh)\Fire\RGB\Raw\00082.JPG,flame3_cv_subset
flame3_00083,-1,unknown,raw\flame3\FLAME 3 CV Dataset (Sycan Marsh)\Fire\RGB\Raw\00083.JPG,flame3_cv_subset
flame3_00084,-1,unknown,raw\flame3\FLAME 3 CV Dataset (Sycan Marsh)\Fire\RGB\Raw\00084.JPG,flame3_cv_subset
flame3_00085,-1,unknown,raw\flame3\FLAME 3 CV Dataset (Sycan Marsh)\Fire\RGB\Raw\00085.JPG,flame3_cv_subset
flame3_00086,-1,unknown,raw\flame3\FLAME 3 CV Dataset (Sycan Marsh)\Fire\RGB\Raw\00086.JPG,flame3_cv_subset
flame3_00087,-1,unknown,raw\flame3\FLAME 3 CV Dataset (Sycan Marsh)\Fire\RGB\Raw\00087.JPG,flame3_cv_subset
flame3_00088,-1,unknown,raw\flame3\FLAME 3 CV Dataset (Sycan Marsh)\Fire\RGB\Raw\00088.JPG,flame3_cv_subset
flame3_00089,-1,unknown,raw\flame3\FLAME 3 CV Dataset (Sycan Marsh)\Fire\RGB\Raw\00089.JPG,flame3_cv_subset
flame3_00090,-1,unknown,raw\flame3\FLAME 3 CV Dataset (Sycan Marsh)\Fire\RGB\Raw\00090.JPG,flame3_cv_subset
flame3_00091,-1,unknown,raw\flame3\FLAME 3 CV Dataset (Sycan Marsh)\Fire\RGB\Raw\00091.JPG,flame3_cv_subset
flame3_00092,-1,unknown,raw\flame3\FLAME 3 CV Dataset (Sycan Marsh)\Fire\RGB\Raw\00092.JPG,flame3_cv_subset
flame3_00093,-1,unknown,raw\flame3\FLAME 3 CV Dataset (Sycan Marsh)\Fire\RGB\Raw\00093.JPG,flame3_cv_subset
flame3_00094,-1,unknown,raw\flame3\FLAME 3 CV Dataset (Sycan Marsh)\Fire\RGB\Raw\00094.JPG,flame3_cv_subset
flame3_00095,-1,unknown,raw\flame3\FLAME 3 CV Dataset (Sycan Marsh)\Fire\RGB\Raw\00095.JPG,flame3_cv_subset
flame3_00096,-1,unknown,raw\flame3\FLAME 3 CV Dataset (Sycan Marsh)\Fire\RGB\Raw\00096.JPG,flame3_cv_subset
flame3_00097,-1,unknown,raw\flame3\FLAME 3 CV Dataset (Sycan Marsh)\Fire\RGB\Raw\00097.JPG,flame3_cv_subset
flame3_00098,-1,unknown,raw\flame3\FLAME 3 CV Dataset (Sycan Marsh)\Fire\RGB\Raw\00098.JPG,flame3_cv_subset
flame3_00099,-1,unknown,raw\flame3\FLAME 3 CV Dataset (Sycan Marsh)\Fire\RGB\Raw\00099.JPG,flame3_cv_subset
flame3_00100,-1,unknown,raw\flame3\FLAME 3 CV Dataset (Sycan Marsh)\Fire\RGB\Raw\00100.JPG,flame3_cv_subset
flame3_00101,-1,unknown,raw\flame3\FLAME 3 CV Dataset (Sycan Marsh)\Fire\RGB\Raw\00101.JPG,flame3_cv_subset
flame3_00102,-1,unknown,raw\flame3\FLAME 3 CV Dataset (Sycan Marsh)\Fire\RGB\Raw\00102.JPG,flame3_cv_subset
flame3_00103,-1,unknown,raw\flame3\FLAME 3 CV Dataset (Sycan Marsh)\Fire\RGB\Raw\00103.JPG,flame3_cv_subset
flame3_00104,-1,unknown,raw\flame3\FLAME 3 CV Dataset (Sycan Marsh)\Fire\RGB\Raw\00104.JPG,flame3_cv_subset
flame3_00105,-1,unknown,raw\flame3\FLAME 3 CV Dataset (Sycan Marsh)\Fire\RGB\Raw\00105.JPG,flame3_cv_subset
flame3_00106,-1,unknown,raw\flame3\FLAME 3 CV Dataset (Sycan Marsh)\Fire\RGB\Raw\00106.JPG,flame3_cv_subset
flame3_00107,-1,unknown,raw\flame3\FLAME 3 CV Dataset (Sycan Marsh)\Fire\RGB\Raw\00107.JPG,flame3_cv_subset
flame3_00108,-1,unknown,raw\flame3\FLAME 3 CV Dataset (Sycan Marsh)\Fire\RGB\Raw\00108.JPG,flame3_cv_subset
flame3_00109,-1,unknown,raw\flame3\FLAME 3 CV Dataset (Sycan Marsh)\Fire\RGB\Raw\00109.JPG,flame3_cv_subset
flame3_00110,-1,unknown,raw\flame3\FLAME 3 CV Dataset (Sycan Marsh)\Fire\RGB\Raw\00110.JPG,flame3_cv_subset
flame3_00111,-1,unknown,raw\flame3\FLAME 3 CV Dataset (Sycan Marsh)\Fire\RGB\Raw\00111.JPG,flame3_cv_subset
flame3_00112,-1,unknown,raw\flame3\FLAME 3 CV Dataset (Sycan Marsh)\Fire\RGB\Raw\00112.JPG,flame3_cv_subset
flame3_00113,-1,unknown,raw\flame3\FLAME 3 CV Dataset (Sycan Marsh)\Fire\RGB\Raw\00113.JPG,flame3_cv_subset
flame3_00114,-1,unknown,raw\flame3\FLAME 3 CV Dataset (Sycan Marsh)\Fire\RGB\Raw\00114.JPG,flame3_cv_subset
flame3_00115,-1,unknown,raw\flame3\FLAME 3 CV Dataset (Sycan Marsh)\Fire\RGB\Raw\00115.JPG,flame3_cv_subset
flame3_00116,-1,unknown,raw\flame3\FLAME 3 CV Dataset (Sycan Marsh)\Fire\RGB\Raw\00116.JPG,flame3_cv_subset
flame3_00117,-1,unknown,raw\flame3\FLAME 3 CV Dataset (Sycan Marsh)\Fire\RGB\Raw\00117.JPG,flame3_cv_subset
flame3_00118,-1,unknown,raw\flame3\FLAME 3 CV Dataset (Sycan Marsh)\Fire\RGB\Raw\00118.JPG,flame3_cv_subset
flame3_00119,-1,unknown,raw\flame3\FLAME 3 CV Dataset (Sycan Marsh)\Fire\RGB\Raw\00119.JPG,flame3_cv_subset
flame3_00120,-1,unknown,raw\flame3\FLAME 3 CV Dataset (Sycan Marsh)\Fire\RGB\Raw\00120.JPG,flame3_cv_subset
flame3_00121,-1,unknown,raw\flame3\FLAME 3 CV Dataset (Sycan Marsh)\Fire\RGB\Raw\00121.JPG,flame3_cv_subset
flame3_00122,-1,unknown,raw\flame3\FLAME 3 CV Dataset (Sycan Marsh)\Fire\RGB\Raw\00122.JPG,flame3_cv_subset
flame3_00123,-1,unknown,raw\flame3\FLAME 3 CV Dataset (Sycan Marsh)\Fire\RGB\Raw\00123.JPG,flame3_cv_subset
flame3_00124,-1,unknown,raw\flame3\FLAME 3 CV Dataset (Sycan Marsh)\Fire\RGB\Raw\00124.JPG,flame3_cv_subset
flame3_00125,-1,unknown,raw\flame3\FLAME 3 CV Dataset (Sycan Marsh)\Fire\RGB\Raw\00125.JPG,flame3_cv_subset
flame3_00126,-1,unknown,raw\flame3\FLAME 3 CV Dataset (Sycan Marsh)\Fire\RGB\Raw\00126.JPG,flame3_cv_subset
flame3_00127,-1,unknown,raw\flame3\FLAME 3 CV Dataset (Sycan Marsh)\Fire\RGB\Raw\00127.JPG,flame3_cv_subset
flame3_00128,-1,unknown,raw\flame3\FLAME 3 CV Dataset (Sycan Marsh)\Fire\RGB\Raw\00128.JPG,flame3_cv_subset
flame3_00129,-1,unknown,raw\flame3\FLAME 3 CV Dataset (Sycan Marsh)\Fire\RGB\Raw\00129.JPG,flame3_cv_subset
flame3_00130,-1,unknown,raw\flame3\FLAME 3 CV Dataset (Sycan Marsh)\Fire\RGB\Raw\00130.JPG,flame3_cv_subset
flame3_00131,-1,unknown,raw\flame3\FLAME 3 CV Dataset (Sycan Marsh)\Fire\RGB\Raw\00131.JPG,flame3_cv_subset
flame3_00132,-1,unknown,raw\flame3\FLAME 3 CV Dataset (Sycan Marsh)\Fire\RGB\Raw\00132.JPG,flame3_cv_subset
flame3_00133,-1,unknown,raw\flame3\FLAME 3 CV Dataset (Sycan Marsh)\Fire\RGB\Raw\00133.JPG,flame3_cv_subset
flame3_00134,-1,unknown,raw\flame3\FLAME 3 CV Dataset (Sycan Marsh)\Fire\RGB\Raw\00134.JPG,flame3_cv_subset
flame3_00135,-1,unknown,raw\flame3\FLAME 3 CV Dataset (Sycan Marsh)\Fire\RGB\Raw\00135.JPG,flame3_cv_subset
flame3_00136,-1,unknown,raw\flame3\FLAME 3 CV Dataset (Sycan Marsh)\Fire\RGB\Raw\00136.JPG,flame3_cv_subset
flame3_00137,-1,unknown,raw\flame3\FLAME 3 CV Dataset (Sycan Marsh)\Fire\RGB\Raw\00137.JPG,flame3_cv_subset
flame3_00138,-1,unknown,raw\flame3\FLAME 3 CV Dataset (Sycan Marsh)\Fire\RGB\Raw\00138.JPG,flame3_cv_subset
flame3_00139,-1,unknown,raw\flame3\FLAME 3 CV Dataset (Sycan Marsh)\Fire\RGB\Raw\00139.JPG,flame3_cv_subset
flame3_00140,-1,unknown,raw\flame3\FLAME 3 CV Dataset (Sycan Marsh)\Fire\RGB\Raw\00140.JPG,flame3_cv_subset
flame3_00141,-1,unknown,raw\flame3\FLAME 3 CV Dataset (Sycan Marsh)\Fire\RGB\Raw\00141.JPG,flame3_cv_subset
flame3_00142,-1,unknown,raw\flame3\FLAME 3 CV Dataset (Sycan Marsh)\Fire\RGB\Raw\00142.JPG,flame3_cv_subset
flame3_00143,-1,unknown,raw\flame3\FLAME 3 CV Dataset (Sycan Marsh)\Fire\RGB\Raw\00143.JPG,flame3_cv_subset
flame3_00144,-1,unknown,raw\flame3\FLAME 3 CV Dataset (Sycan Marsh)\Fire\RGB\Raw\00144.JPG,flame3_cv_subset
flame3_00145,-1,unknown,raw\flame3\FLAME 3 CV Dataset (Sycan Marsh)\Fire\RGB\Raw\00145.JPG,flame3_cv_subset
flame3_00146,-1,unknown,raw\flame3\FLAME 3 CV Dataset (Sycan Marsh)\Fire\RGB\Raw\00146.JPG,flame3_cv_subset
flame3_00147,-1,unknown,raw\flame3\FLAME 3 CV Dataset (Sycan Marsh)\Fire\RGB\Raw\00147.JPG,flame3_cv_subset
flame3_00148,-1,unknown,raw\flame3\FLAME 3 CV Dataset (Sycan Marsh)\Fire\RGB\Raw\00148.JPG,flame3_cv_subset
flame3_00149,-1,unknown,raw\flame3\FLAME 3 CV Dataset (Sycan Marsh)\Fire\RGB\Raw\00149.JPG,flame3_cv_subset
flame3_00150,-1,unknown,raw\flame3\FLAME 3 CV Dataset (Sycan Marsh)\Fire\RGB\Raw\00150.JPG,flame3_cv_subset
flame3_00151,-1,unknown,raw\flame3\FLAME 3 CV Dataset (Sycan Marsh)\Fire\RGB\Raw\00151.JPG,flame3_cv_subset
flame3_00152,-1,unknown,raw\flame3\FLAME 3 CV Dataset (Sycan Marsh)\Fire\RGB\Raw\00152.JPG,flame3_cv_subset
flame3_00153,-1,unknown,raw\flame3\FLAME 3 CV Dataset (Sycan Marsh)\Fire\RGB\Raw\00153.JPG,flame3_cv_subset
flame3_00154,-1,unknown,raw\flame3\FLAME 3 CV Dataset (Sycan Marsh)\Fire\RGB\Raw\00154.JPG,flame3_cv_subset
flame3_00155,-1,unknown,raw\flame3\FLAME 3 CV Dataset (Sycan Marsh)\Fire\RGB\Raw\00155.JPG,flame3_cv_subset
flame3_00156,-1,unknown,raw\flame3\FLAME 3 CV Dataset (Sycan Marsh)\Fire\RGB\Raw\00156.JPG,flame3_cv_subset
flame3_00157,-1,unknown,raw\flame3\FLAME 3 CV Dataset (Sycan Marsh)\Fire\RGB\Raw\00157.JPG,flame3_cv_subset
flame3_00158,-1,unknown,raw\flame3\FLAME 3 CV Dataset (Sycan Marsh)\Fire\RGB\Raw\00158.JPG,flame3_cv_subset
flame3_00159,-1,unknown,raw\flame3\FLAME 3 CV Dataset (Sycan Marsh)\Fire\RGB\Raw\00159.JPG,flame3_cv_subset
flame3_00160,-1,unknown,raw\flame3\FLAME 3 CV Dataset (Sycan Marsh)\Fire\RGB\Raw\00160.JPG,flame3_cv_subset
flame3_00161,-1,unknown,raw\flame3\FLAME 3 CV Dataset (Sycan Marsh)\Fire\RGB\Raw\00161.JPG,flame3_cv_subset
flame3_00162,-1,unknown,raw\flame3\FLAME 3 CV Dataset (Sycan Marsh)\Fire\RGB\Raw\00162.JPG,flame3_cv_subset
flame3_00163,-1,unknown,raw\flame3\FLAME 3 CV Dataset (Sycan Marsh)\Fire\RGB\Raw\00163.JPG,flame3_cv_subset
flame3_00164,-1,unknown,raw\flame3\FLAME 3 CV Dataset (Sycan Marsh)\Fire\RGB\Raw\00164.JPG,flame3_cv_subset
flame3_00165,-1,unknown,raw\flame3\FLAME 3 CV Dataset (Sycan Marsh)\Fire\RGB\Raw\00165.JPG,flame3_cv_subset
flame3_00166,-1,unknown,raw\flame3\FLAME 3 CV Dataset (Sycan Marsh)\Fire\RGB\Raw\00166.JPG,flame3_cv_subset
flame3_00167,-1,unknown,raw\flame3\FLAME 3 CV Dataset (Sycan Marsh)\Fire\RGB\Raw\00167.JPG,flame3_cv_subset
flame3_00168,-1,unknown,raw\flame3\FLAME 3 CV Dataset (Sycan Marsh)\Fire\RGB\Raw\00168.JPG,flame3_cv_subset
flame3_00169,-1,unknown,raw\flame3\FLAME 3 CV Dataset (Sycan Marsh)\Fire\RGB\Raw\00169.JPG,flame3_cv_subset
flame3_00170,-1,unknown,raw\flame3\FLAME 3 CV Dataset (Sycan Marsh)\Fire\RGB\Raw\00170.JPG,flame3_cv_subset
flame3_00171,-1,unknown,raw\flame3\FLAME 3 CV Dataset (Sycan Marsh)\Fire\RGB\Raw\00171.JPG,flame3_cv_subset
flame3_00172,-1,unknown,raw\flame3\FLAME 3 CV Dataset (Sycan Marsh)\Fire\RGB\Raw\00172.JPG,flame3_cv_subset
flame3_00173,-1,unknown,raw\flame3\FLAME 3 CV Dataset (Sycan Marsh)\Fire\RGB\Raw\00173.JPG,flame3_cv_subset
flame3_00174,-1,unknown,raw\flame3\FLAME 3 CV Dataset (Sycan Marsh)\Fire\RGB\Raw\00174.JPG,flame3_cv_subset
flame3_00175,-1,unknown,raw\flame3\FLAME 3 CV Dataset (Sycan Marsh)\Fire\RGB\Raw\00175.JPG,flame3_cv_subset
flame3_00176,-1,unknown,raw\flame3\FLAME 3 CV Dataset (Sycan Marsh)\Fire\RGB\Raw\00176.JPG,flame3_cv_subset
flame3_00177,-1,unknown,raw\flame3\FLAME 3 CV Dataset (Sycan Marsh)\Fire\RGB\Raw\00177.JPG,flame3_cv_subset
flame3_00178,-1,unknown,raw\flame3\FLAME 3 CV Dataset (Sycan Marsh)\Fire\RGB\Raw\00178.JPG,flame3_cv_subset
flame3_00179,-1,unknown,raw\flame3\FLAME 3 CV Dataset (Sycan Marsh)\Fire\RGB\Raw\00179.JPG,flame3_cv_subset
flame3_00180,-1,unknown,raw\flame3\FLAME 3 CV Dataset (Sycan Marsh)\Fire\RGB\Raw\00180.JPG,flame3_cv_subset
flame3_00181,-1,unknown,raw\flame3\FLAME 3 CV Dataset (Sycan Marsh)\Fire\RGB\Raw\00181.JPG,flame3_cv_subset
flame3_00182,-1,unknown,raw\flame3\FLAME 3 CV Dataset (Sycan Marsh)\Fire\RGB\Raw\00182.JPG,flame3_cv_subset
flame3_00183,-1,unknown,raw\flame3\FLAME 3 CV Dataset (Sycan Marsh)\Fire\RGB\Raw\00183.JPG,flame3_cv_subset
flame3_00184,-1,unknown,raw\flame3\FLAME 3 CV Dataset (Sycan Marsh)\Fire\RGB\Raw\00184.JPG,flame3_cv_subset
flame3_00185,-1,unknown,raw\flame3\FLAME 3 CV Dataset (Sycan Marsh)\Fire\RGB\Raw\00185.JPG,flame3_cv_subset
flame3_00186,-1,unknown,raw\flame3\FLAME 3 CV Dataset (Sycan Marsh)\Fire\RGB\Raw\00186.JPG,flame3_cv_subset
flame3_00187,-1,unknown,raw\flame3\FLAME 3 CV Dataset (Sycan Marsh)\Fire\RGB\Raw\00187.JPG,flame3_cv_subset
flame3_00188,-1,unknown,raw\flame3\FLAME 3 CV Dataset (Sycan Marsh)\Fire\RGB\Raw\00188.JPG,flame3_cv_subset
flame3_00189,-1,unknown,raw\flame3\FLAME 3 CV Dataset (Sycan Marsh)\Fire\RGB\Raw\00189.JPG,flame3_cv_subset
flame3_00190,-1,unknown,raw\flame3\FLAME 3 CV Dataset (Sycan Marsh)\Fire\RGB\Raw\00190.JPG,flame3_cv_subset
flame3_00191,-1,unknown,raw\flame3\FLAME 3 CV Dataset (Sycan Marsh)\Fire\RGB\Raw\00191.JPG,flame3_cv_subset
flame3_00192,-1,unknown,raw\flame3\FLAME 3 CV Dataset (Sycan Marsh)\Fire\RGB\Raw\00192.JPG,flame3_cv_subset
flame3_00193,-1,unknown,raw\flame3\FLAME 3 CV Dataset (Sycan Marsh)\Fire\RGB\Raw\00193.JPG,flame3_cv_subset
flame3_00194,-1,unknown,raw\flame3\FLAME 3 CV Dataset (Sycan Marsh)\Fire\RGB\Raw\00194.JPG,flame3_cv_subset
flame3_00195,-1,unknown,raw\flame3\FLAME 3 CV Dataset (Sycan Marsh)\Fire\RGB\Raw\00195.JPG,flame3_cv_subset
flame3_00196,-1,unknown,raw\flame3\FLAME 3 CV Dataset (Sycan Marsh)\Fire\RGB\Raw\00196.JPG,flame3_cv_subset
flame3_00197,-1,unknown,raw\flame3\FLAME 3 CV Dataset (Sycan Marsh)\Fire\RGB\Raw\00197.JPG,flame3_cv_subset
flame3_00198,-1,unknown,raw\flame3\FLAME 3 CV Dataset (Sycan Marsh)\Fire\RGB\Raw\00198.JPG,flame3_cv_subset
flame3_00199,-1,unknown,raw\flame3\FLAME 3 CV Dataset (Sycan Marsh)\Fire\RGB\Raw\00199.JPG,flame3_cv_subset
flame3_00200,-1,unknown,raw\flame3\FLAME 3 CV Dataset (Sycan Marsh)\Fire\RGB\Raw\00200.JPG,flame3_cv_subset
flame3_00201,-1,unknown,raw\flame3\FLAME 3 CV Dataset (Sycan Marsh)\Fire\RGB\Raw\00201.JPG,flame3_cv_subset
flame3_00202,-1,unknown,raw\flame3\FLAME 3 CV Dataset (Sycan Marsh)\Fire\RGB\Raw\00202.JPG,flame3_cv_subset
flame3_00203,-1,unknown,raw\flame3\FLAME 3 CV Dataset (Sycan Marsh)\Fire\RGB\Raw\00203.JPG,flame3_cv_subset
flame3_00204,-1,unknown,raw\flame3\FLAME 3 CV Dataset (Sycan Marsh)\Fire\RGB\Raw\00204.JPG,flame3_cv_subset
flame3_00205,-1,unknown,raw\flame3\FLAME 3 CV Dataset (Sycan Marsh)\Fire\RGB\Raw\00205.JPG,flame3_cv_subset
flame3_00206,-1,unknown,raw\flame3\FLAME 3 CV Dataset (Sycan Marsh)\Fire\RGB\Raw\00206.JPG,flame3_cv_subset
flame3_00207,-1,unknown,raw\flame3\FLAME 3 CV Dataset (Sycan Marsh)\Fire\RGB\Raw\00207.JPG,flame3_cv_subset
flame3_00208,-1,unknown,raw\flame3\FLAME 3 CV Dataset (Sycan Marsh)\Fire\RGB\Raw\00208.JPG,flame3_cv_subset
flame3_00209,-1,unknown,raw\flame3\FLAME 3 CV Dataset (Sycan Marsh)\Fire\RGB\Raw\00209.JPG,flame3_cv_subset
flame3_00210,-1,unknown,raw\flame3\FLAME 3 CV Dataset (Sycan Marsh)\Fire\RGB\Raw\00210.JPG,flame3_cv_subset
flame3_00211,-1,unknown,raw\flame3\FLAME 3 CV Dataset (Sycan Marsh)\Fire\RGB\Raw\00211.JPG,flame3_cv_subset
flame3_00212,-1,unknown,raw\flame3\FLAME 3 CV Dataset (Sycan Marsh)\Fire\RGB\Raw\00212.JPG,flame3_cv_subset
flame3_00213,-1,unknown,raw\flame3\FLAME 3 CV Dataset (Sycan Marsh)\Fire\RGB\Raw\00213.JPG,flame3_cv_subset
flame3_00214,-1,unknown,raw\flame3\FLAME 3 CV Dataset (Sycan Marsh)\Fire\RGB\Raw\00214.JPG,flame3_cv_subset
flame3_00215,-1,unknown,raw\flame3\FLAME 3 CV Dataset (Sycan Marsh)\Fire\RGB\Raw\00215.JPG,flame3_cv_subset
flame3_00216,-1,unknown,raw\flame3\FLAME 3 CV Dataset (Sycan Marsh)\Fire\RGB\Raw\00216.JPG,flame3_cv_subset
flame3_00217,-1,unknown,raw\flame3\FLAME 3 CV Dataset (Sycan Marsh)\Fire\RGB\Raw\00217.JPG,flame3_cv_subset
flame3_00218,-1,unknown,raw\flame3\FLAME 3 CV Dataset (Sycan Marsh)\Fire\RGB\Raw\00218.JPG,flame3_cv_subset
flame3_00219,-1,unknown,raw\flame3\FLAME 3 CV Dataset (Sycan Marsh)\Fire\RGB\Raw\00219.JPG,flame3_cv_subset
flame3_00220,-1,unknown,raw\flame3\FLAME 3 CV Dataset (Sycan Marsh)\Fire\RGB\Raw\00220.JPG,flame3_cv_subset
flame3_00221,-1,unknown,raw\flame3\FLAME 3 CV Dataset (Sycan Marsh)\Fire\RGB\Raw\00221.JPG,flame3_cv_subset
flame3_00222,-1,unknown,raw\flame3\FLAME 3 CV Dataset (Sycan Marsh)\Fire\RGB\Raw\00222.JPG,flame3_cv_subset
flame3_00223,-1,unknown,raw\flame3\FLAME 3 CV Dataset (Sycan Marsh)\Fire\RGB\Raw\00223.JPG,flame3_cv_subset
flame3_00224,-1,unknown,raw\flame3\FLAME 3 CV Dataset (Sycan Marsh)\Fire\RGB\Raw\00224.JPG,flame3_cv_subset
flame3_00225,-1,unknown,raw\flame3\FLAME 3 CV Dataset (Sycan Marsh)\Fire\RGB\Raw\00225.JPG,flame3_cv_subset
flame3_00226,-1,unknown,raw\flame3\FLAME 3 CV Dataset (Sycan Marsh)\Fire\RGB\Raw\00226.JPG,flame3_cv_subset
flame3_00227,-1,unknown,raw\flame3\FLAME 3 CV Dataset (Sycan Marsh)\Fire\RGB\Raw\00227.JPG,flame3_cv_subset
flame3_00228,-1,unknown,raw\flame3\FLAME 3 CV Dataset (Sycan Marsh)\Fire\RGB\Raw\00228.JPG,flame3_cv_subset
flame3_00229,-1,unknown,raw\flame3\FLAME 3 CV Dataset (Sycan Marsh)\Fire\RGB\Raw\00229.JPG,flame3_cv_subset
flame3_00230,-1,unknown,raw\flame3\FLAME 3 CV Dataset (Sycan Marsh)\Fire\RGB\Raw\00230.JPG,flame3_cv_subset
flame3_00231,-1,unknown,raw\flame3\FLAME 3 CV Dataset (Sycan Marsh)\Fire\RGB\Raw\00231.JPG,flame3_cv_subset
flame3_00232,-1,unknown,raw\flame3\FLAME 3 CV Dataset (Sycan Marsh)\Fire\RGB\Raw\00232.JPG,flame3_cv_subset
flame3_00233,-1,unknown,raw\flame3\FLAME 3 CV Dataset (Sycan Marsh)\Fire\RGB\Raw\00233.JPG,flame3_cv_subset
flame3_00234,-1,unknown,raw\flame3\FLAME 3 CV Dataset (Sycan Marsh)\Fire\RGB\Raw\00234.JPG,flame3_cv_subset
flame3_00235,-1,unknown,raw\flame3\FLAME 3 CV Dataset (Sycan Marsh)\Fire\RGB\Raw\00235.JPG,flame3_cv_subset
flame3_00236,-1,unknown,raw\flame3\FLAME 3 CV Dataset (Sycan Marsh)\Fire\RGB\Raw\00236.JPG,flame3_cv_subset
flame3_00237,-1,unknown,raw\flame3\FLAME 3 CV Dataset (Sycan Marsh)\Fire\RGB\Raw\00237.JPG,flame3_cv_subset
flame3_00238,-1,unknown,raw\flame3\FLAME 3 CV Dataset (Sycan Marsh)\Fire\RGB\Raw\00238.JPG,flame3_cv_subset
flame3_00239,-1,unknown,raw\flame3\FLAME 3 CV Dataset (Sycan Marsh)\Fire\RGB\Raw\00239.JPG,flame3_cv_subset
flame3_00240,-1,unknown,raw\flame3\FLAME 3 CV Dataset (Sycan Marsh)\Fire\RGB\Raw\00240.JPG,flame3_cv_subset
flame3_00241,-1,unknown,raw\flame3\FLAME 3 CV Dataset (Sycan Marsh)\Fire\RGB\Raw\00241.JPG,flame3_cv_subset
flame3_00242,-1,unknown,raw\flame3\FLAME 3 CV Dataset (Sycan Marsh)\Fire\RGB\Raw\00242.JPG,flame3_cv_subset
flame3_00243,-1,unknown,raw\flame3\FLAME 3 CV Dataset (Sycan Marsh)\Fire\RGB\Raw\00243.JPG,flame3_cv_subset
flame3_00244,-1,unknown,raw\flame3\FLAME 3 CV Dataset (Sycan Marsh)\Fire\RGB\Raw\00244.JPG,flame3_cv_subset
flame3_00245,-1,unknown,raw\flame3\FLAME 3 CV Dataset (Sycan Marsh)\Fire\RGB\Raw\00245.JPG,flame3_cv_subset
flame3_00246,-1,unknown,raw\flame3\FLAME 3 CV Dataset (Sycan Marsh)\Fire\RGB\Raw\00246.JPG,flame3_cv_subset
flame3_00247,-1,unknown,raw\flame3\FLAME 3 CV Dataset (Sycan Marsh)\Fire\RGB\Raw\00247.JPG,flame3_cv_subset
flame3_00248,-1,unknown,raw\flame3\FLAME 3 CV Dataset (Sycan Marsh)\Fire\RGB\Raw\00248.JPG,flame3_cv_subset
flame3_00249,-1,unknown,raw\flame3\FLAME 3 CV Dataset (Sycan Marsh)\Fire\RGB\Raw\00249.JPG,flame3_cv_subset
flame3_00250,-1,unknown,raw\flame3\FLAME 3 CV Dataset (Sycan Marsh)\Fire\RGB\Raw\00250.JPG,flame3_cv_subset
flame3_00251,-1,unknown,raw\flame3\FLAME 3 CV Dataset (Sycan Marsh)\Fire\RGB\Raw\00251.JPG,flame3_cv_subset
flame3_00252,-1,unknown,raw\flame3\FLAME 3 CV Dataset (Sycan Marsh)\Fire\RGB\Raw\00252.JPG,flame3_cv_subset
flame3_00253,-1,unknown,raw\flame3\FLAME 3 CV Dataset (Sycan Marsh)\Fire\RGB\Raw\00253.JPG,flame3_cv_subset
flame3_00254,-1,unknown,raw\flame3\FLAME 3 CV Dataset (Sycan Marsh)\Fire\RGB\Raw\00254.JPG,flame3_cv_subset
flame3_00255,-1,unknown,raw\flame3\FLAME 3 CV Dataset (Sycan Marsh)\Fire\RGB\Raw\00255.JPG,flame3_cv_subset
flame3_00256,-1,unknown,raw\flame3\FLAME 3 CV Dataset (Sycan Marsh)\Fire\RGB\Raw\00256.JPG,flame3_cv_subset
flame3_00257,-1,unknown,raw\flame3\FLAME 3 CV Dataset (Sycan Marsh)\Fire\RGB\Raw\00257.JPG,flame3_cv_subset
flame3_00258,-1,unknown,raw\flame3\FLAME 3 CV Dataset (Sycan Marsh)\Fire\RGB\Raw\00258.JPG,flame3_cv_subset
flame3_00259,-1,unknown,raw\flame3\FLAME 3 CV Dataset (Sycan Marsh)\Fire\RGB\Raw\00259.JPG,flame3_cv_subset
flame3_00260,-1,unknown,raw\flame3\FLAME 3 CV Dataset (Sycan Marsh)\Fire\RGB\Raw\00260.JPG,flame3_cv_subset
flame3_00261,-1,unknown,raw\flame3\FLAME 3 CV Dataset (Sycan Marsh)\Fire\RGB\Raw\00261.JPG,flame3_cv_subset
flame3_00262,-1,unknown,raw\flame3\FLAME 3 CV Dataset (Sycan Marsh)\Fire\RGB\Raw\00262.JPG,flame3_cv_subset
flame3_00263,-1,unknown,raw\flame3\FLAME 3 CV Dataset (Sycan Marsh)\Fire\RGB\Raw\00263.JPG,flame3_cv_subset
flame3_00264,-1,unknown,raw\flame3\FLAME 3 CV Dataset (Sycan Marsh)\Fire\RGB\Raw\00264.JPG,flame3_cv_subset
flame3_00265,-1,unknown,raw\flame3\FLAME 3 CV Dataset (Sycan Marsh)\Fire\RGB\Raw\00265.JPG,flame3_cv_subset
flame3_00266,-1,unknown,raw\flame3\FLAME 3 CV Dataset (Sycan Marsh)\Fire\RGB\Raw\00266.JPG,flame3_cv_subset
flame3_00267,-1,unknown,raw\flame3\FLAME 3 CV Dataset (Sycan Marsh)\Fire\RGB\Raw\00267.JPG,flame3_cv_subset
flame3_00268,-1,unknown,raw\flame3\FLAME 3 CV Dataset (Sycan Marsh)\Fire\RGB\Raw\00268.JPG,flame3_cv_subset
flame3_00269,-1,unknown,raw\flame3\FLAME 3 CV Dataset (Sycan Marsh)\Fire\RGB\Raw\00269.JPG,flame3_cv_subset
flame3_00270,-1,unknown,raw\flame3\FLAME 3 CV Dataset (Sycan Marsh)\Fire\RGB\Raw\00270.JPG,flame3_cv_subset
flame3_00271,-1,unknown,raw\flame3\FLAME 3 CV Dataset (Sycan Marsh)\Fire\RGB\Raw\00271.JPG,flame3_cv_subset
flame3_00272,-1,unknown,raw\flame3\FLAME 3 CV Dataset (Sycan Marsh)\Fire\RGB\Raw\00272.JPG,flame3_cv_subset
flame3_00273,-1,unknown,raw\flame3\FLAME 3 CV Dataset (Sycan Marsh)\Fire\RGB\Raw\00273.JPG,flame3_cv_subset
flame3_00274,-1,unknown,raw\flame3\FLAME 3 CV Dataset (Sycan Marsh)\Fire\RGB\Raw\00274.JPG,flame3_cv_subset
flame3_00275,-1,unknown,raw\flame3\FLAME 3 CV Dataset (Sycan Marsh)\Fire\RGB\Raw\00275.JPG,flame3_cv_subset
flame3_00276,-1,unknown,raw\flame3\FLAME 3 CV Dataset (Sycan Marsh)\Fire\RGB\Raw\00276.JPG,flame3_cv_subset
flame3_00277,-1,unknown,raw\flame3\FLAME 3 CV Dataset (Sycan Marsh)\Fire\RGB\Raw\00277.JPG,flame3_cv_subset
flame3_00278,-1,unknown,raw\flame3\FLAME 3 CV Dataset (Sycan Marsh)\Fire\RGB\Raw\00278.JPG,flame3_cv_subset
flame3_00279,-1,unknown,raw\flame3\FLAME 3 CV Dataset (Sycan Marsh)\Fire\RGB\Raw\00279.JPG,flame3_cv_subset
flame3_00280,-1,unknown,raw\flame3\FLAME 3 CV Dataset (Sycan Marsh)\Fire\RGB\Raw\00280.JPG,flame3_cv_subset
flame3_00281,-1,unknown,raw\flame3\FLAME 3 CV Dataset (Sycan Marsh)\Fire\RGB\Raw\00281.JPG,flame3_cv_subset
flame3_00282,-1,unknown,raw\flame3\FLAME 3 CV Dataset (Sycan Marsh)\Fire\RGB\Raw\00282.JPG,flame3_cv_subset
flame3_00283,-1,unknown,raw\flame3\FLAME 3 CV Dataset (Sycan Marsh)\Fire\RGB\Raw\00283.JPG,flame3_cv_subset
flame3_00284,-1,unknown,raw\flame3\FLAME 3 CV Dataset (Sycan Marsh)\Fire\RGB\Raw\00284.JPG,flame3_cv_subset
flame3_00285,-1,unknown,raw\flame3\FLAME 3 CV Dataset (Sycan Marsh)\Fire\RGB\Raw\00285.JPG,flame3_cv_subset
flame3_00286,-1,unknown,raw\flame3\FLAME 3 CV Dataset (Sycan Marsh)\Fire\RGB\Raw\00286.JPG,flame3_cv_subset
flame3_00287,-1,unknown,raw\flame3\FLAME 3 CV Dataset (Sycan Marsh)\Fire\RGB\Raw\00287.JPG,flame3_cv_subset
flame3_00288,-1,unknown,raw\flame3\FLAME 3 CV Dataset (Sycan Marsh)\Fire\RGB\Raw\00288.JPG,flame3_cv_subset
flame3_00289,-1,unknown,raw\flame3\FLAME 3 CV Dataset (Sycan Marsh)\Fire\RGB\Raw\00289.JPG,flame3_cv_subset
flame3_00290,-1,unknown,raw\flame3\FLAME 3 CV Dataset (Sycan Marsh)\Fire\RGB\Raw\00290.JPG,flame3_cv_subset
flame3_00291,-1,unknown,raw\flame3\FLAME 3 CV Dataset (Sycan Marsh)\Fire\RGB\Raw\00291.JPG,flame3_cv_subset
flame3_00292,-1,unknown,raw\flame3\FLAME 3 CV Dataset (Sycan Marsh)\Fire\RGB\Raw\00292.JPG,flame3_cv_subset
flame3_00293,-1,unknown,raw\flame3\FLAME 3 CV Dataset (Sycan Marsh)\Fire\RGB\Raw\00293.JPG,flame3_cv_subset
flame3_00294,-1,unknown,raw\flame3\FLAME 3 CV Dataset (Sycan Marsh)\Fire\RGB\Raw\00294.JPG,flame3_cv_subset
flame3_00295,-1,unknown,raw\flame3\FLAME 3 CV Dataset (Sycan Marsh)\Fire\RGB\Raw\00295.JPG,flame3_cv_subset
flame3_00296,-1,unknown,raw\flame3\FLAME 3 CV Dataset (Sycan Marsh)\Fire\RGB\Raw\00296.JPG,flame3_cv_subset
flame3_00297,-1,unknown,raw\flame3\FLAME 3 CV Dataset (Sycan Marsh)\Fire\RGB\Raw\00297.JPG,flame3_cv_subset
flame3_00298,-1,unknown,raw\flame3\FLAME 3 CV Dataset (Sycan Marsh)\Fire\RGB\Raw\00298.JPG,flame3_cv_subset
flame3_00299,-1,unknown,raw\flame3\FLAME 3 CV Dataset (Sycan Marsh)\Fire\RGB\Raw\00299.JPG,flame3_cv_subset
flame3_00300,-1,unknown,raw\flame3\FLAME 3 CV Dataset (Sycan Marsh)\Fire\RGB\Raw\00300.JPG,flame3_cv_subset
flame3_00301,-1,unknown,raw\flame3\FLAME 3 CV Dataset (Sycan Marsh)\Fire\RGB\Raw\00301.JPG,flame3_cv_subset
flame3_00302,-1,unknown,raw\flame3\FLAME 3 CV Dataset (Sycan Marsh)\Fire\RGB\Raw\00302.JPG,flame3_cv_subset
flame3_00303,-1,unknown,raw\flame3\FLAME 3 CV Dataset (Sycan Marsh)\Fire\RGB\Raw\00303.JPG,flame3_cv_subset
flame3_00304,-1,unknown,raw\flame3\FLAME 3 CV Dataset (Sycan Marsh)\Fire\RGB\Raw\00304.JPG,flame3_cv_subset
flame3_00305,-1,unknown,raw\flame3\FLAME 3 CV Dataset (Sycan Marsh)\Fire\RGB\Raw\00305.JPG,flame3_cv_subset
flame3_00306,-1,unknown,raw\flame3\FLAME 3 CV Dataset (Sycan Marsh)\Fire\RGB\Raw\00306.JPG,flame3_cv_subset
flame3_00307,-1,unknown,raw\flame3\FLAME 3 CV Dataset (Sycan Marsh)\Fire\RGB\Raw\00307.JPG,flame3_cv_subset
flame3_00308,-1,unknown,raw\flame3\FLAME 3 CV Dataset (Sycan Marsh)\Fire\RGB\Raw\00308.JPG,flame3_cv_subset
flame3_00309,-1,unknown,raw\flame3\FLAME 3 CV Dataset (Sycan Marsh)\Fire\RGB\Raw\00309.JPG,flame3_cv_subset
flame3_00310,-1,unknown,raw\flame3\FLAME 3 CV Dataset (Sycan Marsh)\Fire\RGB\Raw\00310.JPG,flame3_cv_subset
flame3_00311,-1,unknown,raw\flame3\FLAME 3 CV Dataset (Sycan Marsh)\Fire\RGB\Raw\00311.JPG,flame3_cv_subset
flame3_00312,-1,unknown,raw\flame3\FLAME 3 CV Dataset (Sycan Marsh)\Fire\RGB\Raw\00312.JPG,flame3_cv_subset
flame3_00313,-1,unknown,raw\flame3\FLAME 3 CV Dataset (Sycan Marsh)\Fire\RGB\Raw\00313.JPG,flame3_cv_subset
flame3_00314,-1,unknown,raw\flame3\FLAME 3 CV Dataset (Sycan Marsh)\Fire\RGB\Raw\00314.JPG,flame3_cv_subset
flame3_00315,-1,unknown,raw\flame3\FLAME 3 CV Dataset (Sycan Marsh)\Fire\RGB\Raw\00315.JPG,flame3_cv_subset
flame3_00316,-1,unknown,raw\flame3\FLAME 3 CV Dataset (Sycan Marsh)\Fire\RGB\Raw\00316.JPG,flame3_cv_subset
flame3_00317,-1,unknown,raw\flame3\FLAME 3 CV Dataset (Sycan Marsh)\Fire\RGB\Raw\00317.JPG,flame3_cv_subset
flame3_00318,-1,unknown,raw\flame3\FLAME 3 CV Dataset (Sycan Marsh)\Fire\RGB\Raw\00318.JPG,flame3_cv_subset
flame3_00319,-1,unknown,raw\flame3\FLAME 3 CV Dataset (Sycan Marsh)\Fire\RGB\Raw\00319.JPG,flame3_cv_subset
flame3_00320,-1,unknown,raw\flame3\FLAME 3 CV Dataset (Sycan Marsh)\Fire\RGB\Raw\00320.JPG,flame3_cv_subset
flame3_00321,-1,unknown,raw\flame3\FLAME 3 CV Dataset (Sycan Marsh)\Fire\RGB\Raw\00321.JPG,flame3_cv_subset
flame3_00322,-1,unknown,raw\flame3\FLAME 3 CV Dataset (Sycan Marsh)\Fire\RGB\Raw\00322.JPG,flame3_cv_subset
flame3_00323,-1,unknown,raw\flame3\FLAME 3 CV Dataset (Sycan Marsh)\Fire\RGB\Raw\00323.JPG,flame3_cv_subset
flame3_00324,-1,unknown,raw\flame3\FLAME 3 CV Dataset (Sycan Marsh)\Fire\RGB\Raw\00324.JPG,flame3_cv_subset
flame3_00325,-1,unknown,raw\flame3\FLAME 3 CV Dataset (Sycan Marsh)\Fire\RGB\Raw\00325.JPG,flame3_cv_subset
flame3_00326,-1,unknown,raw\flame3\FLAME 3 CV Dataset (Sycan Marsh)\Fire\RGB\Raw\00326.JPG,flame3_cv_subset
flame3_00327,-1,unknown,raw\flame3\FLAME 3 CV Dataset (Sycan Marsh)\Fire\RGB\Raw\00327.JPG,flame3_cv_subset
flame3_00328,-1,unknown,raw\flame3\FLAME 3 CV Dataset (Sycan Marsh)\Fire\RGB\Raw\00328.JPG,flame3_cv_subset
flame3_00329,-1,unknown,raw\flame3\FLAME 3 CV Dataset (Sycan Marsh)\Fire\RGB\Raw\00329.JPG,flame3_cv_subset
flame3_00330,-1,unknown,raw\flame3\FLAME 3 CV Dataset (Sycan Marsh)\Fire\RGB\Raw\00330.JPG,flame3_cv_subset
flame3_00331,-1,unknown,raw\flame3\FLAME 3 CV Dataset (Sycan Marsh)\Fire\RGB\Raw\00331.JPG,flame3_cv_subset
flame3_00332,-1,unknown,raw\flame3\FLAME 3 CV Dataset (Sycan Marsh)\Fire\RGB\Raw\00332.JPG,flame3_cv_subset
flame3_00333,-1,unknown,raw\flame3\FLAME 3 CV Dataset (Sycan Marsh)\Fire\RGB\Raw\00333.JPG,flame3_cv_subset
flame3_00334,-1,unknown,raw\flame3\FLAME 3 CV Dataset (Sycan Marsh)\Fire\RGB\Raw\00334.JPG,flame3_cv_subset
flame3_00335,-1,unknown,raw\flame3\FLAME 3 CV Dataset (Sycan Marsh)\Fire\RGB\Raw\00335.JPG,flame3_cv_subset
flame3_00336,-1,unknown,raw\flame3\FLAME 3 CV Dataset (Sycan Marsh)\Fire\RGB\Raw\00336.JPG,flame3_cv_subset
flame3_00337,-1,unknown,raw\flame3\FLAME 3 CV Dataset (Sycan Marsh)\Fire\RGB\Raw\00337.JPG,flame3_cv_subset
flame3_00338,-1,unknown,raw\flame3\FLAME 3 CV Dataset (Sycan Marsh)\Fire\RGB\Raw\00338.JPG,flame3_cv_subset
flame3_00339,-1,unknown,raw\flame3\FLAME 3 CV Dataset (Sycan Marsh)\Fire\RGB\Raw\00339.JPG,flame3_cv_subset
flame3_00340,-1,unknown,raw\flame3\FLAME 3 CV Dataset (Sycan Marsh)\Fire\RGB\Raw\00340.JPG,flame3_cv_subset
flame3_00341,-1,unknown,raw\flame3\FLAME 3 CV Dataset (Sycan Marsh)\Fire\RGB\Raw\00341.JPG,flame3_cv_subset
flame3_00342,-1,unknown,raw\flame3\FLAME 3 CV Dataset (Sycan Marsh)\Fire\RGB\Raw\00342.JPG,flame3_cv_subset
flame3_00343,-1,unknown,raw\flame3\FLAME 3 CV Dataset (Sycan Marsh)\Fire\RGB\Raw\00343.JPG,flame3_cv_subset
flame3_00344,-1,unknown,raw\flame3\FLAME 3 CV Dataset (Sycan Marsh)\Fire\RGB\Raw\00344.JPG,flame3_cv_subset
flame3_00345,-1,unknown,raw\flame3\FLAME 3 CV Dataset (Sycan Marsh)\Fire\RGB\Raw\00345.JPG,flame3_cv_subset
flame3_00346,-1,unknown,raw\flame3\FLAME 3 CV Dataset (Sycan Marsh)\Fire\RGB\Raw\00346.JPG,flame3_cv_subset
flame3_00347,-1,unknown,raw\flame3\FLAME 3 CV Dataset (Sycan Marsh)\Fire\RGB\Raw\00347.JPG,flame3_cv_subset
flame3_00348,-1,unknown,raw\flame3\FLAME 3 CV Dataset (Sycan Marsh)\Fire\RGB\Raw\00348.JPG,flame3_cv_subset
flame3_00349,-1,unknown,raw\flame3\FLAME 3 CV Dataset (Sycan Marsh)\Fire\RGB\Raw\00349.JPG,flame3_cv_subset
flame3_00350,-1,unknown,raw\flame3\FLAME 3 CV Dataset (Sycan Marsh)\Fire\RGB\Raw\00350.JPG,flame3_cv_subset
flame3_00351,-1,unknown,raw\flame3\FLAME 3 CV Dataset (Sycan Marsh)\Fire\RGB\Raw\00351.JPG,flame3_cv_subset
flame3_00352,-1,unknown,raw\flame3\FLAME 3 CV Dataset (Sycan Marsh)\Fire\RGB\Raw\00352.JPG,flame3_cv_subset
flame3_00353,-1,unknown,raw\flame3\FLAME 3 CV Dataset (Sycan Marsh)\Fire\RGB\Raw\00353.JPG,flame3_cv_subset
flame3_00354,-1,unknown,raw\flame3\FLAME 3 CV Dataset (Sycan Marsh)\Fire\RGB\Raw\00354.JPG,flame3_cv_subset
flame3_00355,-1,unknown,raw\flame3\FLAME 3 CV Dataset (Sycan Marsh)\Fire\RGB\Raw\00355.JPG,flame3_cv_subset
flame3_00356,-1,unknown,raw\flame3\FLAME 3 CV Dataset (Sycan Marsh)\Fire\RGB\Raw\00356.JPG,flame3_cv_subset
flame3_00357,-1,unknown,raw\flame3\FLAME 3 CV Dataset (Sycan Marsh)\Fire\RGB\Raw\00357.JPG,flame3_cv_subset
flame3_00358,-1,unknown,raw\flame3\FLAME 3 CV Dataset (Sycan Marsh)\Fire\RGB\Raw\00358.JPG,flame3_cv_subset
flame3_00359,-1,unknown,raw\flame3\FLAME 3 CV Dataset (Sycan Marsh)\Fire\RGB\Raw\00359.JPG,flame3_cv_subset
flame3_00360,-1,unknown,raw\flame3\FLAME 3 CV Dataset (Sycan Marsh)\Fire\RGB\Raw\00360.JPG,flame3_cv_subset
flame3_00361,-1,unknown,raw\flame3\FLAME 3 CV Dataset (Sycan Marsh)\Fire\RGB\Raw\00361.JPG,flame3_cv_subset
flame3_00362,-1,unknown,raw\flame3\FLAME 3 CV Dataset (Sycan Marsh)\Fire\RGB\Raw\00362.JPG,flame3_cv_subset
flame3_00363,-1,unknown,raw\flame3\FLAME 3 CV Dataset (Sycan Marsh)\Fire\RGB\Raw\00363.JPG,flame3_cv_subset
flame3_00364,-1,unknown,raw\flame3\FLAME 3 CV Dataset (Sycan Marsh)\Fire\RGB\Raw\00364.JPG,flame3_cv_subset
flame3_00365,-1,unknown,raw\flame3\FLAME 3 CV Dataset (Sycan Marsh)\Fire\RGB\Raw\00365.JPG,flame3_cv_subset
flame3_00366,-1,unknown,raw\flame3\FLAME 3 CV Dataset (Sycan Marsh)\Fire\RGB\Raw\00366.JPG,flame3_cv_subset
flame3_00367,-1,unknown,raw\flame3\FLAME 3 CV Dataset (Sycan Marsh)\Fire\RGB\Raw\00367.JPG,flame3_cv_subset
flame3_00368,-1,unknown,raw\flame3\FLAME 3 CV Dataset (Sycan Marsh)\Fire\RGB\Raw\00368.JPG,flame3_cv_subset
flame3_00369,-1,unknown,raw\flame3\FLAME 3 CV Dataset (Sycan Marsh)\Fire\RGB\Raw\00369.JPG,flame3_cv_subset
flame3_00370,-1,unknown,raw\flame3\FLAME 3 CV Dataset (Sycan Marsh)\Fire\RGB\Raw\00370.JPG,flame3_cv_subset
flame3_00371,-1,unknown,raw\flame3\FLAME 3 CV Dataset (Sycan Marsh)\Fire\RGB\Raw\00371.JPG,flame3_cv_subset
flame3_00372,-1,unknown,raw\flame3\FLAME 3 CV Dataset (Sycan Marsh)\Fire\RGB\Raw\00372.JPG,flame3_cv_subset
flame3_00373,-1,unknown,raw\flame3\FLAME 3 CV Dataset (Sycan Marsh)\Fire\RGB\Raw\00373.JPG,flame3_cv_subset
flame3_00374,-1,unknown,raw\flame3\FLAME 3 CV Dataset (Sycan Marsh)\Fire\RGB\Raw\00374.JPG,flame3_cv_subset
flame3_00375,-1,unknown,raw\flame3\FLAME 3 CV Dataset (Sycan Marsh)\Fire\RGB\Raw\00375.JPG,flame3_cv_subset
flame3_00376,-1,unknown,raw\flame3\FLAME 3 CV Dataset (Sycan Marsh)\Fire\RGB\Raw\00376.JPG,flame3_cv_subset
flame3_00377,-1,unknown,raw\flame3\FLAME 3 CV Dataset (Sycan Marsh)\Fire\RGB\Raw\00377.JPG,flame3_cv_subset
flame3_00378,-1,unknown,raw\flame3\FLAME 3 CV Dataset (Sycan Marsh)\Fire\RGB\Raw\00378.JPG,flame3_cv_subset
flame3_00379,-1,unknown,raw\flame3\FLAME 3 CV Dataset (Sycan Marsh)\Fire\RGB\Raw\00379.JPG,flame3_cv_subset
flame3_00380,-1,unknown,raw\flame3\FLAME 3 CV Dataset (Sycan Marsh)\Fire\RGB\Raw\00380.JPG,flame3_cv_subset
flame3_00381,-1,unknown,raw\flame3\FLAME 3 CV Dataset (Sycan Marsh)\Fire\RGB\Raw\00381.JPG,flame3_cv_subset
flame3_00382,-1,unknown,raw\flame3\FLAME 3 CV Dataset (Sycan Marsh)\Fire\RGB\Raw\00382.JPG,flame3_cv_subset
flame3_00383,-1,unknown,raw\flame3\FLAME 3 CV Dataset (Sycan Marsh)\Fire\RGB\Raw\00383.JPG,flame3_cv_subset
flame3_00384,-1,unknown,raw\flame3\FLAME 3 CV Dataset (Sycan Marsh)\Fire\RGB\Raw\00384.JPG,flame3_cv_subset
flame3_00385,-1,unknown,raw\flame3\FLAME 3 CV Dataset (Sycan Marsh)\Fire\RGB\Raw\00385.JPG,flame3_cv_subset
flame3_00386,-1,unknown,raw\flame3\FLAME 3 CV Dataset (Sycan Marsh)\Fire\RGB\Raw\00386.JPG,flame3_cv_subset
flame3_00387,-1,unknown,raw\flame3\FLAME 3 CV Dataset (Sycan Marsh)\Fire\RGB\Raw\00387.JPG,flame3_cv_subset
flame3_00388,-1,unknown,raw\flame3\FLAME 3 CV Dataset (Sycan Marsh)\Fire\RGB\Raw\00388.JPG,flame3_cv_subset
flame3_00389,-1,unknown,raw\flame3\FLAME 3 CV Dataset (Sycan Marsh)\Fire\RGB\Raw\00389.JPG,flame3_cv_subset
flame3_00390,-1,unknown,raw\flame3\FLAME 3 CV Dataset (Sycan Marsh)\Fire\RGB\Raw\00390.JPG,flame3_cv_subset
flame3_00391,-1,unknown,raw\flame3\FLAME 3 CV Dataset (Sycan Marsh)\Fire\RGB\Raw\00391.JPG,flame3_cv_subset
flame3_00392,-1,unknown,raw\flame3\FLAME 3 CV Dataset (Sycan Marsh)\Fire\RGB\Raw\00392.JPG,flame3_cv_subset
flame3_00393,-1,unknown,raw\flame3\FLAME 3 CV Dataset (Sycan Marsh)\Fire\RGB\Raw\00393.JPG,flame3_cv_subset
flame3_00394,-1,unknown,raw\flame3\FLAME 3 CV Dataset (Sycan Marsh)\Fire\RGB\Raw\00394.JPG,flame3_cv_subset
flame3_00395,-1,unknown,raw\flame3\FLAME 3 CV Dataset (Sycan Marsh)\Fire\RGB\Raw\00395.JPG,flame3_cv_subset
flame3_00396,-1,unknown,raw\flame3\FLAME 3 CV Dataset (Sycan Marsh)\Fire\RGB\Raw\00396.JPG,flame3_cv_subset
flame3_00397,-1,unknown,raw\flame3\FLAME 3 CV Dataset (Sycan Marsh)\Fire\RGB\Raw\00397.JPG,flame3_cv_subset
flame3_00398,-1,unknown,raw\flame3\FLAME 3 CV Dataset (Sycan Marsh)\Fire\RGB\Raw\00398.JPG,flame3_cv_subset
flame3_00399,-1,unknown,raw\flame3\FLAME 3 CV Dataset (Sycan Marsh)\Fire\RGB\Raw\00399.JPG,flame3_cv_subset
flame3_00400,-1,unknown,raw\flame3\FLAME 3 CV Dataset (Sycan Marsh)\Fire\RGB\Raw\00400.JPG,flame3_cv_subset
flame3_00401,-1,unknown,raw\flame3\FLAME 3 CV Dataset (Sycan Marsh)\Fire\RGB\Raw\00401.JPG,flame3_cv_subset
flame3_00402,-1,unknown,raw\flame3\FLAME 3 CV Dataset (Sycan Marsh)\Fire\RGB\Raw\00402.JPG,flame3_cv_subset
flame3_00403,-1,unknown,raw\flame3\FLAME 3 CV Dataset (Sycan Marsh)\Fire\RGB\Raw\00403.JPG,flame3_cv_subset
flame3_00404,-1,unknown,raw\flame3\FLAME 3 CV Dataset (Sycan Marsh)\Fire\RGB\Raw\00404.JPG,flame3_cv_subset
flame3_00405,-1,unknown,raw\flame3\FLAME 3 CV Dataset (Sycan Marsh)\Fire\RGB\Raw\00405.JPG,flame3_cv_subset
flame3_00406,-1,unknown,raw\flame3\FLAME 3 CV Dataset (Sycan Marsh)\Fire\RGB\Raw\00406.JPG,flame3_cv_subset
flame3_00407,-1,unknown,raw\flame3\FLAME 3 CV Dataset (Sycan Marsh)\Fire\RGB\Raw\00407.JPG,flame3_cv_subset
flame3_00408,-1,unknown,raw\flame3\FLAME 3 CV Dataset (Sycan Marsh)\Fire\RGB\Raw\00408.JPG,flame3_cv_subset
flame3_00409,-1,unknown,raw\flame3\FLAME 3 CV Dataset (Sycan Marsh)\Fire\RGB\Raw\00409.JPG,flame3_cv_subset
flame3_00410,-1,unknown,raw\flame3\FLAME 3 CV Dataset (Sycan Marsh)\Fire\RGB\Raw\00410.JPG,flame3_cv_subset
flame3_00411,-1,unknown,raw\flame3\FLAME 3 CV Dataset (Sycan Marsh)\Fire\RGB\Raw\00411.JPG,flame3_cv_subset
flame3_00412,-1,unknown,raw\flame3\FLAME 3 CV Dataset (Sycan Marsh)\Fire\RGB\Raw\00412.JPG,flame3_cv_subset
flame3_00413,-1,unknown,raw\flame3\FLAME 3 CV Dataset (Sycan Marsh)\Fire\RGB\Raw\00413.JPG,flame3_cv_subset
flame3_00414,-1,unknown,raw\flame3\FLAME 3 CV Dataset (Sycan Marsh)\Fire\RGB\Raw\00414.JPG,flame3_cv_subset
flame3_00415,-1,unknown,raw\flame3\FLAME 3 CV Dataset (Sycan Marsh)\Fire\RGB\Raw\00415.JPG,flame3_cv_subset
flame3_00416,-1,unknown,raw\flame3\FLAME 3 CV Dataset (Sycan Marsh)\Fire\RGB\Raw\00416.JPG,flame3_cv_subset
flame3_00417,-1,unknown,raw\flame3\FLAME 3 CV Dataset (Sycan Marsh)\Fire\RGB\Raw\00417.JPG,flame3_cv_subset
flame3_00418,-1,unknown,raw\flame3\FLAME 3 CV Dataset (Sycan Marsh)\Fire\RGB\Raw\00418.JPG,flame3_cv_subset
flame3_00419,-1,unknown,raw\flame3\FLAME 3 CV Dataset (Sycan Marsh)\Fire\RGB\Raw\00419.JPG,flame3_cv_subset
flame3_00420,-1,unknown,raw\flame3\FLAME 3 CV Dataset (Sycan Marsh)\Fire\RGB\Raw\00420.JPG,flame3_cv_subset
flame3_00421,-1,unknown,raw\flame3\FLAME 3 CV Dataset (Sycan Marsh)\Fire\RGB\Raw\00421.JPG,flame3_cv_subset
flame3_00422,-1,unknown,raw\flame3\FLAME 3 CV Dataset (Sycan Marsh)\Fire\RGB\Raw\00422.JPG,flame3_cv_subset
flame3_00423,-1,unknown,raw\flame3\FLAME 3 CV Dataset (Sycan Marsh)\Fire\RGB\Raw\00423.JPG,flame3_cv_subset
flame3_00424,-1,unknown,raw\flame3\FLAME 3 CV Dataset (Sycan Marsh)\Fire\RGB\Raw\00424.JPG,flame3_cv_subset
flame3_00425,-1,unknown,raw\flame3\FLAME 3 CV Dataset (Sycan Marsh)\Fire\RGB\Raw\00425.JPG,flame3_cv_subset
flame3_00426,-1,unknown,raw\flame3\FLAME 3 CV Dataset (Sycan Marsh)\Fire\RGB\Raw\00426.JPG,flame3_cv_subset
flame3_00427,-1,unknown,raw\flame3\FLAME 3 CV Dataset (Sycan Marsh)\Fire\RGB\Raw\00427.JPG,flame3_cv_subset
flame3_00428,-1,unknown,raw\flame3\FLAME 3 CV Dataset (Sycan Marsh)\Fire\RGB\Raw\00428.JPG,flame3_cv_subset
flame3_00429,-1,unknown,raw\flame3\FLAME 3 CV Dataset (Sycan Marsh)\Fire\RGB\Raw\00429.JPG,flame3_cv_subset
flame3_00430,-1,unknown,raw\flame3\FLAME 3 CV Dataset (Sycan Marsh)\Fire\RGB\Raw\00430.JPG,flame3_cv_subset
flame3_00431,-1,unknown,raw\flame3\FLAME 3 CV Dataset (Sycan Marsh)\Fire\RGB\Raw\00431.JPG,flame3_cv_subset
flame3_00432,-1,unknown,raw\flame3\FLAME 3 CV Dataset (Sycan Marsh)\Fire\RGB\Raw\00432.JPG,flame3_cv_subset
flame3_00433,-1,unknown,raw\flame3\FLAME 3 CV Dataset (Sycan Marsh)\Fire\RGB\Raw\00433.JPG,flame3_cv_subset
flame3_00434,-1,unknown,raw\flame3\FLAME 3 CV Dataset (Sycan Marsh)\Fire\RGB\Raw\00434.JPG,flame3_cv_subset
flame3_00435,-1,unknown,raw\flame3\FLAME 3 CV Dataset (Sycan Marsh)\Fire\RGB\Raw\00435.JPG,flame3_cv_subset
flame3_00436,-1,unknown,raw\flame3\FLAME 3 CV Dataset (Sycan Marsh)\Fire\RGB\Raw\00436.JPG,flame3_cv_subset
flame3_00437,-1,unknown,raw\flame3\FLAME 3 CV Dataset (Sycan Marsh)\Fire\RGB\Raw\00437.JPG,flame3_cv_subset
flame3_00438,-1,unknown,raw\flame3\FLAME 3 CV Dataset (Sycan Marsh)\Fire\RGB\Raw\00438.JPG,flame3_cv_subset
flame3_00439,-1,unknown,raw\flame3\FLAME 3 CV Dataset (Sycan Marsh)\Fire\RGB\Raw\00439.JPG,flame3_cv_subset
flame3_00440,-1,unknown,raw\flame3\FLAME 3 CV Dataset (Sycan Marsh)\Fire\RGB\Raw\00440.JPG,flame3_cv_subset
flame3_00441,-1,unknown,raw\flame3\FLAME 3 CV Dataset (Sycan Marsh)\Fire\RGB\Raw\00441.JPG,flame3_cv_subset
flame3_00442,-1,unknown,raw\flame3\FLAME 3 CV Dataset (Sycan Marsh)\Fire\RGB\Raw\00442.JPG,flame3_cv_subset
flame3_00443,-1,unknown,raw\flame3\FLAME 3 CV Dataset (Sycan Marsh)\Fire\RGB\Raw\00443.JPG,flame3_cv_subset
flame3_00444,-1,unknown,raw\flame3\FLAME 3 CV Dataset (Sycan Marsh)\Fire\RGB\Raw\00444.JPG,flame3_cv_subset
flame3_00445,-1,unknown,raw\flame3\FLAME 3 CV Dataset (Sycan Marsh)\Fire\RGB\Raw\00445.JPG,flame3_cv_subset
flame3_00446,-1,unknown,raw\flame3\FLAME 3 CV Dataset (Sycan Marsh)\Fire\RGB\Raw\00446.JPG,flame3_cv_subset
flame3_00447,-1,unknown,raw\flame3\FLAME 3 CV Dataset (Sycan Marsh)\Fire\RGB\Raw\00447.JPG,flame3_cv_subset
flame3_00448,-1,unknown,raw\flame3\FLAME 3 CV Dataset (Sycan Marsh)\Fire\RGB\Raw\00448.JPG,flame3_cv_subset
flame3_00449,-1,unknown,raw\flame3\FLAME 3 CV Dataset (Sycan Marsh)\Fire\RGB\Raw\00449.JPG,flame3_cv_subset
flame3_00450,-1,unknown,raw\flame3\FLAME 3 CV Dataset (Sycan Marsh)\Fire\RGB\Raw\00450.JPG,flame3_cv_subset
flame3_00451,-1,unknown,raw\flame3\FLAME 3 CV Dataset (Sycan Marsh)\Fire\RGB\Raw\00451.JPG,flame3_cv_subset
flame3_00452,-1,unknown,raw\flame3\FLAME 3 CV Dataset (Sycan Marsh)\Fire\RGB\Raw\00452.JPG,flame3_cv_subset
flame3_00453,-1,unknown,raw\flame3\FLAME 3 CV Dataset (Sycan Marsh)\Fire\RGB\Raw\00453.JPG,flame3_cv_subset
flame3_00454,-1,unknown,raw\flame3\FLAME 3 CV Dataset (Sycan Marsh)\Fire\RGB\Raw\00454.JPG,flame3_cv_subset
flame3_00455,-1,unknown,raw\flame3\FLAME 3 CV Dataset (Sycan Marsh)\Fire\RGB\Raw\00455.JPG,flame3_cv_subset
flame3_00456,-1,unknown,raw\flame3\FLAME 3 CV Dataset (Sycan Marsh)\Fire\RGB\Raw\00456.JPG,flame3_cv_subset
flame3_00457,-1,unknown,raw\flame3\FLAME 3 CV Dataset (Sycan Marsh)\Fire\RGB\Raw\00457.JPG,flame3_cv_subset
flame3_00458,-1,unknown,raw\flame3\FLAME 3 CV Dataset (Sycan Marsh)\Fire\RGB\Raw\00458.JPG,flame3_cv_subset
flame3_00459,-1,unknown,raw\flame3\FLAME 3 CV Dataset (Sycan Marsh)\Fire\RGB\Raw\00459.JPG,flame3_cv_subset
flame3_00460,-1,unknown,raw\flame3\FLAME 3 CV Dataset (Sycan Marsh)\Fire\RGB\Raw\00460.JPG,flame3_cv_subset
flame3_00461,-1,unknown,raw\flame3\FLAME 3 CV Dataset (Sycan Marsh)\Fire\RGB\Raw\00461.JPG,flame3_cv_subset
flame3_00462,-1,unknown,raw\flame3\FLAME 3 CV Dataset (Sycan Marsh)\Fire\RGB\Raw\00462.JPG,flame3_cv_subset
flame3_00463,-1,unknown,raw\flame3\FLAME 3 CV Dataset (Sycan Marsh)\Fire\RGB\Raw\00463.JPG,flame3_cv_subset
flame3_00464,-1,unknown,raw\flame3\FLAME 3 CV Dataset (Sycan Marsh)\Fire\RGB\Raw\00464.JPG,flame3_cv_subset
flame3_00465,-1,unknown,raw\flame3\FLAME 3 CV Dataset (Sycan Marsh)\Fire\RGB\Raw\00465.JPG,flame3_cv_subset
flame3_00466,-1,unknown,raw\flame3\FLAME 3 CV Dataset (Sycan Marsh)\Fire\RGB\Raw\00466.JPG,flame3_cv_subset
flame3_00467,-1,unknown,raw\flame3\FLAME 3 CV Dataset (Sycan Marsh)\Fire\RGB\Raw\00467.JPG,flame3_cv_subset
flame3_00468,-1,unknown,raw\flame3\FLAME 3 CV Dataset (Sycan Marsh)\Fire\RGB\Raw\00468.JPG,flame3_cv_subset
flame3_00469,-1,unknown,raw\flame3\FLAME 3 CV Dataset (Sycan Marsh)\Fire\RGB\Raw\00469.JPG,flame3_cv_subset
flame3_00470,-1,unknown,raw\flame3\FLAME 3 CV Dataset (Sycan Marsh)\Fire\RGB\Raw\00470.JPG,flame3_cv_subset
flame3_00471,-1,unknown,raw\flame3\FLAME 3 CV Dataset (Sycan Marsh)\Fire\RGB\Raw\00471.JPG,flame3_cv_subset
flame3_00472,-1,unknown,raw\flame3\FLAME 3 CV Dataset (Sycan Marsh)\Fire\RGB\Raw\00472.JPG,flame3_cv_subset
flame3_00473,-1,unknown,raw\flame3\FLAME 3 CV Dataset (Sycan Marsh)\Fire\RGB\Raw\00473.JPG,flame3_cv_subset
flame3_00474,-1,unknown,raw\flame3\FLAME 3 CV Dataset (Sycan Marsh)\Fire\RGB\Raw\00474.JPG,flame3_cv_subset
flame3_00475,-1,unknown,raw\flame3\FLAME 3 CV Dataset (Sycan Marsh)\Fire\RGB\Raw\00475.JPG,flame3_cv_subset
flame3_00476,-1,unknown,raw\flame3\FLAME 3 CV Dataset (Sycan Marsh)\Fire\RGB\Raw\00476.JPG,flame3_cv_subset
flame3_00477,-1,unknown,raw\flame3\FLAME 3 CV Dataset (Sycan Marsh)\Fire\RGB\Raw\00477.JPG,flame3_cv_subset
flame3_00478,-1,unknown,raw\flame3\FLAME 3 CV Dataset (Sycan Marsh)\Fire\RGB\Raw\00478.JPG,flame3_cv_subset
flame3_00479,-1,unknown,raw\flame3\FLAME 3 CV Dataset (Sycan Marsh)\Fire\RGB\Raw\00479.JPG,flame3_cv_subset
flame3_00480,-1,unknown,raw\flame3\FLAME 3 CV Dataset (Sycan Marsh)\Fire\RGB\Raw\00480.JPG,flame3_cv_subset
flame3_00481,-1,unknown,raw\flame3\FLAME 3 CV Dataset (Sycan Marsh)\Fire\RGB\Raw\00481.JPG,flame3_cv_subset
flame3_00482,-1,unknown,raw\flame3\FLAME 3 CV Dataset (Sycan Marsh)\Fire\RGB\Raw\00482.JPG,flame3_cv_subset
flame3_00483,-1,unknown,raw\flame3\FLAME 3 CV Dataset (Sycan Marsh)\Fire\RGB\Raw\00483.JPG,flame3_cv_subset
flame3_00484,-1,unknown,raw\flame3\FLAME 3 CV Dataset (Sycan Marsh)\Fire\RGB\Raw\00484.JPG,flame3_cv_subset
flame3_00485,-1,unknown,raw\flame3\FLAME 3 CV Dataset (Sycan Marsh)\Fire\RGB\Raw\00485.JPG,flame3_cv_subset
flame3_00486,-1,unknown,raw\flame3\FLAME 3 CV Dataset (Sycan Marsh)\Fire\RGB\Raw\00486.JPG,flame3_cv_subset
flame3_00487,-1,unknown,raw\flame3\FLAME 3 CV Dataset (Sycan Marsh)\Fire\RGB\Raw\00487.JPG,flame3_cv_subset
flame3_00488,-1,unknown,raw\flame3\FLAME 3 CV Dataset (Sycan Marsh)\Fire\RGB\Raw\00488.JPG,flame3_cv_subset
flame3_00489,-1,unknown,raw\flame3\FLAME 3 CV Dataset (Sycan Marsh)\Fire\RGB\Raw\00489.JPG,flame3_cv_subset
flame3_00490,-1,unknown,raw\flame3\FLAME 3 CV Dataset (Sycan Marsh)\Fire\RGB\Raw\00490.JPG,flame3_cv_subset
flame3_00491,-1,unknown,raw\flame3\FLAME 3 CV Dataset (Sycan Marsh)\Fire\RGB\Raw\00491.JPG,flame3_cv_subset
flame3_00492,-1,unknown,raw\flame3\FLAME 3 CV Dataset (Sycan Marsh)\Fire\RGB\Raw\00492.JPG,flame3_cv_subset
flame3_00493,-1,unknown,raw\flame3\FLAME 3 CV Dataset (Sycan Marsh)\Fire\RGB\Raw\00493.JPG,flame3_cv_subset
flame3_00494,-1,unknown,raw\flame3\FLAME 3 CV Dataset (Sycan Marsh)\Fire\RGB\Raw\00494.JPG,flame3_cv_subset
flame3_00495,-1,unknown,raw\flame3\FLAME 3 CV Dataset (Sycan Marsh)\Fire\RGB\Raw\00495.JPG,flame3_cv_subset
flame3_00496,-1,unknown,raw\flame3\FLAME 3 CV Dataset (Sycan Marsh)\Fire\RGB\Raw\00496.JPG,flame3_cv_subset
flame3_00497,-1,unknown,raw\flame3\FLAME 3 CV Dataset (Sycan Marsh)\Fire\RGB\Raw\00497.JPG,flame3_cv_subset
flame3_00498,-1,unknown,raw\flame3\FLAME 3 CV Dataset (Sycan Marsh)\Fire\RGB\Raw\00498.JPG,flame3_cv_subset
flame3_00499,-1,unknown,raw\flame3\FLAME 3 CV Dataset (Sycan Marsh)\Fire\RGB\Raw\00499.JPG,flame3_cv_subset
flame3_00500,-1,unknown,raw\flame3\FLAME 3 CV Dataset (Sycan Marsh)\Fire\RGB\Raw\00500.JPG,flame3_cv_subset
flame3_00501,-1,unknown,raw\flame3\FLAME 3 CV Dataset (Sycan Marsh)\Fire\RGB\Raw\00501.JPG,flame3_cv_subset
flame3_00502,-1,unknown,raw\flame3\FLAME 3 CV Dataset (Sycan Marsh)\Fire\RGB\Raw\00502.JPG,flame3_cv_subset
flame3_00503,-1,unknown,raw\flame3\FLAME 3 CV Dataset (Sycan Marsh)\Fire\RGB\Raw\00503.JPG,flame3_cv_subset
flame3_00504,-1,unknown,raw\flame3\FLAME 3 CV Dataset (Sycan Marsh)\Fire\RGB\Raw\00504.JPG,flame3_cv_subset
flame3_00505,-1,unknown,raw\flame3\FLAME 3 CV Dataset (Sycan Marsh)\Fire\RGB\Raw\00505.JPG,flame3_cv_subset
flame3_00506,-1,unknown,raw\flame3\FLAME 3 CV Dataset (Sycan Marsh)\Fire\RGB\Raw\00506.JPG,flame3_cv_subset
flame3_00507,-1,unknown,raw\flame3\FLAME 3 CV Dataset (Sycan Marsh)\Fire\RGB\Raw\00507.JPG,flame3_cv_subset
flame3_00508,-1,unknown,raw\flame3\FLAME 3 CV Dataset (Sycan Marsh)\Fire\RGB\Raw\00508.JPG,flame3_cv_subset
flame3_00509,-1,unknown,raw\flame3\FLAME 3 CV Dataset (Sycan Marsh)\Fire\RGB\Raw\00509.JPG,flame3_cv_subset
flame3_00510,-1,unknown,raw\flame3\FLAME 3 CV Dataset (Sycan Marsh)\Fire\RGB\Raw\00510.JPG,flame3_cv_subset
flame3_00511,-1,unknown,raw\flame3\FLAME 3 CV Dataset (Sycan Marsh)\Fire\RGB\Raw\00511.JPG,flame3_cv_subset
flame3_00512,-1,unknown,raw\flame3\FLAME 3 CV Dataset (Sycan Marsh)\Fire\RGB\Raw\00512.JPG,flame3_cv_subset
flame3_00513,-1,unknown,raw\flame3\FLAME 3 CV Dataset (Sycan Marsh)\Fire\RGB\Raw\00513.JPG,flame3_cv_subset
flame3_00514,-1,unknown,raw\flame3\FLAME 3 CV Dataset (Sycan Marsh)\Fire\RGB\Raw\00514.JPG,flame3_cv_subset
flame3_00515,-1,unknown,raw\flame3\FLAME 3 CV Dataset (Sycan Marsh)\Fire\RGB\Raw\00515.JPG,flame3_cv_subset
flame3_00516,-1,unknown,raw\flame3\FLAME 3 CV Dataset (Sycan Marsh)\Fire\RGB\Raw\00516.JPG,flame3_cv_subset
flame3_00517,-1,unknown,raw\flame3\FLAME 3 CV Dataset (Sycan Marsh)\Fire\RGB\Raw\00517.JPG,flame3_cv_subset
flame3_00518,-1,unknown,raw\flame3\FLAME 3 CV Dataset (Sycan Marsh)\Fire\RGB\Raw\00518.JPG,flame3_cv_subset
flame3_00519,-1,unknown,raw\flame3\FLAME 3 CV Dataset (Sycan Marsh)\Fire\RGB\Raw\00519.JPG,flame3_cv_subset
flame3_00520,-1,unknown,raw\flame3\FLAME 3 CV Dataset (Sycan Marsh)\Fire\RGB\Raw\00520.JPG,flame3_cv_subset
flame3_00521,-1,unknown,raw\flame3\FLAME 3 CV Dataset (Sycan Marsh)\Fire\RGB\Raw\00521.JPG,flame3_cv_subset
flame3_00522,-1,unknown,raw\flame3\FLAME 3 CV Dataset (Sycan Marsh)\Fire\RGB\Raw\00522.JPG,flame3_cv_subset
flame3_00523,-1,unknown,raw\flame3\FLAME 3 CV Dataset (Sycan Marsh)\Fire\RGB\Raw\00523.JPG,flame3_cv_subset
flame3_00524,-1,unknown,raw\flame3\FLAME 3 CV Dataset (Sycan Marsh)\Fire\RGB\Raw\00524.JPG,flame3_cv_subset
flame3_00525,-1,unknown,raw\flame3\FLAME 3 CV Dataset (Sycan Marsh)\Fire\RGB\Raw\00525.JPG,flame3_cv_subset
flame3_00526,-1,unknown,raw\flame3\FLAME 3 CV Dataset (Sycan Marsh)\Fire\RGB\Raw\00526.JPG,flame3_cv_subset
flame3_00527,-1,unknown,raw\flame3\FLAME 3 CV Dataset (Sycan Marsh)\Fire\RGB\Raw\00527.JPG,flame3_cv_subset
flame3_00528,-1,unknown,raw\flame3\FLAME 3 CV Dataset (Sycan Marsh)\Fire\RGB\Raw\00528.JPG,flame3_cv_subset
flame3_00529,-1,unknown,raw\flame3\FLAME 3 CV Dataset (Sycan Marsh)\Fire\RGB\Raw\00529.JPG,flame3_cv_subset
flame3_00530,-1,unknown,raw\flame3\FLAME 3 CV Dataset (Sycan Marsh)\Fire\RGB\Raw\00530.JPG,flame3_cv_subset
flame3_00531,-1,unknown,raw\flame3\FLAME 3 CV Dataset (Sycan Marsh)\Fire\RGB\Raw\00531.JPG,flame3_cv_subset
flame3_00532,-1,unknown,raw\flame3\FLAME 3 CV Dataset (Sycan Marsh)\Fire\RGB\Raw\00532.JPG,flame3_cv_subset
flame3_00533,-1,unknown,raw\flame3\FLAME 3 CV Dataset (Sycan Marsh)\Fire\RGB\Raw\00533.JPG,flame3_cv_subset
flame3_00534,-1,unknown,raw\flame3\FLAME 3 CV Dataset (Sycan Marsh)\Fire\RGB\Raw\00534.JPG,flame3_cv_subset
flame3_00535,-1,unknown,raw\flame3\FLAME 3 CV Dataset (Sycan Marsh)\Fire\RGB\Raw\00535.JPG,flame3_cv_subset
flame3_00536,-1,unknown,raw\flame3\FLAME 3 CV Dataset (Sycan Marsh)\Fire\RGB\Raw\00536.JPG,flame3_cv_subset
flame3_00537,-1,unknown,raw\flame3\FLAME 3 CV Dataset (Sycan Marsh)\Fire\RGB\Raw\00537.JPG,flame3_cv_subset
flame3_00538,-1,unknown,raw\flame3\FLAME 3 CV Dataset (Sycan Marsh)\Fire\RGB\Raw\00538.JPG,flame3_cv_subset
flame3_00539,-1,unknown,raw\flame3\FLAME 3 CV Dataset (Sycan Marsh)\Fire\RGB\Raw\00539.JPG,flame3_cv_subset
flame3_00540,-1,unknown,raw\flame3\FLAME 3 CV Dataset (Sycan Marsh)\Fire\RGB\Raw\00540.JPG,flame3_cv_subset
flame3_00541,-1,unknown,raw\flame3\FLAME 3 CV Dataset (Sycan Marsh)\Fire\RGB\Raw\00541.JPG,flame3_cv_subset
flame3_00542,-1,unknown,raw\flame3\FLAME 3 CV Dataset (Sycan Marsh)\Fire\RGB\Raw\00542.JPG,flame3_cv_subset
flame3_00543,-1,unknown,raw\flame3\FLAME 3 CV Dataset (Sycan Marsh)\Fire\RGB\Raw\00543.JPG,flame3_cv_subset
flame3_00544,-1,unknown,raw\flame3\FLAME 3 CV Dataset (Sycan Marsh)\Fire\RGB\Raw\00544.JPG,flame3_cv_subset
flame3_00545,-1,unknown,raw\flame3\FLAME 3 CV Dataset (Sycan Marsh)\Fire\RGB\Raw\00545.JPG,flame3_cv_subset
flame3_00546,-1,unknown,raw\flame3\FLAME 3 CV Dataset (Sycan Marsh)\Fire\RGB\Raw\00546.JPG,flame3_cv_subset
flame3_00547,-1,unknown,raw\flame3\FLAME 3 CV Dataset (Sycan Marsh)\Fire\RGB\Raw\00547.JPG,flame3_cv_subset
flame3_00548,-1,unknown,raw\flame3\FLAME 3 CV Dataset (Sycan Marsh)\Fire\RGB\Raw\00548.JPG,flame3_cv_subset
flame3_00549,-1,unknown,raw\flame3\FLAME 3 CV Dataset (Sycan Marsh)\Fire\RGB\Raw\00549.JPG,flame3_cv_subset
flame3_00550,-1,unknown,raw\flame3\FLAME 3 CV Dataset (Sycan Marsh)\Fire\RGB\Raw\00550.JPG,flame3_cv_subset
flame3_00551,-1,unknown,raw\flame3\FLAME 3 CV Dataset (Sycan Marsh)\Fire\RGB\Raw\00551.JPG,flame3_cv_subset
flame3_00552,-1,unknown,raw\flame3\FLAME 3 CV Dataset (Sycan Marsh)\Fire\RGB\Raw\00552.JPG,flame3_cv_subset
flame3_00553,-1,unknown,raw\flame3\FLAME 3 CV Dataset (Sycan Marsh)\Fire\RGB\Raw\00553.JPG,flame3_cv_subset
flame3_00554,-1,unknown,raw\flame3\FLAME 3 CV Dataset (Sycan Marsh)\Fire\RGB\Raw\00554.JPG,flame3_cv_subset
flame3_00555,-1,unknown,raw\flame3\FLAME 3 CV Dataset (Sycan Marsh)\Fire\RGB\Raw\00555.JPG,flame3_cv_subset
flame3_00556,-1,unknown,raw\flame3\FLAME 3 CV Dataset (Sycan Marsh)\Fire\RGB\Raw\00556.JPG,flame3_cv_subset
flame3_00557,-1,unknown,raw\flame3\FLAME 3 CV Dataset (Sycan Marsh)\Fire\RGB\Raw\00557.JPG,flame3_cv_subset
flame3_00558,-1,unknown,raw\flame3\FLAME 3 CV Dataset (Sycan Marsh)\Fire\RGB\Raw\00558.JPG,flame3_cv_subset
flame3_00559,-1,unknown,raw\flame3\FLAME 3 CV Dataset (Sycan Marsh)\Fire\RGB\Raw\00559.JPG,flame3_cv_subset
flame3_00560,-1,unknown,raw\flame3\FLAME 3 CV Dataset (Sycan Marsh)\Fire\RGB\Raw\00560.JPG,flame3_cv_subset
flame3_00561,-1,unknown,raw\flame3\FLAME 3 CV Dataset (Sycan Marsh)\Fire\RGB\Raw\00561.JPG,flame3_cv_subset
flame3_00562,-1,unknown,raw\flame3\FLAME 3 CV Dataset (Sycan Marsh)\Fire\RGB\Raw\00562.JPG,flame3_cv_subset
flame3_00563,-1,unknown,raw\flame3\FLAME 3 CV Dataset (Sycan Marsh)\Fire\RGB\Raw\00563.JPG,flame3_cv_subset
flame3_00564,-1,unknown,raw\flame3\FLAME 3 CV Dataset (Sycan Marsh)\Fire\RGB\Raw\00564.JPG,flame3_cv_subset
flame3_00565,-1,unknown,raw\flame3\FLAME 3 CV Dataset (Sycan Marsh)\Fire\RGB\Raw\00565.JPG,flame3_cv_subset
flame3_00566,-1,unknown,raw\flame3\FLAME 3 CV Dataset (Sycan Marsh)\Fire\RGB\Raw\00566.JPG,flame3_cv_subset
flame3_00567,-1,unknown,raw\flame3\FLAME 3 CV Dataset (Sycan Marsh)\Fire\RGB\Raw\00567.JPG,flame3_cv_subset
flame3_00568,-1,unknown,raw\flame3\FLAME 3 CV Dataset (Sycan Marsh)\Fire\RGB\Raw\00568.JPG,flame3_cv_subset
flame3_00569,-1,unknown,raw\flame3\FLAME 3 CV Dataset (Sycan Marsh)\Fire\RGB\Raw\00569.JPG,flame3_cv_subset
flame3_00570,-1,unknown,raw\flame3\FLAME 3 CV Dataset (Sycan Marsh)\Fire\RGB\Raw\00570.JPG,flame3_cv_subset
flame3_00571,-1,unknown,raw\flame3\FLAME 3 CV Dataset (Sycan Marsh)\Fire\RGB\Raw\00571.JPG,flame3_cv_subset
flame3_00572,-1,unknown,raw\flame3\FLAME 3 CV Dataset (Sycan Marsh)\Fire\RGB\Raw\00572.JPG,flame3_cv_subset
flame3_00573,-1,unknown,raw\flame3\FLAME 3 CV Dataset (Sycan Marsh)\Fire\RGB\Raw\00573.JPG,flame3_cv_subset
flame3_00574,-1,unknown,raw\flame3\FLAME 3 CV Dataset (Sycan Marsh)\Fire\RGB\Raw\00574.JPG,flame3_cv_subset
flame3_00575,-1,unknown,raw\flame3\FLAME 3 CV Dataset (Sycan Marsh)\Fire\RGB\Raw\00575.JPG,flame3_cv_subset
flame3_00576,-1,unknown,raw\flame3\FLAME 3 CV Dataset (Sycan Marsh)\Fire\RGB\Raw\00576.JPG,flame3_cv_subset
flame3_00577,-1,unknown,raw\flame3\FLAME 3 CV Dataset (Sycan Marsh)\Fire\RGB\Raw\00577.JPG,flame3_cv_subset
flame3_00578,-1,unknown,raw\flame3\FLAME 3 CV Dataset (Sycan Marsh)\Fire\RGB\Raw\00578.JPG,flame3_cv_subset
flame3_00579,-1,unknown,raw\flame3\FLAME 3 CV Dataset (Sycan Marsh)\Fire\RGB\Raw\00579.JPG,flame3_cv_subset
flame3_00580,-1,unknown,raw\flame3\FLAME 3 CV Dataset (Sycan Marsh)\Fire\RGB\Raw\00580.JPG,flame3_cv_subset
flame3_00581,-1,unknown,raw\flame3\FLAME 3 CV Dataset (Sycan Marsh)\Fire\RGB\Raw\00581.JPG,flame3_cv_subset
flame3_00582,-1,unknown,raw\flame3\FLAME 3 CV Dataset (Sycan Marsh)\Fire\RGB\Raw\00582.JPG,flame3_cv_subset
flame3_00583,-1,unknown,raw\flame3\FLAME 3 CV Dataset (Sycan Marsh)\Fire\RGB\Raw\00583.JPG,flame3_cv_subset
flame3_00584,-1,unknown,raw\flame3\FLAME 3 CV Dataset (Sycan Marsh)\Fire\RGB\Raw\00584.JPG,flame3_cv_subset
flame3_00585,-1,unknown,raw\flame3\FLAME 3 CV Dataset (Sycan Marsh)\Fire\RGB\Raw\00585.JPG,flame3_cv_subset
flame3_00586,-1,unknown,raw\flame3\FLAME 3 CV Dataset (Sycan Marsh)\Fire\RGB\Raw\00586.JPG,flame3_cv_subset
flame3_00587,-1,unknown,raw\flame3\FLAME 3 CV Dataset (Sycan Marsh)\Fire\RGB\Raw\00587.JPG,flame3_cv_subset
flame3_00588,-1,unknown,raw\flame3\FLAME 3 CV Dataset (Sycan Marsh)\Fire\RGB\Raw\00588.JPG,flame3_cv_subset
flame3_00589,-1,unknown,raw\flame3\FLAME 3 CV Dataset (Sycan Marsh)\Fire\RGB\Raw\00589.JPG,flame3_cv_subset
flame3_00590,-1,unknown,raw\flame3\FLAME 3 CV Dataset (Sycan Marsh)\Fire\RGB\Raw\00590.JPG,flame3_cv_subset
flame3_00591,-1,unknown,raw\flame3\FLAME 3 CV Dataset (Sycan Marsh)\Fire\RGB\Raw\00591.JPG,flame3_cv_subset
flame3_00592,-1,unknown,raw\flame3\FLAME 3 CV Dataset (Sycan Marsh)\Fire\RGB\Raw\00592.JPG,flame3_cv_subset
flame3_00593,-1,unknown,raw\flame3\FLAME 3 CV Dataset (Sycan Marsh)\Fire\RGB\Raw\00593.JPG,flame3_cv_subset
flame3_00594,-1,unknown,raw\flame3\FLAME 3 CV Dataset (Sycan Marsh)\Fire\RGB\Raw\00594.JPG,flame3_cv_subset
flame3_00595,-1,unknown,raw\flame3\FLAME 3 CV Dataset (Sycan Marsh)\Fire\RGB\Raw\00595.JPG,flame3_cv_subset
flame3_00596,-1,unknown,raw\flame3\FLAME 3 CV Dataset (Sycan Marsh)\Fire\RGB\Raw\00596.JPG,flame3_cv_subset
flame3_00597,-1,unknown,raw\flame3\FLAME 3 CV Dataset (Sycan Marsh)\Fire\RGB\Raw\00597.JPG,flame3_cv_subset
flame3_00598,-1,unknown,raw\flame3\FLAME 3 CV Dataset (Sycan Marsh)\Fire\RGB\Raw\00598.JPG,flame3_cv_subset
flame3_00599,-1,unknown,raw\flame3\FLAME 3 CV Dataset (Sycan Marsh)\Fire\RGB\Raw\00599.JPG,flame3_cv_subset
flame3_00600,-1,unknown,raw\flame3\FLAME 3 CV Dataset (Sycan Marsh)\Fire\RGB\Raw\00600.JPG,flame3_cv_subset
flame3_00601,-1,unknown,raw\flame3\FLAME 3 CV Dataset (Sycan Marsh)\Fire\RGB\Raw\00601.JPG,flame3_cv_subset
flame3_00602,-1,unknown,raw\flame3\FLAME 3 CV Dataset (Sycan Marsh)\Fire\RGB\Raw\00602.JPG,flame3_cv_subset
flame3_00603,-1,unknown,raw\flame3\FLAME 3 CV Dataset (Sycan Marsh)\Fire\RGB\Raw\00603.JPG,flame3_cv_subset
flame3_00604,-1,unknown,raw\flame3\FLAME 3 CV Dataset (Sycan Marsh)\Fire\RGB\Raw\00604.JPG,flame3_cv_subset
flame3_00605,-1,unknown,raw\flame3\FLAME 3 CV Dataset (Sycan Marsh)\Fire\RGB\Raw\00605.JPG,flame3_cv_subset
flame3_00606,-1,unknown,raw\flame3\FLAME 3 CV Dataset (Sycan Marsh)\Fire\RGB\Raw\00606.JPG,flame3_cv_subset
flame3_00607,-1,unknown,raw\flame3\FLAME 3 CV Dataset (Sycan Marsh)\Fire\RGB\Raw\00607.JPG,flame3_cv_subset
flame3_00608,-1,unknown,raw\flame3\FLAME 3 CV Dataset (Sycan Marsh)\Fire\RGB\Raw\00608.JPG,flame3_cv_subset
flame3_00609,-1,unknown,raw\flame3\FLAME 3 CV Dataset (Sycan Marsh)\Fire\RGB\Raw\00609.JPG,flame3_cv_subset
flame3_00610,-1,unknown,raw\flame3\FLAME 3 CV Dataset (Sycan Marsh)\Fire\RGB\Raw\00610.JPG,flame3_cv_subset
flame3_00611,-1,unknown,raw\flame3\FLAME 3 CV Dataset (Sycan Marsh)\Fire\RGB\Raw\00611.JPG,flame3_cv_subset
flame3_00612,-1,unknown,raw\flame3\FLAME 3 CV Dataset (Sycan Marsh)\Fire\RGB\Raw\00612.JPG,flame3_cv_subset
flame3_00613,-1,unknown,raw\flame3\FLAME 3 CV Dataset (Sycan Marsh)\Fire\RGB\Raw\00613.JPG,flame3_cv_subset
flame3_00614,-1,unknown,raw\flame3\FLAME 3 CV Dataset (Sycan Marsh)\Fire\RGB\Raw\00614.JPG,flame3_cv_subset
flame3_00615,-1,unknown,raw\flame3\FLAME 3 CV Dataset (Sycan Marsh)\Fire\RGB\Raw\00615.JPG,flame3_cv_subset
flame3_00616,-1,unknown,raw\flame3\FLAME 3 CV Dataset (Sycan Marsh)\Fire\RGB\Raw\00616.JPG,flame3_cv_subset
flame3_00617,-1,unknown,raw\flame3\FLAME 3 CV Dataset (Sycan Marsh)\Fire\RGB\Raw\00617.JPG,flame3_cv_subset
flame3_00618,-1,unknown,raw\flame3\FLAME 3 CV Dataset (Sycan Marsh)\Fire\RGB\Raw\00618.JPG,flame3_cv_subset
flame3_00619,-1,unknown,raw\flame3\FLAME 3 CV Dataset (Sycan Marsh)\Fire\RGB\Raw\00619.JPG,flame3_cv_subset
flame3_00620,-1,unknown,raw\flame3\FLAME 3 CV Dataset (Sycan Marsh)\Fire\RGB\Raw\00620.JPG,flame3_cv_subset
flame3_00621,-1,unknown,raw\flame3\FLAME 3 CV Dataset (Sycan Marsh)\Fire\RGB\Raw\00621.JPG,flame3_cv_subset
flame3_00622,-1,unknown,raw\flame3\FLAME 3 CV Dataset (Sycan Marsh)\Fire\RGB\Raw\00622.JPG,flame3_cv_subset
flame3_00001,-1,unknown,raw\flame3\FLAME 3 CV Dataset (Sycan Marsh)\Fire\Thermal\Celsius TIFF\00001.TIFF,flame3_cv_subset
flame3_00002,-1,unknown,raw\flame3\FLAME 3 CV Dataset (Sycan Marsh)\Fire\Thermal\Celsius TIFF\00002.TIFF,flame3_cv_subset
flame3_00003,-1,unknown,raw\flame3\FLAME 3 CV Dataset (Sycan Marsh)\Fire\Thermal\Celsius TIFF\00003.TIFF,flame3_cv_subset
flame3_00004,-1,unknown,raw\flame3\FLAME 3 CV Dataset (Sycan Marsh)\Fire\Thermal\Celsius TIFF\00004.TIFF,flame3_cv_subset
flame3_00005,-1,unknown,raw\flame3\FLAME 3 CV Dataset (Sycan Marsh)\Fire\Thermal\Celsius TIFF\00005.TIFF,flame3_cv_subset
flame3_00006,-1,unknown,raw\flame3\FLAME 3 CV Dataset (Sycan Marsh)\Fire\Thermal\Celsius TIFF\00006.TIFF,flame3_cv_subset
flame3_00007,-1,unknown,raw\flame3\FLAME 3 CV Dataset (Sycan Marsh)\Fire\Thermal\Celsius TIFF\00007.TIFF,flame3_cv_subset
flame3_00008,-1,unknown,raw\flame3\FLAME 3 CV Dataset (Sycan Marsh)\Fire\Thermal\Celsius TIFF\00008.TIFF,flame3_cv_subset
flame3_00009,-1,unknown,raw\flame3\FLAME 3 CV Dataset (Sycan Marsh)\Fire\Thermal\Celsius TIFF\00009.TIFF,flame3_cv_subset
flame3_00010,-1,unknown,raw\flame3\FLAME 3 CV Dataset (Sycan Marsh)\Fire\Thermal\Celsius TIFF\00010.TIFF,flame3_cv_subset
flame3_00011,-1,unknown,raw\flame3\FLAME 3 CV Dataset (Sycan Marsh)\Fire\Thermal\Celsius TIFF\00011.TIFF,flame3_cv_subset
flame3_00012,-1,unknown,raw\flame3\FLAME 3 CV Dataset (Sycan Marsh)\Fire\Thermal\Celsius TIFF\00012.TIFF,flame3_cv_subset
flame3_00013,-1,unknown,raw\flame3\FLAME 3 CV Dataset (Sycan Marsh)\Fire\Thermal\Celsius TIFF\00013.TIFF,flame3_cv_subset
flame3_00014,-1,unknown,raw\flame3\FLAME 3 CV Dataset (Sycan Marsh)\Fire\Thermal\Celsius TIFF\00014.TIFF,flame3_cv_subset
flame3_00015,-1,unknown,raw\flame3\FLAME 3 CV Dataset (Sycan Marsh)\Fire\Thermal\Celsius TIFF\00015.TIFF,flame3_cv_subset
flame3_00016,-1,unknown,raw\flame3\FLAME 3 CV Dataset (Sycan Marsh)\Fire\Thermal\Celsius TIFF\00016.TIFF,flame3_cv_subset
flame3_00017,-1,unknown,raw\flame3\FLAME 3 CV Dataset (Sycan Marsh)\Fire\Thermal\Celsius TIFF\00017.TIFF,flame3_cv_subset
flame3_00018,-1,unknown,raw\flame3\FLAME 3 CV Dataset (Sycan Marsh)\Fire\Thermal\Celsius TIFF\00018.TIFF,flame3_cv_subset
flame3_00019,-1,unknown,raw\flame3\FLAME 3 CV Dataset (Sycan Marsh)\Fire\Thermal\Celsius TIFF\00019.TIFF,flame3_cv_subset
flame3_00020,-1,unknown,raw\flame3\FLAME 3 CV Dataset (Sycan Marsh)\Fire\Thermal\Celsius TIFF\00020.TIFF,flame3_cv_subset
flame3_00021,-1,unknown,raw\flame3\FLAME 3 CV Dataset (Sycan Marsh)\Fire\Thermal\Celsius TIFF\00021.TIFF,flame3_cv_subset
flame3_00022,-1,unknown,raw\flame3\FLAME 3 CV Dataset (Sycan Marsh)\Fire\Thermal\Celsius TIFF\00022.TIFF,flame3_cv_subset
flame3_00023,-1,unknown,raw\flame3\FLAME 3 CV Dataset (Sycan Marsh)\Fire\Thermal\Celsius TIFF\00023.TIFF,flame3_cv_subset
flame3_00024,-1,unknown,raw\flame3\FLAME 3 CV Dataset (Sycan Marsh)\Fire\Thermal\Celsius TIFF\00024.TIFF,flame3_cv_subset
flame3_00025,-1,unknown,raw\flame3\FLAME 3 CV Dataset (Sycan Marsh)\Fire\Thermal\Celsius TIFF\00025.TIFF,flame3_cv_subset
flame3_00026,-1,unknown,raw\flame3\FLAME 3 CV Dataset (Sycan Marsh)\Fire\Thermal\Celsius TIFF\00026.TIFF,flame3_cv_subset
flame3_00027,-1,unknown,raw\flame3\FLAME 3 CV Dataset (Sycan Marsh)\Fire\Thermal\Celsius TIFF\00027.TIFF,flame3_cv_subset
flame3_00028,-1,unknown,raw\flame3\FLAME 3 CV Dataset (Sycan Marsh)\Fire\Thermal\Celsius TIFF\00028.TIFF,flame3_cv_subset
flame3_00029,-1,unknown,raw\flame3\FLAME 3 CV Dataset (Sycan Marsh)\Fire\Thermal\Celsius TIFF\00029.TIFF,flame3_cv_subset
flame3_00030,-1,unknown,raw\flame3\FLAME 3 CV Dataset (Sycan Marsh)\Fire\Thermal\Celsius TIFF\00030.TIFF,flame3_cv_subset
flame3_00031,-1,unknown,raw\flame3\FLAME 3 CV Dataset (Sycan Marsh)\Fire\Thermal\Celsius TIFF\00031.TIFF,flame3_cv_subset
flame3_00032,-1,unknown,raw\flame3\FLAME 3 CV Dataset (Sycan Marsh)\Fire\Thermal\Celsius TIFF\00032.TIFF,flame3_cv_subset
flame3_00033,-1,unknown,raw\flame3\FLAME 3 CV Dataset (Sycan Marsh)\Fire\Thermal\Celsius TIFF\00033.TIFF,flame3_cv_subset
flame3_00034,-1,unknown,raw\flame3\FLAME 3 CV Dataset (Sycan Marsh)\Fire\Thermal\Celsius TIFF\00034.TIFF,flame3_cv_subset
flame3_00035,-1,unknown,raw\flame3\FLAME 3 CV Dataset (Sycan Marsh)\Fire\Thermal\Celsius TIFF\00035.TIFF,flame3_cv_subset
flame3_00036,-1,unknown,raw\flame3\FLAME 3 CV Dataset (Sycan Marsh)\Fire\Thermal\Celsius TIFF\00036.TIFF,flame3_cv_subset
flame3_00037,-1,unknown,raw\flame3\FLAME 3 CV Dataset (Sycan Marsh)\Fire\Thermal\Celsius TIFF\00037.TIFF,flame3_cv_subset
flame3_00038,-1,unknown,raw\flame3\FLAME 3 CV Dataset (Sycan Marsh)\Fire\Thermal\Celsius TIFF\00038.TIFF,flame3_cv_subset
flame3_00039,-1,unknown,raw\flame3\FLAME 3 CV Dataset (Sycan Marsh)\Fire\Thermal\Celsius TIFF\00039.TIFF,flame3_cv_subset
flame3_00040,-1,unknown,raw\flame3\FLAME 3 CV Dataset (Sycan Marsh)\Fire\Thermal\Celsius TIFF\00040.TIFF,flame3_cv_subset
flame3_00041,-1,unknown,raw\flame3\FLAME 3 CV Dataset (Sycan Marsh)\Fire\Thermal\Celsius TIFF\00041.TIFF,flame3_cv_subset
flame3_00042,-1,unknown,raw\flame3\FLAME 3 CV Dataset (Sycan Marsh)\Fire\Thermal\Celsius TIFF\00042.TIFF,flame3_cv_subset
flame3_00043,-1,unknown,raw\flame3\FLAME 3 CV Dataset (Sycan Marsh)\Fire\Thermal\Celsius TIFF\00043.TIFF,flame3_cv_subset
flame3_00044,-1,unknown,raw\flame3\FLAME 3 CV Dataset (Sycan Marsh)\Fire\Thermal\Celsius TIFF\00044.TIFF,flame3_cv_subset
flame3_00045,-1,unknown,raw\flame3\FLAME 3 CV Dataset (Sycan Marsh)\Fire\Thermal\Celsius TIFF\00045.TIFF,flame3_cv_subset
flame3_00046,-1,unknown,raw\flame3\FLAME 3 CV Dataset (Sycan Marsh)\Fire\Thermal\Celsius TIFF\00046.TIFF,flame3_cv_subset
flame3_00047,-1,unknown,raw\flame3\FLAME 3 CV Dataset (Sycan Marsh)\Fire\Thermal\Celsius TIFF\00047.TIFF,flame3_cv_subset
flame3_00048,-1,unknown,raw\flame3\FLAME 3 CV Dataset (Sycan Marsh)\Fire\Thermal\Celsius TIFF\00048.TIFF,flame3_cv_subset
flame3_00049,-1,unknown,raw\flame3\FLAME 3 CV Dataset (Sycan Marsh)\Fire\Thermal\Celsius TIFF\00049.TIFF,flame3_cv_subset
flame3_00050,-1,unknown,raw\flame3\FLAME 3 CV Dataset (Sycan Marsh)\Fire\Thermal\Celsius TIFF\00050.TIFF,flame3_cv_subset
flame3_00051,-1,unknown,raw\flame3\FLAME 3 CV Dataset (Sycan Marsh)\Fire\Thermal\Celsius TIFF\00051.TIFF,flame3_cv_subset
flame3_00052,-1,unknown,raw\flame3\FLAME 3 CV Dataset (Sycan Marsh)\Fire\Thermal\Celsius TIFF\00052.TIFF,flame3_cv_subset
flame3_00053,-1,unknown,raw\flame3\FLAME 3 CV Dataset (Sycan Marsh)\Fire\Thermal\Celsius TIFF\00053.TIFF,flame3_cv_subset
flame3_00054,-1,unknown,raw\flame3\FLAME 3 CV Dataset (Sycan Marsh)\Fire\Thermal\Celsius TIFF\00054.TIFF,flame3_cv_subset
flame3_00055,-1,unknown,raw\flame3\FLAME 3 CV Dataset (Sycan Marsh)\Fire\Thermal\Celsius TIFF\00055.TIFF,flame3_cv_subset
flame3_00056,-1,unknown,raw\flame3\FLAME 3 CV Dataset (Sycan Marsh)\Fire\Thermal\Celsius TIFF\00056.TIFF,flame3_cv_subset
flame3_00057,-1,unknown,raw\flame3\FLAME 3 CV Dataset (Sycan Marsh)\Fire\Thermal\Celsius TIFF\00057.TIFF,flame3_cv_subset
flame3_00058,-1,unknown,raw\flame3\FLAME 3 CV Dataset (Sycan Marsh)\Fire\Thermal\Celsius TIFF\00058.TIFF,flame3_cv_subset
flame3_00059,-1,unknown,raw\flame3\FLAME 3 CV Dataset (Sycan Marsh)\Fire\Thermal\Celsius TIFF\00059.TIFF,flame3_cv_subset
flame3_00060,-1,unknown,raw\flame3\FLAME 3 CV Dataset (Sycan Marsh)\Fire\Thermal\Celsius TIFF\00060.TIFF,flame3_cv_subset
flame3_00061,-1,unknown,raw\flame3\FLAME 3 CV Dataset (Sycan Marsh)\Fire\Thermal\Celsius TIFF\00061.TIFF,flame3_cv_subset
flame3_00062,-1,unknown,raw\flame3\FLAME 3 CV Dataset (Sycan Marsh)\Fire\Thermal\Celsius TIFF\00062.TIFF,flame3_cv_subset
flame3_00063,-1,unknown,raw\flame3\FLAME 3 CV Dataset (Sycan Marsh)\Fire\Thermal\Celsius TIFF\00063.TIFF,flame3_cv_subset
flame3_00064,-1,unknown,raw\flame3\FLAME 3 CV Dataset (Sycan Marsh)\Fire\Thermal\Celsius TIFF\00064.TIFF,flame3_cv_subset
flame3_00065,-1,unknown,raw\flame3\FLAME 3 CV Dataset (Sycan Marsh)\Fire\Thermal\Celsius TIFF\00065.TIFF,flame3_cv_subset
flame3_00066,-1,unknown,raw\flame3\FLAME 3 CV Dataset (Sycan Marsh)\Fire\Thermal\Celsius TIFF\00066.TIFF,flame3_cv_subset
flame3_00067,-1,unknown,raw\flame3\FLAME 3 CV Dataset (Sycan Marsh)\Fire\Thermal\Celsius TIFF\00067.TIFF,flame3_cv_subset
flame3_00068,-1,unknown,raw\flame3\FLAME 3 CV Dataset (Sycan Marsh)\Fire\Thermal\Celsius TIFF\00068.TIFF,flame3_cv_subset
flame3_00069,-1,unknown,raw\flame3\FLAME 3 CV Dataset (Sycan Marsh)\Fire\Thermal\Celsius TIFF\00069.TIFF,flame3_cv_subset
flame3_00070,-1,unknown,raw\flame3\FLAME 3 CV Dataset (Sycan Marsh)\Fire\Thermal\Celsius TIFF\00070.TIFF,flame3_cv_subset
flame3_00071,-1,unknown,raw\flame3\FLAME 3 CV Dataset (Sycan Marsh)\Fire\Thermal\Celsius TIFF\00071.TIFF,flame3_cv_subset
flame3_00072,-1,unknown,raw\flame3\FLAME 3 CV Dataset (Sycan Marsh)\Fire\Thermal\Celsius TIFF\00072.TIFF,flame3_cv_subset
flame3_00073,-1,unknown,raw\flame3\FLAME 3 CV Dataset (Sycan Marsh)\Fire\Thermal\Celsius TIFF\00073.TIFF,flame3_cv_subset
flame3_00074,-1,unknown,raw\flame3\FLAME 3 CV Dataset (Sycan Marsh)\Fire\Thermal\Celsius TIFF\00074.TIFF,flame3_cv_subset
flame3_00075,-1,unknown,raw\flame3\FLAME 3 CV Dataset (Sycan Marsh)\Fire\Thermal\Celsius TIFF\00075.TIFF,flame3_cv_subset
flame3_00076,-1,unknown,raw\flame3\FLAME 3 CV Dataset (Sycan Marsh)\Fire\Thermal\Celsius TIFF\00076.TIFF,flame3_cv_subset
flame3_00077,-1,unknown,raw\flame3\FLAME 3 CV Dataset (Sycan Marsh)\Fire\Thermal\Celsius TIFF\00077.TIFF,flame3_cv_subset
flame3_00078,-1,unknown,raw\flame3\FLAME 3 CV Dataset (Sycan Marsh)\Fire\Thermal\Celsius TIFF\00078.TIFF,flame3_cv_subset
flame3_00079,-1,unknown,raw\flame3\FLAME 3 CV Dataset (Sycan Marsh)\Fire\Thermal\Celsius TIFF\00079.TIFF,flame3_cv_subset
flame3_00080,-1,unknown,raw\flame3\FLAME 3 CV Dataset (Sycan Marsh)\Fire\Thermal\Celsius TIFF\00080.TIFF,flame3_cv_subset
flame3_00081,-1,unknown,raw\flame3\FLAME 3 CV Dataset (Sycan Marsh)\Fire\Thermal\Celsius TIFF\00081.TIFF,flame3_cv_subset
flame3_00082,-1,unknown,raw\flame3\FLAME 3 CV Dataset (Sycan Marsh)\Fire\Thermal\Celsius TIFF\00082.TIFF,flame3_cv_subset
flame3_00083,-1,unknown,raw\flame3\FLAME 3 CV Dataset (Sycan Marsh)\Fire\Thermal\Celsius TIFF\00083.TIFF,flame3_cv_subset
flame3_00084,-1,unknown,raw\flame3\FLAME 3 CV Dataset (Sycan Marsh)\Fire\Thermal\Celsius TIFF\00084.TIFF,flame3_cv_subset
flame3_00085,-1,unknown,raw\flame3\FLAME 3 CV Dataset (Sycan Marsh)\Fire\Thermal\Celsius TIFF\00085.TIFF,flame3_cv_subset
flame3_00086,-1,unknown,raw\flame3\FLAME 3 CV Dataset (Sycan Marsh)\Fire\Thermal\Celsius TIFF\00086.TIFF,flame3_cv_subset
flame3_00087,-1,unknown,raw\flame3\FLAME 3 CV Dataset (Sycan Marsh)\Fire\Thermal\Celsius TIFF\00087.TIFF,flame3_cv_subset
flame3_00088,-1,unknown,raw\flame3\FLAME 3 CV Dataset (Sycan Marsh)\Fire\Thermal\Celsius TIFF\00088.TIFF,flame3_cv_subset
flame3_00089,-1,unknown,raw\flame3\FLAME 3 CV Dataset (Sycan Marsh)\Fire\Thermal\Celsius TIFF\00089.TIFF,flame3_cv_subset
flame3_00090,-1,unknown,raw\flame3\FLAME 3 CV Dataset (Sycan Marsh)\Fire\Thermal\Celsius TIFF\00090.TIFF,flame3_cv_subset
flame3_00091,-1,unknown,raw\flame3\FLAME 3 CV Dataset (Sycan Marsh)\Fire\Thermal\Celsius TIFF\00091.TIFF,flame3_cv_subset
flame3_00092,-1,unknown,raw\flame3\FLAME 3 CV Dataset (Sycan Marsh)\Fire\Thermal\Celsius TIFF\00092.TIFF,flame3_cv_subset
flame3_00093,-1,unknown,raw\flame3\FLAME 3 CV Dataset (Sycan Marsh)\Fire\Thermal\Celsius TIFF\00093.TIFF,flame3_cv_subset
flame3_00094,-1,unknown,raw\flame3\FLAME 3 CV Dataset (Sycan Marsh)\Fire\Thermal\Celsius TIFF\00094.TIFF,flame3_cv_subset
flame3_00095,-1,unknown,raw\flame3\FLAME 3 CV Dataset (Sycan Marsh)\Fire\Thermal\Celsius TIFF\00095.TIFF,flame3_cv_subset
flame3_00096,-1,unknown,raw\flame3\FLAME 3 CV Dataset (Sycan Marsh)\Fire\Thermal\Celsius TIFF\00096.TIFF,flame3_cv_subset
flame3_00097,-1,unknown,raw\flame3\FLAME 3 CV Dataset (Sycan Marsh)\Fire\Thermal\Celsius TIFF\00097.TIFF,flame3_cv_subset
flame3_00098,-1,unknown,raw\flame3\FLAME 3 CV Dataset (Sycan Marsh)\Fire\Thermal\Celsius TIFF\00098.TIFF,flame3_cv_subset
flame3_00099,-1,unknown,raw\flame3\FLAME 3 CV Dataset (Sycan Marsh)\Fire\Thermal\Celsius TIFF\00099.TIFF,flame3_cv_subset
flame3_00100,-1,unknown,raw\flame3\FLAME 3 CV Dataset (Sycan Marsh)\Fire\Thermal\Celsius TIFF\00100.TIFF,flame3_cv_subset
flame3_00101,-1,unknown,raw\flame3\FLAME 3 CV Dataset (Sycan Marsh)\Fire\Thermal\Celsius TIFF\00101.TIFF,flame3_cv_subset
flame3_00102,-1,unknown,raw\flame3\FLAME 3 CV Dataset (Sycan Marsh)\Fire\Thermal\Celsius TIFF\00102.TIFF,flame3_cv_subset
flame3_00103,-1,unknown,raw\flame3\FLAME 3 CV Dataset (Sycan Marsh)\Fire\Thermal\Celsius TIFF\00103.TIFF,flame3_cv_subset
flame3_00104,-1,unknown,raw\flame3\FLAME 3 CV Dataset (Sycan Marsh)\Fire\Thermal\Celsius TIFF\00104.TIFF,flame3_cv_subset
flame3_00105,-1,unknown,raw\flame3\FLAME 3 CV Dataset (Sycan Marsh)\Fire\Thermal\Celsius TIFF\00105.TIFF,flame3_cv_subset
flame3_00106,-1,unknown,raw\flame3\FLAME 3 CV Dataset (Sycan Marsh)\Fire\Thermal\Celsius TIFF\00106.TIFF,flame3_cv_subset
flame3_00107,-1,unknown,raw\flame3\FLAME 3 CV Dataset (Sycan Marsh)\Fire\Thermal\Celsius TIFF\00107.TIFF,flame3_cv_subset
flame3_00108,-1,unknown,raw\flame3\FLAME 3 CV Dataset (Sycan Marsh)\Fire\Thermal\Celsius TIFF\00108.TIFF,flame3_cv_subset
flame3_00109,-1,unknown,raw\flame3\FLAME 3 CV Dataset (Sycan Marsh)\Fire\Thermal\Celsius TIFF\00109.TIFF,flame3_cv_subset
flame3_00110,-1,unknown,raw\flame3\FLAME 3 CV Dataset (Sycan Marsh)\Fire\Thermal\Celsius TIFF\00110.TIFF,flame3_cv_subset
flame3_00111,-1,unknown,raw\flame3\FLAME 3 CV Dataset (Sycan Marsh)\Fire\Thermal\Celsius TIFF\00111.TIFF,flame3_cv_subset
flame3_00112,-1,unknown,raw\flame3\FLAME 3 CV Dataset (Sycan Marsh)\Fire\Thermal\Celsius TIFF\00112.TIFF,flame3_cv_subset
flame3_00113,-1,unknown,raw\flame3\FLAME 3 CV Dataset (Sycan Marsh)\Fire\Thermal\Celsius TIFF\00113.TIFF,flame3_cv_subset
flame3_00114,-1,unknown,raw\flame3\FLAME 3 CV Dataset (Sycan Marsh)\Fire\Thermal\Celsius TIFF\00114.TIFF,flame3_cv_subset
flame3_00115,-1,unknown,raw\flame3\FLAME 3 CV Dataset (Sycan Marsh)\Fire\Thermal\Celsius TIFF\00115.TIFF,flame3_cv_subset
flame3_00116,-1,unknown,raw\flame3\FLAME 3 CV Dataset (Sycan Marsh)\Fire\Thermal\Celsius TIFF\00116.TIFF,flame3_cv_subset
flame3_00117,-1,unknown,raw\flame3\FLAME 3 CV Dataset (Sycan Marsh)\Fire\Thermal\Celsius TIFF\00117.TIFF,flame3_cv_subset
flame3_00118,-1,unknown,raw\flame3\FLAME 3 CV Dataset (Sycan Marsh)\Fire\Thermal\Celsius TIFF\00118.TIFF,flame3_cv_subset
flame3_00119,-1,unknown,raw\flame3\FLAME 3 CV Dataset (Sycan Marsh)\Fire\Thermal\Celsius TIFF\00119.TIFF,flame3_cv_subset
flame3_00120,-1,unknown,raw\flame3\FLAME 3 CV Dataset (Sycan Marsh)\Fire\Thermal\Celsius TIFF\00120.TIFF,flame3_cv_subset
flame3_00121,-1,unknown,raw\flame3\FLAME 3 CV Dataset (Sycan Marsh)\Fire\Thermal\Celsius TIFF\00121.TIFF,flame3_cv_subset
flame3_00122,-1,unknown,raw\flame3\FLAME 3 CV Dataset (Sycan Marsh)\Fire\Thermal\Celsius TIFF\00122.TIFF,flame3_cv_subset
flame3_00123,-1,unknown,raw\flame3\FLAME 3 CV Dataset (Sycan Marsh)\Fire\Thermal\Celsius TIFF\00123.TIFF,flame3_cv_subset
flame3_00124,-1,unknown,raw\flame3\FLAME 3 CV Dataset (Sycan Marsh)\Fire\Thermal\Celsius TIFF\00124.TIFF,flame3_cv_subset
flame3_00125,-1,unknown,raw\flame3\FLAME 3 CV Dataset (Sycan Marsh)\Fire\Thermal\Celsius TIFF\00125.TIFF,flame3_cv_subset
flame3_00126,-1,unknown,raw\flame3\FLAME 3 CV Dataset (Sycan Marsh)\Fire\Thermal\Celsius TIFF\00126.TIFF,flame3_cv_subset
flame3_00127,-1,unknown,raw\flame3\FLAME 3 CV Dataset (Sycan Marsh)\Fire\Thermal\Celsius TIFF\00127.TIFF,flame3_cv_subset
flame3_00128,-1,unknown,raw\flame3\FLAME 3 CV Dataset (Sycan Marsh)\Fire\Thermal\Celsius TIFF\00128.TIFF,flame3_cv_subset
flame3_00129,-1,unknown,raw\flame3\FLAME 3 CV Dataset (Sycan Marsh)\Fire\Thermal\Celsius TIFF\00129.TIFF,flame3_cv_subset
flame3_00130,-1,unknown,raw\flame3\FLAME 3 CV Dataset (Sycan Marsh)\Fire\Thermal\Celsius TIFF\00130.TIFF,flame3_cv_subset
flame3_00131,-1,unknown,raw\flame3\FLAME 3 CV Dataset (Sycan Marsh)\Fire\Thermal\Celsius TIFF\00131.TIFF,flame3_cv_subset
flame3_00132,-1,unknown,raw\flame3\FLAME 3 CV Dataset (Sycan Marsh)\Fire\Thermal\Celsius TIFF\00132.TIFF,flame3_cv_subset
flame3_00133,-1,unknown,raw\flame3\FLAME 3 CV Dataset (Sycan Marsh)\Fire\Thermal\Celsius TIFF\00133.TIFF,flame3_cv_subset
flame3_00134,-1,unknown,raw\flame3\FLAME 3 CV Dataset (Sycan Marsh)\Fire\Thermal\Celsius TIFF\00134.TIFF,flame3_cv_subset
flame3_00135,-1,unknown,raw\flame3\FLAME 3 CV Dataset (Sycan Marsh)\Fire\Thermal\Celsius TIFF\00135.TIFF,flame3_cv_subset
flame3_00136,-1,unknown,raw\flame3\FLAME 3 CV Dataset (Sycan Marsh)\Fire\Thermal\Celsius TIFF\00136.TIFF,flame3_cv_subset
flame3_00137,-1,unknown,raw\flame3\FLAME 3 CV Dataset (Sycan Marsh)\Fire\Thermal\Celsius TIFF\00137.TIFF,flame3_cv_subset
flame3_00138,-1,unknown,raw\flame3\FLAME 3 CV Dataset (Sycan Marsh)\Fire\Thermal\Celsius TIFF\00138.TIFF,flame3_cv_subset
flame3_00139,-1,unknown,raw\flame3\FLAME 3 CV Dataset (Sycan Marsh)\Fire\Thermal\Celsius TIFF\00139.TIFF,flame3_cv_subset
flame3_00140,-1,unknown,raw\flame3\FLAME 3 CV Dataset (Sycan Marsh)\Fire\Thermal\Celsius TIFF\00140.TIFF,flame3_cv_subset
flame3_00141,-1,unknown,raw\flame3\FLAME 3 CV Dataset (Sycan Marsh)\Fire\Thermal\Celsius TIFF\00141.TIFF,flame3_cv_subset
flame3_00142,-1,unknown,raw\flame3\FLAME 3 CV Dataset (Sycan Marsh)\Fire\Thermal\Celsius TIFF\00142.TIFF,flame3_cv_subset
flame3_00143,-1,unknown,raw\flame3\FLAME 3 CV Dataset (Sycan Marsh)\Fire\Thermal\Celsius TIFF\00143.TIFF,flame3_cv_subset
flame3_00144,-1,unknown,raw\flame3\FLAME 3 CV Dataset (Sycan Marsh)\Fire\Thermal\Celsius TIFF\00144.TIFF,flame3_cv_subset
flame3_00145,-1,unknown,raw\flame3\FLAME 3 CV Dataset (Sycan Marsh)\Fire\Thermal\Celsius TIFF\00145.TIFF,flame3_cv_subset
flame3_00146,-1,unknown,raw\flame3\FLAME 3 CV Dataset (Sycan Marsh)\Fire\Thermal\Celsius TIFF\00146.TIFF,flame3_cv_subset
flame3_00147,-1,unknown,raw\flame3\FLAME 3 CV Dataset (Sycan Marsh)\Fire\Thermal\Celsius TIFF\00147.TIFF,flame3_cv_subset
flame3_00148,-1,unknown,raw\flame3\FLAME 3 CV Dataset (Sycan Marsh)\Fire\Thermal\Celsius TIFF\00148.TIFF,flame3_cv_subset
flame3_00149,-1,unknown,raw\flame3\FLAME 3 CV Dataset (Sycan Marsh)\Fire\Thermal\Celsius TIFF\00149.TIFF,flame3_cv_subset
flame3_00150,-1,unknown,raw\flame3\FLAME 3 CV Dataset (Sycan Marsh)\Fire\Thermal\Celsius TIFF\00150.TIFF,flame3_cv_subset
flame3_00151,-1,unknown,raw\flame3\FLAME 3 CV Dataset (Sycan Marsh)\Fire\Thermal\Celsius TIFF\00151.TIFF,flame3_cv_subset
flame3_00152,-1,unknown,raw\flame3\FLAME 3 CV Dataset (Sycan Marsh)\Fire\Thermal\Celsius TIFF\00152.TIFF,flame3_cv_subset
flame3_00153,-1,unknown,raw\flame3\FLAME 3 CV Dataset (Sycan Marsh)\Fire\Thermal\Celsius TIFF\00153.TIFF,flame3_cv_subset
flame3_00154,-1,unknown,raw\flame3\FLAME 3 CV Dataset (Sycan Marsh)\Fire\Thermal\Celsius TIFF\00154.TIFF,flame3_cv_subset
flame3_00155,-1,unknown,raw\flame3\FLAME 3 CV Dataset (Sycan Marsh)\Fire\Thermal\Celsius TIFF\00155.TIFF,flame3_cv_subset
flame3_00156,-1,unknown,raw\flame3\FLAME 3 CV Dataset (Sycan Marsh)\Fire\Thermal\Celsius TIFF\00156.TIFF,flame3_cv_subset
flame3_00157,-1,unknown,raw\flame3\FLAME 3 CV Dataset (Sycan Marsh)\Fire\Thermal\Celsius TIFF\00157.TIFF,flame3_cv_subset
flame3_00158,-1,unknown,raw\flame3\FLAME 3 CV Dataset (Sycan Marsh)\Fire\Thermal\Celsius TIFF\00158.TIFF,flame3_cv_subset
flame3_00159,-1,unknown,raw\flame3\FLAME 3 CV Dataset (Sycan Marsh)\Fire\Thermal\Celsius TIFF\00159.TIFF,flame3_cv_subset
flame3_00160,-1,unknown,raw\flame3\FLAME 3 CV Dataset (Sycan Marsh)\Fire\Thermal\Celsius TIFF\00160.TIFF,flame3_cv_subset
flame3_00161,-1,unknown,raw\flame3\FLAME 3 CV Dataset (Sycan Marsh)\Fire\Thermal\Celsius TIFF\00161.TIFF,flame3_cv_subset
flame3_00162,-1,unknown,raw\flame3\FLAME 3 CV Dataset (Sycan Marsh)\Fire\Thermal\Celsius TIFF\00162.TIFF,flame3_cv_subset
flame3_00163,-1,unknown,raw\flame3\FLAME 3 CV Dataset (Sycan Marsh)\Fire\Thermal\Celsius TIFF\00163.TIFF,flame3_cv_subset
flame3_00164,-1,unknown,raw\flame3\FLAME 3 CV Dataset (Sycan Marsh)\Fire\Thermal\Celsius TIFF\00164.TIFF,flame3_cv_subset
flame3_00165,-1,unknown,raw\flame3\FLAME 3 CV Dataset (Sycan Marsh)\Fire\Thermal\Celsius TIFF\00165.TIFF,flame3_cv_subset
flame3_00166,-1,unknown,raw\flame3\FLAME 3 CV Dataset (Sycan Marsh)\Fire\Thermal\Celsius TIFF\00166.TIFF,flame3_cv_subset
flame3_00167,-1,unknown,raw\flame3\FLAME 3 CV Dataset (Sycan Marsh)\Fire\Thermal\Celsius TIFF\00167.TIFF,flame3_cv_subset
flame3_00168,-1,unknown,raw\flame3\FLAME 3 CV Dataset (Sycan Marsh)\Fire\Thermal\Celsius TIFF\00168.TIFF,flame3_cv_subset
flame3_00169,-1,unknown,raw\flame3\FLAME 3 CV Dataset (Sycan Marsh)\Fire\Thermal\Celsius TIFF\00169.TIFF,flame3_cv_subset
flame3_00170,-1,unknown,raw\flame3\FLAME 3 CV Dataset (Sycan Marsh)\Fire\Thermal\Celsius TIFF\00170.TIFF,flame3_cv_subset
flame3_00171,-1,unknown,raw\flame3\FLAME 3 CV Dataset (Sycan Marsh)\Fire\Thermal\Celsius TIFF\00171.TIFF,flame3_cv_subset
flame3_00172,-1,unknown,raw\flame3\FLAME 3 CV Dataset (Sycan Marsh)\Fire\Thermal\Celsius TIFF\00172.TIFF,flame3_cv_subset
flame3_00173,-1,unknown,raw\flame3\FLAME 3 CV Dataset (Sycan Marsh)\Fire\Thermal\Celsius TIFF\00173.TIFF,flame3_cv_subset
flame3_00174,-1,unknown,raw\flame3\FLAME 3 CV Dataset (Sycan Marsh)\Fire\Thermal\Celsius TIFF\00174.TIFF,flame3_cv_subset
flame3_00175,-1,unknown,raw\flame3\FLAME 3 CV Dataset (Sycan Marsh)\Fire\Thermal\Celsius TIFF\00175.TIFF,flame3_cv_subset
flame3_00176,-1,unknown,raw\flame3\FLAME 3 CV Dataset (Sycan Marsh)\Fire\Thermal\Celsius TIFF\00176.TIFF,flame3_cv_subset
flame3_00177,-1,unknown,raw\flame3\FLAME 3 CV Dataset (Sycan Marsh)\Fire\Thermal\Celsius TIFF\00177.TIFF,flame3_cv_subset
flame3_00178,-1,unknown,raw\flame3\FLAME 3 CV Dataset (Sycan Marsh)\Fire\Thermal\Celsius TIFF\00178.TIFF,flame3_cv_subset
flame3_00179,-1,unknown,raw\flame3\FLAME 3 CV Dataset (Sycan Marsh)\Fire\Thermal\Celsius TIFF\00179.TIFF,flame3_cv_subset
flame3_00180,-1,unknown,raw\flame3\FLAME 3 CV Dataset (Sycan Marsh)\Fire\Thermal\Celsius TIFF\00180.TIFF,flame3_cv_subset
flame3_00181,-1,unknown,raw\flame3\FLAME 3 CV Dataset (Sycan Marsh)\Fire\Thermal\Celsius TIFF\00181.TIFF,flame3_cv_subset
flame3_00182,-1,unknown,raw\flame3\FLAME 3 CV Dataset (Sycan Marsh)\Fire\Thermal\Celsius TIFF\00182.TIFF,flame3_cv_subset
flame3_00183,-1,unknown,raw\flame3\FLAME 3 CV Dataset (Sycan Marsh)\Fire\Thermal\Celsius TIFF\00183.TIFF,flame3_cv_subset
flame3_00184,-1,unknown,raw\flame3\FLAME 3 CV Dataset (Sycan Marsh)\Fire\Thermal\Celsius TIFF\00184.TIFF,flame3_cv_subset
flame3_00185,-1,unknown,raw\flame3\FLAME 3 CV Dataset (Sycan Marsh)\Fire\Thermal\Celsius TIFF\00185.TIFF,flame3_cv_subset
flame3_00186,-1,unknown,raw\flame3\FLAME 3 CV Dataset (Sycan Marsh)\Fire\Thermal\Celsius TIFF\00186.TIFF,flame3_cv_subset
flame3_00187,-1,unknown,raw\flame3\FLAME 3 CV Dataset (Sycan Marsh)\Fire\Thermal\Celsius TIFF\00187.TIFF,flame3_cv_subset
flame3_00188,-1,unknown,raw\flame3\FLAME 3 CV Dataset (Sycan Marsh)\Fire\Thermal\Celsius TIFF\00188.TIFF,flame3_cv_subset
flame3_00189,-1,unknown,raw\flame3\FLAME 3 CV Dataset (Sycan Marsh)\Fire\Thermal\Celsius TIFF\00189.TIFF,flame3_cv_subset
flame3_00190,-1,unknown,raw\flame3\FLAME 3 CV Dataset (Sycan Marsh)\Fire\Thermal\Celsius TIFF\00190.TIFF,flame3_cv_subset
flame3_00191,-1,unknown,raw\flame3\FLAME 3 CV Dataset (Sycan Marsh)\Fire\Thermal\Celsius TIFF\00191.TIFF,flame3_cv_subset
flame3_00192,-1,unknown,raw\flame3\FLAME 3 CV Dataset (Sycan Marsh)\Fire\Thermal\Celsius TIFF\00192.TIFF,flame3_cv_subset
flame3_00193,-1,unknown,raw\flame3\FLAME 3 CV Dataset (Sycan Marsh)\Fire\Thermal\Celsius TIFF\00193.TIFF,flame3_cv_subset
flame3_00194,-1,unknown,raw\flame3\FLAME 3 CV Dataset (Sycan Marsh)\Fire\Thermal\Celsius TIFF\00194.TIFF,flame3_cv_subset
flame3_00195,-1,unknown,raw\flame3\FLAME 3 CV Dataset (Sycan Marsh)\Fire\Thermal\Celsius TIFF\00195.TIFF,flame3_cv_subset
flame3_00196,-1,unknown,raw\flame3\FLAME 3 CV Dataset (Sycan Marsh)\Fire\Thermal\Celsius TIFF\00196.TIFF,flame3_cv_subset
flame3_00197,-1,unknown,raw\flame3\FLAME 3 CV Dataset (Sycan Marsh)\Fire\Thermal\Celsius TIFF\00197.TIFF,flame3_cv_subset
flame3_00198,-1,unknown,raw\flame3\FLAME 3 CV Dataset (Sycan Marsh)\Fire\Thermal\Celsius TIFF\00198.TIFF,flame3_cv_subset
flame3_00199,-1,unknown,raw\flame3\FLAME 3 CV Dataset (Sycan Marsh)\Fire\Thermal\Celsius TIFF\00199.TIFF,flame3_cv_subset
flame3_00200,-1,unknown,raw\flame3\FLAME 3 CV Dataset (Sycan Marsh)\Fire\Thermal\Celsius TIFF\00200.TIFF,flame3_cv_subset
flame3_00201,-1,unknown,raw\flame3\FLAME 3 CV Dataset (Sycan Marsh)\Fire\Thermal\Celsius TIFF\00201.TIFF,flame3_cv_subset
flame3_00202,-1,unknown,raw\flame3\FLAME 3 CV Dataset (Sycan Marsh)\Fire\Thermal\Celsius TIFF\00202.TIFF,flame3_cv_subset
flame3_00203,-1,unknown,raw\flame3\FLAME 3 CV Dataset (Sycan Marsh)\Fire\Thermal\Celsius TIFF\00203.TIFF,flame3_cv_subset
flame3_00204,-1,unknown,raw\flame3\FLAME 3 CV Dataset (Sycan Marsh)\Fire\Thermal\Celsius TIFF\00204.TIFF,flame3_cv_subset
flame3_00205,-1,unknown,raw\flame3\FLAME 3 CV Dataset (Sycan Marsh)\Fire\Thermal\Celsius TIFF\00205.TIFF,flame3_cv_subset
flame3_00206,-1,unknown,raw\flame3\FLAME 3 CV Dataset (Sycan Marsh)\Fire\Thermal\Celsius TIFF\00206.TIFF,flame3_cv_subset
flame3_00207,-1,unknown,raw\flame3\FLAME 3 CV Dataset (Sycan Marsh)\Fire\Thermal\Celsius TIFF\00207.TIFF,flame3_cv_subset
flame3_00208,-1,unknown,raw\flame3\FLAME 3 CV Dataset (Sycan Marsh)\Fire\Thermal\Celsius TIFF\00208.TIFF,flame3_cv_subset
flame3_00209,-1,unknown,raw\flame3\FLAME 3 CV Dataset (Sycan Marsh)\Fire\Thermal\Celsius TIFF\00209.TIFF,flame3_cv_subset
flame3_00210,-1,unknown,raw\flame3\FLAME 3 CV Dataset (Sycan Marsh)\Fire\Thermal\Celsius TIFF\00210.TIFF,flame3_cv_subset
flame3_00211,-1,unknown,raw\flame3\FLAME 3 CV Dataset (Sycan Marsh)\Fire\Thermal\Celsius TIFF\00211.TIFF,flame3_cv_subset
flame3_00212,-1,unknown,raw\flame3\FLAME 3 CV Dataset (Sycan Marsh)\Fire\Thermal\Celsius TIFF\00212.TIFF,flame3_cv_subset
flame3_00213,-1,unknown,raw\flame3\FLAME 3 CV Dataset (Sycan Marsh)\Fire\Thermal\Celsius TIFF\00213.TIFF,flame3_cv_subset
flame3_00214,-1,unknown,raw\flame3\FLAME 3 CV Dataset (Sycan Marsh)\Fire\Thermal\Celsius TIFF\00214.TIFF,flame3_cv_subset
flame3_00215,-1,unknown,raw\flame3\FLAME 3 CV Dataset (Sycan Marsh)\Fire\Thermal\Celsius TIFF\00215.TIFF,flame3_cv_subset
flame3_00216,-1,unknown,raw\flame3\FLAME 3 CV Dataset (Sycan Marsh)\Fire\Thermal\Celsius TIFF\00216.TIFF,flame3_cv_subset
flame3_00217,-1,unknown,raw\flame3\FLAME 3 CV Dataset (Sycan Marsh)\Fire\Thermal\Celsius TIFF\00217.TIFF,flame3_cv_subset
flame3_00218,-1,unknown,raw\flame3\FLAME 3 CV Dataset (Sycan Marsh)\Fire\Thermal\Celsius TIFF\00218.TIFF,flame3_cv_subset
flame3_00219,-1,unknown,raw\flame3\FLAME 3 CV Dataset (Sycan Marsh)\Fire\Thermal\Celsius TIFF\00219.TIFF,flame3_cv_subset
flame3_00220,-1,unknown,raw\flame3\FLAME 3 CV Dataset (Sycan Marsh)\Fire\Thermal\Celsius TIFF\00220.TIFF,flame3_cv_subset
flame3_00221,-1,unknown,raw\flame3\FLAME 3 CV Dataset (Sycan Marsh)\Fire\Thermal\Celsius TIFF\00221.TIFF,flame3_cv_subset
flame3_00222,-1,unknown,raw\flame3\FLAME 3 CV Dataset (Sycan Marsh)\Fire\Thermal\Celsius TIFF\00222.TIFF,flame3_cv_subset
flame3_00223,-1,unknown,raw\flame3\FLAME 3 CV Dataset (Sycan Marsh)\Fire\Thermal\Celsius TIFF\00223.TIFF,flame3_cv_subset
flame3_00224,-1,unknown,raw\flame3\FLAME 3 CV Dataset (Sycan Marsh)\Fire\Thermal\Celsius TIFF\00224.TIFF,flame3_cv_subset
flame3_00225,-1,unknown,raw\flame3\FLAME 3 CV Dataset (Sycan Marsh)\Fire\Thermal\Celsius TIFF\00225.TIFF,flame3_cv_subset
flame3_00226,-1,unknown,raw\flame3\FLAME 3 CV Dataset (Sycan Marsh)\Fire\Thermal\Celsius TIFF\00226.TIFF,flame3_cv_subset
flame3_00227,-1,unknown,raw\flame3\FLAME 3 CV Dataset (Sycan Marsh)\Fire\Thermal\Celsius TIFF\00227.TIFF,flame3_cv_subset
flame3_00228,-1,unknown,raw\flame3\FLAME 3 CV Dataset (Sycan Marsh)\Fire\Thermal\Celsius TIFF\00228.TIFF,flame3_cv_subset
flame3_00229,-1,unknown,raw\flame3\FLAME 3 CV Dataset (Sycan Marsh)\Fire\Thermal\Celsius TIFF\00229.TIFF,flame3_cv_subset
flame3_00230,-1,unknown,raw\flame3\FLAME 3 CV Dataset (Sycan Marsh)\Fire\Thermal\Celsius TIFF\00230.TIFF,flame3_cv_subset
flame3_00231,-1,unknown,raw\flame3\FLAME 3 CV Dataset (Sycan Marsh)\Fire\Thermal\Celsius TIFF\00231.TIFF,flame3_cv_subset
flame3_00232,-1,unknown,raw\flame3\FLAME 3 CV Dataset (Sycan Marsh)\Fire\Thermal\Celsius TIFF\00232.TIFF,flame3_cv_subset
flame3_00233,-1,unknown,raw\flame3\FLAME 3 CV Dataset (Sycan Marsh)\Fire\Thermal\Celsius TIFF\00233.TIFF,flame3_cv_subset
flame3_00234,-1,unknown,raw\flame3\FLAME 3 CV Dataset (Sycan Marsh)\Fire\Thermal\Celsius TIFF\00234.TIFF,flame3_cv_subset
flame3_00235,-1,unknown,raw\flame3\FLAME 3 CV Dataset (Sycan Marsh)\Fire\Thermal\Celsius TIFF\00235.TIFF,flame3_cv_subset
flame3_00236,-1,unknown,raw\flame3\FLAME 3 CV Dataset (Sycan Marsh)\Fire\Thermal\Celsius TIFF\00236.TIFF,flame3_cv_subset
flame3_00237,-1,unknown,raw\flame3\FLAME 3 CV Dataset (Sycan Marsh)\Fire\Thermal\Celsius TIFF\00237.TIFF,flame3_cv_subset
flame3_00238,-1,unknown,raw\flame3\FLAME 3 CV Dataset (Sycan Marsh)\Fire\Thermal\Celsius TIFF\00238.TIFF,flame3_cv_subset
flame3_00239,-1,unknown,raw\flame3\FLAME 3 CV Dataset (Sycan Marsh)\Fire\Thermal\Celsius TIFF\00239.TIFF,flame3_cv_subset
flame3_00240,-1,unknown,raw\flame3\FLAME 3 CV Dataset (Sycan Marsh)\Fire\Thermal\Celsius TIFF\00240.TIFF,flame3_cv_subset
flame3_00241,-1,unknown,raw\flame3\FLAME 3 CV Dataset (Sycan Marsh)\Fire\Thermal\Celsius TIFF\00241.TIFF,flame3_cv_subset
flame3_00242,-1,unknown,raw\flame3\FLAME 3 CV Dataset (Sycan Marsh)\Fire\Thermal\Celsius TIFF\00242.TIFF,flame3_cv_subset
flame3_00243,-1,unknown,raw\flame3\FLAME 3 CV Dataset (Sycan Marsh)\Fire\Thermal\Celsius TIFF\00243.TIFF,flame3_cv_subset
flame3_00244,-1,unknown,raw\flame3\FLAME 3 CV Dataset (Sycan Marsh)\Fire\Thermal\Celsius TIFF\00244.TIFF,flame3_cv_subset
flame3_00245,-1,unknown,raw\flame3\FLAME 3 CV Dataset (Sycan Marsh)\Fire\Thermal\Celsius TIFF\00245.TIFF,flame3_cv_subset
flame3_00246,-1,unknown,raw\flame3\FLAME 3 CV Dataset (Sycan Marsh)\Fire\Thermal\Celsius TIFF\00246.TIFF,flame3_cv_subset
flame3_00247,-1,unknown,raw\flame3\FLAME 3 CV Dataset (Sycan Marsh)\Fire\Thermal\Celsius TIFF\00247.TIFF,flame3_cv_subset
flame3_00248,-1,unknown,raw\flame3\FLAME 3 CV Dataset (Sycan Marsh)\Fire\Thermal\Celsius TIFF\00248.TIFF,flame3_cv_subset
flame3_00249,-1,unknown,raw\flame3\FLAME 3 CV Dataset (Sycan Marsh)\Fire\Thermal\Celsius TIFF\00249.TIFF,flame3_cv_subset
flame3_00250,-1,unknown,raw\flame3\FLAME 3 CV Dataset (Sycan Marsh)\Fire\Thermal\Celsius TIFF\00250.TIFF,flame3_cv_subset
flame3_00251,-1,unknown,raw\flame3\FLAME 3 CV Dataset (Sycan Marsh)\Fire\Thermal\Celsius TIFF\00251.TIFF,flame3_cv_subset
flame3_00252,-1,unknown,raw\flame3\FLAME 3 CV Dataset (Sycan Marsh)\Fire\Thermal\Celsius TIFF\00252.TIFF,flame3_cv_subset
flame3_00253,-1,unknown,raw\flame3\FLAME 3 CV Dataset (Sycan Marsh)\Fire\Thermal\Celsius TIFF\00253.TIFF,flame3_cv_subset
flame3_00254,-1,unknown,raw\flame3\FLAME 3 CV Dataset (Sycan Marsh)\Fire\Thermal\Celsius TIFF\00254.TIFF,flame3_cv_subset
flame3_00255,-1,unknown,raw\flame3\FLAME 3 CV Dataset (Sycan Marsh)\Fire\Thermal\Celsius TIFF\00255.TIFF,flame3_cv_subset
flame3_00256,-1,unknown,raw\flame3\FLAME 3 CV Dataset (Sycan Marsh)\Fire\Thermal\Celsius TIFF\00256.TIFF,flame3_cv_subset
flame3_00257,-1,unknown,raw\flame3\FLAME 3 CV Dataset (Sycan Marsh)\Fire\Thermal\Celsius TIFF\00257.TIFF,flame3_cv_subset
flame3_00258,-1,unknown,raw\flame3\FLAME 3 CV Dataset (Sycan Marsh)\Fire\Thermal\Celsius TIFF\00258.TIFF,flame3_cv_subset
flame3_00259,-1,unknown,raw\flame3\FLAME 3 CV Dataset (Sycan Marsh)\Fire\Thermal\Celsius TIFF\00259.TIFF,flame3_cv_subset
flame3_00260,-1,unknown,raw\flame3\FLAME 3 CV Dataset (Sycan Marsh)\Fire\Thermal\Celsius TIFF\00260.TIFF,flame3_cv_subset
flame3_00261,-1,unknown,raw\flame3\FLAME 3 CV Dataset (Sycan Marsh)\Fire\Thermal\Celsius TIFF\00261.TIFF,flame3_cv_subset
flame3_00262,-1,unknown,raw\flame3\FLAME 3 CV Dataset (Sycan Marsh)\Fire\Thermal\Celsius TIFF\00262.TIFF,flame3_cv_subset
flame3_00263,-1,unknown,raw\flame3\FLAME 3 CV Dataset (Sycan Marsh)\Fire\Thermal\Celsius TIFF\00263.TIFF,flame3_cv_subset
flame3_00264,-1,unknown,raw\flame3\FLAME 3 CV Dataset (Sycan Marsh)\Fire\Thermal\Celsius TIFF\00264.TIFF,flame3_cv_subset
flame3_00265,-1,unknown,raw\flame3\FLAME 3 CV Dataset (Sycan Marsh)\Fire\Thermal\Celsius TIFF\00265.TIFF,flame3_cv_subset
flame3_00266,-1,unknown,raw\flame3\FLAME 3 CV Dataset (Sycan Marsh)\Fire\Thermal\Celsius TIFF\00266.TIFF,flame3_cv_subset
flame3_00267,-1,unknown,raw\flame3\FLAME 3 CV Dataset (Sycan Marsh)\Fire\Thermal\Celsius TIFF\00267.TIFF,flame3_cv_subset
flame3_00268,-1,unknown,raw\flame3\FLAME 3 CV Dataset (Sycan Marsh)\Fire\Thermal\Celsius TIFF\00268.TIFF,flame3_cv_subset
flame3_00269,-1,unknown,raw\flame3\FLAME 3 CV Dataset (Sycan Marsh)\Fire\Thermal\Celsius TIFF\00269.TIFF,flame3_cv_subset
flame3_00270,-1,unknown,raw\flame3\FLAME 3 CV Dataset (Sycan Marsh)\Fire\Thermal\Celsius TIFF\00270.TIFF,flame3_cv_subset
flame3_00271,-1,unknown,raw\flame3\FLAME 3 CV Dataset (Sycan Marsh)\Fire\Thermal\Celsius TIFF\00271.TIFF,flame3_cv_subset
flame3_00272,-1,unknown,raw\flame3\FLAME 3 CV Dataset (Sycan Marsh)\Fire\Thermal\Celsius TIFF\00272.TIFF,flame3_cv_subset
flame3_00273,-1,unknown,raw\flame3\FLAME 3 CV Dataset (Sycan Marsh)\Fire\Thermal\Celsius TIFF\00273.TIFF,flame3_cv_subset
flame3_00274,-1,unknown,raw\flame3\FLAME 3 CV Dataset (Sycan Marsh)\Fire\Thermal\Celsius TIFF\00274.TIFF,flame3_cv_subset
flame3_00275,-1,unknown,raw\flame3\FLAME 3 CV Dataset (Sycan Marsh)\Fire\Thermal\Celsius TIFF\00275.TIFF,flame3_cv_subset
flame3_00276,-1,unknown,raw\flame3\FLAME 3 CV Dataset (Sycan Marsh)\Fire\Thermal\Celsius TIFF\00276.TIFF,flame3_cv_subset
flame3_00277,-1,unknown,raw\flame3\FLAME 3 CV Dataset (Sycan Marsh)\Fire\Thermal\Celsius TIFF\00277.TIFF,flame3_cv_subset
flame3_00278,-1,unknown,raw\flame3\FLAME 3 CV Dataset (Sycan Marsh)\Fire\Thermal\Celsius TIFF\00278.TIFF,flame3_cv_subset
flame3_00279,-1,unknown,raw\flame3\FLAME 3 CV Dataset (Sycan Marsh)\Fire\Thermal\Celsius TIFF\00279.TIFF,flame3_cv_subset
flame3_00280,-1,unknown,raw\flame3\FLAME 3 CV Dataset (Sycan Marsh)\Fire\Thermal\Celsius TIFF\00280.TIFF,flame3_cv_subset
flame3_00281,-1,unknown,raw\flame3\FLAME 3 CV Dataset (Sycan Marsh)\Fire\Thermal\Celsius TIFF\00281.TIFF,flame3_cv_subset
flame3_00282,-1,unknown,raw\flame3\FLAME 3 CV Dataset (Sycan Marsh)\Fire\Thermal\Celsius TIFF\00282.TIFF,flame3_cv_subset
flame3_00283,-1,unknown,raw\flame3\FLAME 3 CV Dataset (Sycan Marsh)\Fire\Thermal\Celsius TIFF\00283.TIFF,flame3_cv_subset
flame3_00284,-1,unknown,raw\flame3\FLAME 3 CV Dataset (Sycan Marsh)\Fire\Thermal\Celsius TIFF\00284.TIFF,flame3_cv_subset
flame3_00285,-1,unknown,raw\flame3\FLAME 3 CV Dataset (Sycan Marsh)\Fire\Thermal\Celsius TIFF\00285.TIFF,flame3_cv_subset
flame3_00286,-1,unknown,raw\flame3\FLAME 3 CV Dataset (Sycan Marsh)\Fire\Thermal\Celsius TIFF\00286.TIFF,flame3_cv_subset
flame3_00287,-1,unknown,raw\flame3\FLAME 3 CV Dataset (Sycan Marsh)\Fire\Thermal\Celsius TIFF\00287.TIFF,flame3_cv_subset
flame3_00288,-1,unknown,raw\flame3\FLAME 3 CV Dataset (Sycan Marsh)\Fire\Thermal\Celsius TIFF\00288.TIFF,flame3_cv_subset
flame3_00289,-1,unknown,raw\flame3\FLAME 3 CV Dataset (Sycan Marsh)\Fire\Thermal\Celsius TIFF\00289.TIFF,flame3_cv_subset
flame3_00290,-1,unknown,raw\flame3\FLAME 3 CV Dataset (Sycan Marsh)\Fire\Thermal\Celsius TIFF\00290.TIFF,flame3_cv_subset
flame3_00291,-1,unknown,raw\flame3\FLAME 3 CV Dataset (Sycan Marsh)\Fire\Thermal\Celsius TIFF\00291.TIFF,flame3_cv_subset
flame3_00292,-1,unknown,raw\flame3\FLAME 3 CV Dataset (Sycan Marsh)\Fire\Thermal\Celsius TIFF\00292.TIFF,flame3_cv_subset
flame3_00293,-1,unknown,raw\flame3\FLAME 3 CV Dataset (Sycan Marsh)\Fire\Thermal\Celsius TIFF\00293.TIFF,flame3_cv_subset
flame3_00294,-1,unknown,raw\flame3\FLAME 3 CV Dataset (Sycan Marsh)\Fire\Thermal\Celsius TIFF\00294.TIFF,flame3_cv_subset
flame3_00295,-1,unknown,raw\flame3\FLAME 3 CV Dataset (Sycan Marsh)\Fire\Thermal\Celsius TIFF\00295.TIFF,flame3_cv_subset
flame3_00296,-1,unknown,raw\flame3\FLAME 3 CV Dataset (Sycan Marsh)\Fire\Thermal\Celsius TIFF\00296.TIFF,flame3_cv_subset
flame3_00297,-1,unknown,raw\flame3\FLAME 3 CV Dataset (Sycan Marsh)\Fire\Thermal\Celsius TIFF\00297.TIFF,flame3_cv_subset
flame3_00298,-1,unknown,raw\flame3\FLAME 3 CV Dataset (Sycan Marsh)\Fire\Thermal\Celsius TIFF\00298.TIFF,flame3_cv_subset
flame3_00299,-1,unknown,raw\flame3\FLAME 3 CV Dataset (Sycan Marsh)\Fire\Thermal\Celsius TIFF\00299.TIFF,flame3_cv_subset
flame3_00300,-1,unknown,raw\flame3\FLAME 3 CV Dataset (Sycan Marsh)\Fire\Thermal\Celsius TIFF\00300.TIFF,flame3_cv_subset
flame3_00301,-1,unknown,raw\flame3\FLAME 3 CV Dataset (Sycan Marsh)\Fire\Thermal\Celsius TIFF\00301.TIFF,flame3_cv_subset
flame3_00302,-1,unknown,raw\flame3\FLAME 3 CV Dataset (Sycan Marsh)\Fire\Thermal\Celsius TIFF\00302.TIFF,flame3_cv_subset
flame3_00303,-1,unknown,raw\flame3\FLAME 3 CV Dataset (Sycan Marsh)\Fire\Thermal\Celsius TIFF\00303.TIFF,flame3_cv_subset
flame3_00304,-1,unknown,raw\flame3\FLAME 3 CV Dataset (Sycan Marsh)\Fire\Thermal\Celsius TIFF\00304.TIFF,flame3_cv_subset
flame3_00305,-1,unknown,raw\flame3\FLAME 3 CV Dataset (Sycan Marsh)\Fire\Thermal\Celsius TIFF\00305.TIFF,flame3_cv_subset
flame3_00306,-1,unknown,raw\flame3\FLAME 3 CV Dataset (Sycan Marsh)\Fire\Thermal\Celsius TIFF\00306.TIFF,flame3_cv_subset
flame3_00307,-1,unknown,raw\flame3\FLAME 3 CV Dataset (Sycan Marsh)\Fire\Thermal\Celsius TIFF\00307.TIFF,flame3_cv_subset
flame3_00308,-1,unknown,raw\flame3\FLAME 3 CV Dataset (Sycan Marsh)\Fire\Thermal\Celsius TIFF\00308.TIFF,flame3_cv_subset
flame3_00309,-1,unknown,raw\flame3\FLAME 3 CV Dataset (Sycan Marsh)\Fire\Thermal\Celsius TIFF\00309.TIFF,flame3_cv_subset
flame3_00310,-1,unknown,raw\flame3\FLAME 3 CV Dataset (Sycan Marsh)\Fire\Thermal\Celsius TIFF\00310.TIFF,flame3_cv_subset
flame3_00311,-1,unknown,raw\flame3\FLAME 3 CV Dataset (Sycan Marsh)\Fire\Thermal\Celsius TIFF\00311.TIFF,flame3_cv_subset
flame3_00312,-1,unknown,raw\flame3\FLAME 3 CV Dataset (Sycan Marsh)\Fire\Thermal\Celsius TIFF\00312.TIFF,flame3_cv_subset
flame3_00313,-1,unknown,raw\flame3\FLAME 3 CV Dataset (Sycan Marsh)\Fire\Thermal\Celsius TIFF\00313.TIFF,flame3_cv_subset
flame3_00314,-1,unknown,raw\flame3\FLAME 3 CV Dataset (Sycan Marsh)\Fire\Thermal\Celsius TIFF\00314.TIFF,flame3_cv_subset
flame3_00315,-1,unknown,raw\flame3\FLAME 3 CV Dataset (Sycan Marsh)\Fire\Thermal\Celsius TIFF\00315.TIFF,flame3_cv_subset
flame3_00316,-1,unknown,raw\flame3\FLAME 3 CV Dataset (Sycan Marsh)\Fire\Thermal\Celsius TIFF\00316.TIFF,flame3_cv_subset
flame3_00317,-1,unknown,raw\flame3\FLAME 3 CV Dataset (Sycan Marsh)\Fire\Thermal\Celsius TIFF\00317.TIFF,flame3_cv_subset
flame3_00318,-1,unknown,raw\flame3\FLAME 3 CV Dataset (Sycan Marsh)\Fire\Thermal\Celsius TIFF\00318.TIFF,flame3_cv_subset
flame3_00319,-1,unknown,raw\flame3\FLAME 3 CV Dataset (Sycan Marsh)\Fire\Thermal\Celsius TIFF\00319.TIFF,flame3_cv_subset
flame3_00320,-1,unknown,raw\flame3\FLAME 3 CV Dataset (Sycan Marsh)\Fire\Thermal\Celsius TIFF\00320.TIFF,flame3_cv_subset
flame3_00321,-1,unknown,raw\flame3\FLAME 3 CV Dataset (Sycan Marsh)\Fire\Thermal\Celsius TIFF\00321.TIFF,flame3_cv_subset
flame3_00322,-1,unknown,raw\flame3\FLAME 3 CV Dataset (Sycan Marsh)\Fire\Thermal\Celsius TIFF\00322.TIFF,flame3_cv_subset
flame3_00323,-1,unknown,raw\flame3\FLAME 3 CV Dataset (Sycan Marsh)\Fire\Thermal\Celsius TIFF\00323.TIFF,flame3_cv_subset
flame3_00324,-1,unknown,raw\flame3\FLAME 3 CV Dataset (Sycan Marsh)\Fire\Thermal\Celsius TIFF\00324.TIFF,flame3_cv_subset
flame3_00325,-1,unknown,raw\flame3\FLAME 3 CV Dataset (Sycan Marsh)\Fire\Thermal\Celsius TIFF\00325.TIFF,flame3_cv_subset
flame3_00326,-1,unknown,raw\flame3\FLAME 3 CV Dataset (Sycan Marsh)\Fire\Thermal\Celsius TIFF\00326.TIFF,flame3_cv_subset
flame3_00327,-1,unknown,raw\flame3\FLAME 3 CV Dataset (Sycan Marsh)\Fire\Thermal\Celsius TIFF\00327.TIFF,flame3_cv_subset
flame3_00328,-1,unknown,raw\flame3\FLAME 3 CV Dataset (Sycan Marsh)\Fire\Thermal\Celsius TIFF\00328.TIFF,flame3_cv_subset
flame3_00329,-1,unknown,raw\flame3\FLAME 3 CV Dataset (Sycan Marsh)\Fire\Thermal\Celsius TIFF\00329.TIFF,flame3_cv_subset
flame3_00330,-1,unknown,raw\flame3\FLAME 3 CV Dataset (Sycan Marsh)\Fire\Thermal\Celsius TIFF\00330.TIFF,flame3_cv_subset
flame3_00331,-1,unknown,raw\flame3\FLAME 3 CV Dataset (Sycan Marsh)\Fire\Thermal\Celsius TIFF\00331.TIFF,flame3_cv_subset
flame3_00332,-1,unknown,raw\flame3\FLAME 3 CV Dataset (Sycan Marsh)\Fire\Thermal\Celsius TIFF\00332.TIFF,flame3_cv_subset
flame3_00333,-1,unknown,raw\flame3\FLAME 3 CV Dataset (Sycan Marsh)\Fire\Thermal\Celsius TIFF\00333.TIFF,flame3_cv_subset
flame3_00334,-1,unknown,raw\flame3\FLAME 3 CV Dataset (Sycan Marsh)\Fire\Thermal\Celsius TIFF\00334.TIFF,flame3_cv_subset
flame3_00335,-1,unknown,raw\flame3\FLAME 3 CV Dataset (Sycan Marsh)\Fire\Thermal\Celsius TIFF\00335.TIFF,flame3_cv_subset
flame3_00336,-1,unknown,raw\flame3\FLAME 3 CV Dataset (Sycan Marsh)\Fire\Thermal\Celsius TIFF\00336.TIFF,flame3_cv_subset
flame3_00337,-1,unknown,raw\flame3\FLAME 3 CV Dataset (Sycan Marsh)\Fire\Thermal\Celsius TIFF\00337.TIFF,flame3_cv_subset
flame3_00338,-1,unknown,raw\flame3\FLAME 3 CV Dataset (Sycan Marsh)\Fire\Thermal\Celsius TIFF\00338.TIFF,flame3_cv_subset
flame3_00339,-1,unknown,raw\flame3\FLAME 3 CV Dataset (Sycan Marsh)\Fire\Thermal\Celsius TIFF\00339.TIFF,flame3_cv_subset
flame3_00340,-1,unknown,raw\flame3\FLAME 3 CV Dataset (Sycan Marsh)\Fire\Thermal\Celsius TIFF\00340.TIFF,flame3_cv_subset
flame3_00341,-1,unknown,raw\flame3\FLAME 3 CV Dataset (Sycan Marsh)\Fire\Thermal\Celsius TIFF\00341.TIFF,flame3_cv_subset
flame3_00342,-1,unknown,raw\flame3\FLAME 3 CV Dataset (Sycan Marsh)\Fire\Thermal\Celsius TIFF\00342.TIFF,flame3_cv_subset
flame3_00343,-1,unknown,raw\flame3\FLAME 3 CV Dataset (Sycan Marsh)\Fire\Thermal\Celsius TIFF\00343.TIFF,flame3_cv_subset
flame3_00344,-1,unknown,raw\flame3\FLAME 3 CV Dataset (Sycan Marsh)\Fire\Thermal\Celsius TIFF\00344.TIFF,flame3_cv_subset
flame3_00345,-1,unknown,raw\flame3\FLAME 3 CV Dataset (Sycan Marsh)\Fire\Thermal\Celsius TIFF\00345.TIFF,flame3_cv_subset
flame3_00346,-1,unknown,raw\flame3\FLAME 3 CV Dataset (Sycan Marsh)\Fire\Thermal\Celsius TIFF\00346.TIFF,flame3_cv_subset
flame3_00347,-1,unknown,raw\flame3\FLAME 3 CV Dataset (Sycan Marsh)\Fire\Thermal\Celsius TIFF\00347.TIFF,flame3_cv_subset
flame3_00348,-1,unknown,raw\flame3\FLAME 3 CV Dataset (Sycan Marsh)\Fire\Thermal\Celsius TIFF\00348.TIFF,flame3_cv_subset
flame3_00349,-1,unknown,raw\flame3\FLAME 3 CV Dataset (Sycan Marsh)\Fire\Thermal\Celsius TIFF\00349.TIFF,flame3_cv_subset
flame3_00350,-1,unknown,raw\flame3\FLAME 3 CV Dataset (Sycan Marsh)\Fire\Thermal\Celsius TIFF\00350.TIFF,flame3_cv_subset
flame3_00351,-1,unknown,raw\flame3\FLAME 3 CV Dataset (Sycan Marsh)\Fire\Thermal\Celsius TIFF\00351.TIFF,flame3_cv_subset
flame3_00352,-1,unknown,raw\flame3\FLAME 3 CV Dataset (Sycan Marsh)\Fire\Thermal\Celsius TIFF\00352.TIFF,flame3_cv_subset
flame3_00353,-1,unknown,raw\flame3\FLAME 3 CV Dataset (Sycan Marsh)\Fire\Thermal\Celsius TIFF\00353.TIFF,flame3_cv_subset
flame3_00354,-1,unknown,raw\flame3\FLAME 3 CV Dataset (Sycan Marsh)\Fire\Thermal\Celsius TIFF\00354.TIFF,flame3_cv_subset
flame3_00355,-1,unknown,raw\flame3\FLAME 3 CV Dataset (Sycan Marsh)\Fire\Thermal\Celsius TIFF\00355.TIFF,flame3_cv_subset
flame3_00356,-1,unknown,raw\flame3\FLAME 3 CV Dataset (Sycan Marsh)\Fire\Thermal\Celsius TIFF\00356.TIFF,flame3_cv_subset
flame3_00357,-1,unknown,raw\flame3\FLAME 3 CV Dataset (Sycan Marsh)\Fire\Thermal\Celsius TIFF\00357.TIFF,flame3_cv_subset
flame3_00358,-1,unknown,raw\flame3\FLAME 3 CV Dataset (Sycan Marsh)\Fire\Thermal\Celsius TIFF\00358.TIFF,flame3_cv_subset
flame3_00359,-1,unknown,raw\flame3\FLAME 3 CV Dataset (Sycan Marsh)\Fire\Thermal\Celsius TIFF\00359.TIFF,flame3_cv_subset
flame3_00360,-1,unknown,raw\flame3\FLAME 3 CV Dataset (Sycan Marsh)\Fire\Thermal\Celsius TIFF\00360.TIFF,flame3_cv_subset
flame3_00361,-1,unknown,raw\flame3\FLAME 3 CV Dataset (Sycan Marsh)\Fire\Thermal\Celsius TIFF\00361.TIFF,flame3_cv_subset
flame3_00362,-1,unknown,raw\flame3\FLAME 3 CV Dataset (Sycan Marsh)\Fire\Thermal\Celsius TIFF\00362.TIFF,flame3_cv_subset
flame3_00363,-1,unknown,raw\flame3\FLAME 3 CV Dataset (Sycan Marsh)\Fire\Thermal\Celsius TIFF\00363.TIFF,flame3_cv_subset
flame3_00364,-1,unknown,raw\flame3\FLAME 3 CV Dataset (Sycan Marsh)\Fire\Thermal\Celsius TIFF\00364.TIFF,flame3_cv_subset
flame3_00365,-1,unknown,raw\flame3\FLAME 3 CV Dataset (Sycan Marsh)\Fire\Thermal\Celsius TIFF\00365.TIFF,flame3_cv_subset
flame3_00366,-1,unknown,raw\flame3\FLAME 3 CV Dataset (Sycan Marsh)\Fire\Thermal\Celsius TIFF\00366.TIFF,flame3_cv_subset
flame3_00367,-1,unknown,raw\flame3\FLAME 3 CV Dataset (Sycan Marsh)\Fire\Thermal\Celsius TIFF\00367.TIFF,flame3_cv_subset
flame3_00368,-1,unknown,raw\flame3\FLAME 3 CV Dataset (Sycan Marsh)\Fire\Thermal\Celsius TIFF\00368.TIFF,flame3_cv_subset
flame3_00369,-1,unknown,raw\flame3\FLAME 3 CV Dataset (Sycan Marsh)\Fire\Thermal\Celsius TIFF\00369.TIFF,flame3_cv_subset
flame3_00370,-1,unknown,raw\flame3\FLAME 3 CV Dataset (Sycan Marsh)\Fire\Thermal\Celsius TIFF\00370.TIFF,flame3_cv_subset
flame3_00371,-1,unknown,raw\flame3\FLAME 3 CV Dataset (Sycan Marsh)\Fire\Thermal\Celsius TIFF\00371.TIFF,flame3_cv_subset
flame3_00372,-1,unknown,raw\flame3\FLAME 3 CV Dataset (Sycan Marsh)\Fire\Thermal\Celsius TIFF\00372.TIFF,flame3_cv_subset
flame3_00373,-1,unknown,raw\flame3\FLAME 3 CV Dataset (Sycan Marsh)\Fire\Thermal\Celsius TIFF\00373.TIFF,flame3_cv_subset
flame3_00374,-1,unknown,raw\flame3\FLAME 3 CV Dataset (Sycan Marsh)\Fire\Thermal\Celsius TIFF\00374.TIFF,flame3_cv_subset
flame3_00375,-1,unknown,raw\flame3\FLAME 3 CV Dataset (Sycan Marsh)\Fire\Thermal\Celsius TIFF\00375.TIFF,flame3_cv_subset
flame3_00376,-1,unknown,raw\flame3\FLAME 3 CV Dataset (Sycan Marsh)\Fire\Thermal\Celsius TIFF\00376.TIFF,flame3_cv_subset
flame3_00377,-1,unknown,raw\flame3\FLAME 3 CV Dataset (Sycan Marsh)\Fire\Thermal\Celsius TIFF\00377.TIFF,flame3_cv_subset
flame3_00378,-1,unknown,raw\flame3\FLAME 3 CV Dataset (Sycan Marsh)\Fire\Thermal\Celsius TIFF\00378.TIFF,flame3_cv_subset
flame3_00379,-1,unknown,raw\flame3\FLAME 3 CV Dataset (Sycan Marsh)\Fire\Thermal\Celsius TIFF\00379.TIFF,flame3_cv_subset
flame3_00380,-1,unknown,raw\flame3\FLAME 3 CV Dataset (Sycan Marsh)\Fire\Thermal\Celsius TIFF\00380.TIFF,flame3_cv_subset
flame3_00381,-1,unknown,raw\flame3\FLAME 3 CV Dataset (Sycan Marsh)\Fire\Thermal\Celsius TIFF\00381.TIFF,flame3_cv_subset
flame3_00382,-1,unknown,raw\flame3\FLAME 3 CV Dataset (Sycan Marsh)\Fire\Thermal\Celsius TIFF\00382.TIFF,flame3_cv_subset
flame3_00383,-1,unknown,raw\flame3\FLAME 3 CV Dataset (Sycan Marsh)\Fire\Thermal\Celsius TIFF\00383.TIFF,flame3_cv_subset
flame3_00384,-1,unknown,raw\flame3\FLAME 3 CV Dataset (Sycan Marsh)\Fire\Thermal\Celsius TIFF\00384.TIFF,flame3_cv_subset
flame3_00385,-1,unknown,raw\flame3\FLAME 3 CV Dataset (Sycan Marsh)\Fire\Thermal\Celsius TIFF\00385.TIFF,flame3_cv_subset
flame3_00386,-1,unknown,raw\flame3\FLAME 3 CV Dataset (Sycan Marsh)\Fire\Thermal\Celsius TIFF\00386.TIFF,flame3_cv_subset
flame3_00387,-1,unknown,raw\flame3\FLAME 3 CV Dataset (Sycan Marsh)\Fire\Thermal\Celsius TIFF\00387.TIFF,flame3_cv_subset
flame3_00388,-1,unknown,raw\flame3\FLAME 3 CV Dataset (Sycan Marsh)\Fire\Thermal\Celsius TIFF\00388.TIFF,flame3_cv_subset
flame3_00389,-1,unknown,raw\flame3\FLAME 3 CV Dataset (Sycan Marsh)\Fire\Thermal\Celsius TIFF\00389.TIFF,flame3_cv_subset
flame3_00390,-1,unknown,raw\flame3\FLAME 3 CV Dataset (Sycan Marsh)\Fire\Thermal\Celsius TIFF\00390.TIFF,flame3_cv_subset
flame3_00391,-1,unknown,raw\flame3\FLAME 3 CV Dataset (Sycan Marsh)\Fire\Thermal\Celsius TIFF\00391.TIFF,flame3_cv_subset
flame3_00392,-1,unknown,raw\flame3\FLAME 3 CV Dataset (Sycan Marsh)\Fire\Thermal\Celsius TIFF\00392.TIFF,flame3_cv_subset
flame3_00393,-1,unknown,raw\flame3\FLAME 3 CV Dataset (Sycan Marsh)\Fire\Thermal\Celsius TIFF\00393.TIFF,flame3_cv_subset
flame3_00394,-1,unknown,raw\flame3\FLAME 3 CV Dataset (Sycan Marsh)\Fire\Thermal\Celsius TIFF\00394.TIFF,flame3_cv_subset
flame3_00395,-1,unknown,raw\flame3\FLAME 3 CV Dataset (Sycan Marsh)\Fire\Thermal\Celsius TIFF\00395.TIFF,flame3_cv_subset
flame3_00396,-1,unknown,raw\flame3\FLAME 3 CV Dataset (Sycan Marsh)\Fire\Thermal\Celsius TIFF\00396.TIFF,flame3_cv_subset
flame3_00397,-1,unknown,raw\flame3\FLAME 3 CV Dataset (Sycan Marsh)\Fire\Thermal\Celsius TIFF\00397.TIFF,flame3_cv_subset
flame3_00398,-1,unknown,raw\flame3\FLAME 3 CV Dataset (Sycan Marsh)\Fire\Thermal\Celsius TIFF\00398.TIFF,flame3_cv_subset
flame3_00399,-1,unknown,raw\flame3\FLAME 3 CV Dataset (Sycan Marsh)\Fire\Thermal\Celsius TIFF\00399.TIFF,flame3_cv_subset
flame3_00400,-1,unknown,raw\flame3\FLAME 3 CV Dataset (Sycan Marsh)\Fire\Thermal\Celsius TIFF\00400.TIFF,flame3_cv_subset
flame3_00401,-1,unknown,raw\flame3\FLAME 3 CV Dataset (Sycan Marsh)\Fire\Thermal\Celsius TIFF\00401.TIFF,flame3_cv_subset
flame3_00402,-1,unknown,raw\flame3\FLAME 3 CV Dataset (Sycan Marsh)\Fire\Thermal\Celsius TIFF\00402.TIFF,flame3_cv_subset
flame3_00403,-1,unknown,raw\flame3\FLAME 3 CV Dataset (Sycan Marsh)\Fire\Thermal\Celsius TIFF\00403.TIFF,flame3_cv_subset
flame3_00404,-1,unknown,raw\flame3\FLAME 3 CV Dataset (Sycan Marsh)\Fire\Thermal\Celsius TIFF\00404.TIFF,flame3_cv_subset
flame3_00405,-1,unknown,raw\flame3\FLAME 3 CV Dataset (Sycan Marsh)\Fire\Thermal\Celsius TIFF\00405.TIFF,flame3_cv_subset
flame3_00406,-1,unknown,raw\flame3\FLAME 3 CV Dataset (Sycan Marsh)\Fire\Thermal\Celsius TIFF\00406.TIFF,flame3_cv_subset
flame3_00407,-1,unknown,raw\flame3\FLAME 3 CV Dataset (Sycan Marsh)\Fire\Thermal\Celsius TIFF\00407.TIFF,flame3_cv_subset
flame3_00408,-1,unknown,raw\flame3\FLAME 3 CV Dataset (Sycan Marsh)\Fire\Thermal\Celsius TIFF\00408.TIFF,flame3_cv_subset
flame3_00409,-1,unknown,raw\flame3\FLAME 3 CV Dataset (Sycan Marsh)\Fire\Thermal\Celsius TIFF\00409.TIFF,flame3_cv_subset
flame3_00410,-1,unknown,raw\flame3\FLAME 3 CV Dataset (Sycan Marsh)\Fire\Thermal\Celsius TIFF\00410.TIFF,flame3_cv_subset
flame3_00411,-1,unknown,raw\flame3\FLAME 3 CV Dataset (Sycan Marsh)\Fire\Thermal\Celsius TIFF\00411.TIFF,flame3_cv_subset
flame3_00412,-1,unknown,raw\flame3\FLAME 3 CV Dataset (Sycan Marsh)\Fire\Thermal\Celsius TIFF\00412.TIFF,flame3_cv_subset
flame3_00413,-1,unknown,raw\flame3\FLAME 3 CV Dataset (Sycan Marsh)\Fire\Thermal\Celsius TIFF\00413.TIFF,flame3_cv_subset
flame3_00414,-1,unknown,raw\flame3\FLAME 3 CV Dataset (Sycan Marsh)\Fire\Thermal\Celsius TIFF\00414.TIFF,flame3_cv_subset
flame3_00415,-1,unknown,raw\flame3\FLAME 3 CV Dataset (Sycan Marsh)\Fire\Thermal\Celsius TIFF\00415.TIFF,flame3_cv_subset
flame3_00416,-1,unknown,raw\flame3\FLAME 3 CV Dataset (Sycan Marsh)\Fire\Thermal\Celsius TIFF\00416.TIFF,flame3_cv_subset
flame3_00417,-1,unknown,raw\flame3\FLAME 3 CV Dataset (Sycan Marsh)\Fire\Thermal\Celsius TIFF\00417.TIFF,flame3_cv_subset
flame3_00418,-1,unknown,raw\flame3\FLAME 3 CV Dataset (Sycan Marsh)\Fire\Thermal\Celsius TIFF\00418.TIFF,flame3_cv_subset
flame3_00419,-1,unknown,raw\flame3\FLAME 3 CV Dataset (Sycan Marsh)\Fire\Thermal\Celsius TIFF\00419.TIFF,flame3_cv_subset
flame3_00420,-1,unknown,raw\flame3\FLAME 3 CV Dataset (Sycan Marsh)\Fire\Thermal\Celsius TIFF\00420.TIFF,flame3_cv_subset
flame3_00421,-1,unknown,raw\flame3\FLAME 3 CV Dataset (Sycan Marsh)\Fire\Thermal\Celsius TIFF\00421.TIFF,flame3_cv_subset
flame3_00422,-1,unknown,raw\flame3\FLAME 3 CV Dataset (Sycan Marsh)\Fire\Thermal\Celsius TIFF\00422.TIFF,flame3_cv_subset
flame3_00423,-1,unknown,raw\flame3\FLAME 3 CV Dataset (Sycan Marsh)\Fire\Thermal\Celsius TIFF\00423.TIFF,flame3_cv_subset
flame3_00424,-1,unknown,raw\flame3\FLAME 3 CV Dataset (Sycan Marsh)\Fire\Thermal\Celsius TIFF\00424.TIFF,flame3_cv_subset
flame3_00425,-1,unknown,raw\flame3\FLAME 3 CV Dataset (Sycan Marsh)\Fire\Thermal\Celsius TIFF\00425.TIFF,flame3_cv_subset
flame3_00426,-1,unknown,raw\flame3\FLAME 3 CV Dataset (Sycan Marsh)\Fire\Thermal\Celsius TIFF\00426.TIFF,flame3_cv_subset
flame3_00427,-1,unknown,raw\flame3\FLAME 3 CV Dataset (Sycan Marsh)\Fire\Thermal\Celsius TIFF\00427.TIFF,flame3_cv_subset
flame3_00428,-1,unknown,raw\flame3\FLAME 3 CV Dataset (Sycan Marsh)\Fire\Thermal\Celsius TIFF\00428.TIFF,flame3_cv_subset
flame3_00429,-1,unknown,raw\flame3\FLAME 3 CV Dataset (Sycan Marsh)\Fire\Thermal\Celsius TIFF\00429.TIFF,flame3_cv_subset
flame3_00430,-1,unknown,raw\flame3\FLAME 3 CV Dataset (Sycan Marsh)\Fire\Thermal\Celsius TIFF\00430.TIFF,flame3_cv_subset
flame3_00431,-1,unknown,raw\flame3\FLAME 3 CV Dataset (Sycan Marsh)\Fire\Thermal\Celsius TIFF\00431.TIFF,flame3_cv_subset
flame3_00432,-1,unknown,raw\flame3\FLAME 3 CV Dataset (Sycan Marsh)\Fire\Thermal\Celsius TIFF\00432.TIFF,flame3_cv_subset
flame3_00433,-1,unknown,raw\flame3\FLAME 3 CV Dataset (Sycan Marsh)\Fire\Thermal\Celsius TIFF\00433.TIFF,flame3_cv_subset
flame3_00434,-1,unknown,raw\flame3\FLAME 3 CV Dataset (Sycan Marsh)\Fire\Thermal\Celsius TIFF\00434.TIFF,flame3_cv_subset
flame3_00435,-1,unknown,raw\flame3\FLAME 3 CV Dataset (Sycan Marsh)\Fire\Thermal\Celsius TIFF\00435.TIFF,flame3_cv_subset
flame3_00436,-1,unknown,raw\flame3\FLAME 3 CV Dataset (Sycan Marsh)\Fire\Thermal\Celsius TIFF\00436.TIFF,flame3_cv_subset
flame3_00437,-1,unknown,raw\flame3\FLAME 3 CV Dataset (Sycan Marsh)\Fire\Thermal\Celsius TIFF\00437.TIFF,flame3_cv_subset
flame3_00438,-1,unknown,raw\flame3\FLAME 3 CV Dataset (Sycan Marsh)\Fire\Thermal\Celsius TIFF\00438.TIFF,flame3_cv_subset
flame3_00439,-1,unknown,raw\flame3\FLAME 3 CV Dataset (Sycan Marsh)\Fire\Thermal\Celsius TIFF\00439.TIFF,flame3_cv_subset
flame3_00440,-1,unknown,raw\flame3\FLAME 3 CV Dataset (Sycan Marsh)\Fire\Thermal\Celsius TIFF\00440.TIFF,flame3_cv_subset
flame3_00441,-1,unknown,raw\flame3\FLAME 3 CV Dataset (Sycan Marsh)\Fire\Thermal\Celsius TIFF\00441.TIFF,flame3_cv_subset
flame3_00442,-1,unknown,raw\flame3\FLAME 3 CV Dataset (Sycan Marsh)\Fire\Thermal\Celsius TIFF\00442.TIFF,flame3_cv_subset
flame3_00443,-1,unknown,raw\flame3\FLAME 3 CV Dataset (Sycan Marsh)\Fire\Thermal\Celsius TIFF\00443.TIFF,flame3_cv_subset
flame3_00444,-1,unknown,raw\flame3\FLAME 3 CV Dataset (Sycan Marsh)\Fire\Thermal\Celsius TIFF\00444.TIFF,flame3_cv_subset
flame3_00445,-1,unknown,raw\flame3\FLAME 3 CV Dataset (Sycan Marsh)\Fire\Thermal\Celsius TIFF\00445.TIFF,flame3_cv_subset
flame3_00446,-1,unknown,raw\flame3\FLAME 3 CV Dataset (Sycan Marsh)\Fire\Thermal\Celsius TIFF\00446.TIFF,flame3_cv_subset
flame3_00447,-1,unknown,raw\flame3\FLAME 3 CV Dataset (Sycan Marsh)\Fire\Thermal\Celsius TIFF\00447.TIFF,flame3_cv_subset
flame3_00448,-1,unknown,raw\flame3\FLAME 3 CV Dataset (Sycan Marsh)\Fire\Thermal\Celsius TIFF\00448.TIFF,flame3_cv_subset
flame3_00449,-1,unknown,raw\flame3\FLAME 3 CV Dataset (Sycan Marsh)\Fire\Thermal\Celsius TIFF\00449.TIFF,flame3_cv_subset
flame3_00450,-1,unknown,raw\flame3\FLAME 3 CV Dataset (Sycan Marsh)\Fire\Thermal\Celsius TIFF\00450.TIFF,flame3_cv_subset
flame3_00451,-1,unknown,raw\flame3\FLAME 3 CV Dataset (Sycan Marsh)\Fire\Thermal\Celsius TIFF\00451.TIFF,flame3_cv_subset
flame3_00452,-1,unknown,raw\flame3\FLAME 3 CV Dataset (Sycan Marsh)\Fire\Thermal\Celsius TIFF\00452.TIFF,flame3_cv_subset
flame3_00453,-1,unknown,raw\flame3\FLAME 3 CV Dataset (Sycan Marsh)\Fire\Thermal\Celsius TIFF\00453.TIFF,flame3_cv_subset
flame3_00454,-1,unknown,raw\flame3\FLAME 3 CV Dataset (Sycan Marsh)\Fire\Thermal\Celsius TIFF\00454.TIFF,flame3_cv_subset
flame3_00455,-1,unknown,raw\flame3\FLAME 3 CV Dataset (Sycan Marsh)\Fire\Thermal\Celsius TIFF\00455.TIFF,flame3_cv_subset
flame3_00456,-1,unknown,raw\flame3\FLAME 3 CV Dataset (Sycan Marsh)\Fire\Thermal\Celsius TIFF\00456.TIFF,flame3_cv_subset
flame3_00457,-1,unknown,raw\flame3\FLAME 3 CV Dataset (Sycan Marsh)\Fire\Thermal\Celsius TIFF\00457.TIFF,flame3_cv_subset
flame3_00458,-1,unknown,raw\flame3\FLAME 3 CV Dataset (Sycan Marsh)\Fire\Thermal\Celsius TIFF\00458.TIFF,flame3_cv_subset
flame3_00459,-1,unknown,raw\flame3\FLAME 3 CV Dataset (Sycan Marsh)\Fire\Thermal\Celsius TIFF\00459.TIFF,flame3_cv_subset
flame3_00460,-1,unknown,raw\flame3\FLAME 3 CV Dataset (Sycan Marsh)\Fire\Thermal\Celsius TIFF\00460.TIFF,flame3_cv_subset
flame3_00461,-1,unknown,raw\flame3\FLAME 3 CV Dataset (Sycan Marsh)\Fire\Thermal\Celsius TIFF\00461.TIFF,flame3_cv_subset
flame3_00462,-1,unknown,raw\flame3\FLAME 3 CV Dataset (Sycan Marsh)\Fire\Thermal\Celsius TIFF\00462.TIFF,flame3_cv_subset
flame3_00463,-1,unknown,raw\flame3\FLAME 3 CV Dataset (Sycan Marsh)\Fire\Thermal\Celsius TIFF\00463.TIFF,flame3_cv_subset
flame3_00464,-1,unknown,raw\flame3\FLAME 3 CV Dataset (Sycan Marsh)\Fire\Thermal\Celsius TIFF\00464.TIFF,flame3_cv_subset
flame3_00465,-1,unknown,raw\flame3\FLAME 3 CV Dataset (Sycan Marsh)\Fire\Thermal\Celsius TIFF\00465.TIFF,flame3_cv_subset
flame3_00466,-1,unknown,raw\flame3\FLAME 3 CV Dataset (Sycan Marsh)\Fire\Thermal\Celsius TIFF\00466.TIFF,flame3_cv_subset
flame3_00467,-1,unknown,raw\flame3\FLAME 3 CV Dataset (Sycan Marsh)\Fire\Thermal\Celsius TIFF\00467.TIFF,flame3_cv_subset
flame3_00468,-1,unknown,raw\flame3\FLAME 3 CV Dataset (Sycan Marsh)\Fire\Thermal\Celsius TIFF\00468.TIFF,flame3_cv_subset
flame3_00469,-1,unknown,raw\flame3\FLAME 3 CV Dataset (Sycan Marsh)\Fire\Thermal\Celsius TIFF\00469.TIFF,flame3_cv_subset
flame3_00470,-1,unknown,raw\flame3\FLAME 3 CV Dataset (Sycan Marsh)\Fire\Thermal\Celsius TIFF\00470.TIFF,flame3_cv_subset
flame3_00471,-1,unknown,raw\flame3\FLAME 3 CV Dataset (Sycan Marsh)\Fire\Thermal\Celsius TIFF\00471.TIFF,flame3_cv_subset
flame3_00472,-1,unknown,raw\flame3\FLAME 3 CV Dataset (Sycan Marsh)\Fire\Thermal\Celsius TIFF\00472.TIFF,flame3_cv_subset
flame3_00473,-1,unknown,raw\flame3\FLAME 3 CV Dataset (Sycan Marsh)\Fire\Thermal\Celsius TIFF\00473.TIFF,flame3_cv_subset
flame3_00474,-1,unknown,raw\flame3\FLAME 3 CV Dataset (Sycan Marsh)\Fire\Thermal\Celsius TIFF\00474.TIFF,flame3_cv_subset
flame3_00475,-1,unknown,raw\flame3\FLAME 3 CV Dataset (Sycan Marsh)\Fire\Thermal\Celsius TIFF\00475.TIFF,flame3_cv_subset
flame3_00476,-1,unknown,raw\flame3\FLAME 3 CV Dataset (Sycan Marsh)\Fire\Thermal\Celsius TIFF\00476.TIFF,flame3_cv_subset
flame3_00477,-1,unknown,raw\flame3\FLAME 3 CV Dataset (Sycan Marsh)\Fire\Thermal\Celsius TIFF\00477.TIFF,flame3_cv_subset
flame3_00478,-1,unknown,raw\flame3\FLAME 3 CV Dataset (Sycan Marsh)\Fire\Thermal\Celsius TIFF\00478.TIFF,flame3_cv_subset
flame3_00479,-1,unknown,raw\flame3\FLAME 3 CV Dataset (Sycan Marsh)\Fire\Thermal\Celsius TIFF\00479.TIFF,flame3_cv_subset
flame3_00480,-1,unknown,raw\flame3\FLAME 3 CV Dataset (Sycan Marsh)\Fire\Thermal\Celsius TIFF\00480.TIFF,flame3_cv_subset
flame3_00481,-1,unknown,raw\flame3\FLAME 3 CV Dataset (Sycan Marsh)\Fire\Thermal\Celsius TIFF\00481.TIFF,flame3_cv_subset
flame3_00482,-1,unknown,raw\flame3\FLAME 3 CV Dataset (Sycan Marsh)\Fire\Thermal\Celsius TIFF\00482.TIFF,flame3_cv_subset
flame3_00483,-1,unknown,raw\flame3\FLAME 3 CV Dataset (Sycan Marsh)\Fire\Thermal\Celsius TIFF\00483.TIFF,flame3_cv_subset
flame3_00484,-1,unknown,raw\flame3\FLAME 3 CV Dataset (Sycan Marsh)\Fire\Thermal\Celsius TIFF\00484.TIFF,flame3_cv_subset
flame3_00485,-1,unknown,raw\flame3\FLAME 3 CV Dataset (Sycan Marsh)\Fire\Thermal\Celsius TIFF\00485.TIFF,flame3_cv_subset
flame3_00486,-1,unknown,raw\flame3\FLAME 3 CV Dataset (Sycan Marsh)\Fire\Thermal\Celsius TIFF\00486.TIFF,flame3_cv_subset
flame3_00487,-1,unknown,raw\flame3\FLAME 3 CV Dataset (Sycan Marsh)\Fire\Thermal\Celsius TIFF\00487.TIFF,flame3_cv_subset
flame3_00488,-1,unknown,raw\flame3\FLAME 3 CV Dataset (Sycan Marsh)\Fire\Thermal\Celsius TIFF\00488.TIFF,flame3_cv_subset
flame3_00489,-1,unknown,raw\flame3\FLAME 3 CV Dataset (Sycan Marsh)\Fire\Thermal\Celsius TIFF\00489.TIFF,flame3_cv_subset
flame3_00490,-1,unknown,raw\flame3\FLAME 3 CV Dataset (Sycan Marsh)\Fire\Thermal\Celsius TIFF\00490.TIFF,flame3_cv_subset
flame3_00491,-1,unknown,raw\flame3\FLAME 3 CV Dataset (Sycan Marsh)\Fire\Thermal\Celsius TIFF\00491.TIFF,flame3_cv_subset
flame3_00492,-1,unknown,raw\flame3\FLAME 3 CV Dataset (Sycan Marsh)\Fire\Thermal\Celsius TIFF\00492.TIFF,flame3_cv_subset
flame3_00493,-1,unknown,raw\flame3\FLAME 3 CV Dataset (Sycan Marsh)\Fire\Thermal\Celsius TIFF\00493.TIFF,flame3_cv_subset
flame3_00494,-1,unknown,raw\flame3\FLAME 3 CV Dataset (Sycan Marsh)\Fire\Thermal\Celsius TIFF\00494.TIFF,flame3_cv_subset
flame3_00495,-1,unknown,raw\flame3\FLAME 3 CV Dataset (Sycan Marsh)\Fire\Thermal\Celsius TIFF\00495.TIFF,flame3_cv_subset
flame3_00496,-1,unknown,raw\flame3\FLAME 3 CV Dataset (Sycan Marsh)\Fire\Thermal\Celsius TIFF\00496.TIFF,flame3_cv_subset
flame3_00497,-1,unknown,raw\flame3\FLAME 3 CV Dataset (Sycan Marsh)\Fire\Thermal\Celsius TIFF\00497.TIFF,flame3_cv_subset
flame3_00498,-1,unknown,raw\flame3\FLAME 3 CV Dataset (Sycan Marsh)\Fire\Thermal\Celsius TIFF\00498.TIFF,flame3_cv_subset
flame3_00499,-1,unknown,raw\flame3\FLAME 3 CV Dataset (Sycan Marsh)\Fire\Thermal\Celsius TIFF\00499.TIFF,flame3_cv_subset
flame3_00500,-1,unknown,raw\flame3\FLAME 3 CV Dataset (Sycan Marsh)\Fire\Thermal\Celsius TIFF\00500.TIFF,flame3_cv_subset
flame3_00501,-1,unknown,raw\flame3\FLAME 3 CV Dataset (Sycan Marsh)\Fire\Thermal\Celsius TIFF\00501.TIFF,flame3_cv_subset
flame3_00502,-1,unknown,raw\flame3\FLAME 3 CV Dataset (Sycan Marsh)\Fire\Thermal\Celsius TIFF\00502.TIFF,flame3_cv_subset
flame3_00503,-1,unknown,raw\flame3\FLAME 3 CV Dataset (Sycan Marsh)\Fire\Thermal\Celsius TIFF\00503.TIFF,flame3_cv_subset
flame3_00504,-1,unknown,raw\flame3\FLAME 3 CV Dataset (Sycan Marsh)\Fire\Thermal\Celsius TIFF\00504.TIFF,flame3_cv_subset
flame3_00505,-1,unknown,raw\flame3\FLAME 3 CV Dataset (Sycan Marsh)\Fire\Thermal\Celsius TIFF\00505.TIFF,flame3_cv_subset
flame3_00506,-1,unknown,raw\flame3\FLAME 3 CV Dataset (Sycan Marsh)\Fire\Thermal\Celsius TIFF\00506.TIFF,flame3_cv_subset
flame3_00507,-1,unknown,raw\flame3\FLAME 3 CV Dataset (Sycan Marsh)\Fire\Thermal\Celsius TIFF\00507.TIFF,flame3_cv_subset
flame3_00508,-1,unknown,raw\flame3\FLAME 3 CV Dataset (Sycan Marsh)\Fire\Thermal\Celsius TIFF\00508.TIFF,flame3_cv_subset
flame3_00509,-1,unknown,raw\flame3\FLAME 3 CV Dataset (Sycan Marsh)\Fire\Thermal\Celsius TIFF\00509.TIFF,flame3_cv_subset
flame3_00510,-1,unknown,raw\flame3\FLAME 3 CV Dataset (Sycan Marsh)\Fire\Thermal\Celsius TIFF\00510.TIFF,flame3_cv_subset
flame3_00511,-1,unknown,raw\flame3\FLAME 3 CV Dataset (Sycan Marsh)\Fire\Thermal\Celsius TIFF\00511.TIFF,flame3_cv_subset
flame3_00512,-1,unknown,raw\flame3\FLAME 3 CV Dataset (Sycan Marsh)\Fire\Thermal\Celsius TIFF\00512.TIFF,flame3_cv_subset
flame3_00513,-1,unknown,raw\flame3\FLAME 3 CV Dataset (Sycan Marsh)\Fire\Thermal\Celsius TIFF\00513.TIFF,flame3_cv_subset
flame3_00514,-1,unknown,raw\flame3\FLAME 3 CV Dataset (Sycan Marsh)\Fire\Thermal\Celsius TIFF\00514.TIFF,flame3_cv_subset
flame3_00515,-1,unknown,raw\flame3\FLAME 3 CV Dataset (Sycan Marsh)\Fire\Thermal\Celsius TIFF\00515.TIFF,flame3_cv_subset
flame3_00516,-1,unknown,raw\flame3\FLAME 3 CV Dataset (Sycan Marsh)\Fire\Thermal\Celsius TIFF\00516.TIFF,flame3_cv_subset
flame3_00517,-1,unknown,raw\flame3\FLAME 3 CV Dataset (Sycan Marsh)\Fire\Thermal\Celsius TIFF\00517.TIFF,flame3_cv_subset
flame3_00518,-1,unknown,raw\flame3\FLAME 3 CV Dataset (Sycan Marsh)\Fire\Thermal\Celsius TIFF\00518.TIFF,flame3_cv_subset
flame3_00519,-1,unknown,raw\flame3\FLAME 3 CV Dataset (Sycan Marsh)\Fire\Thermal\Celsius TIFF\00519.TIFF,flame3_cv_subset
flame3_00520,-1,unknown,raw\flame3\FLAME 3 CV Dataset (Sycan Marsh)\Fire\Thermal\Celsius TIFF\00520.TIFF,flame3_cv_subset
flame3_00521,-1,unknown,raw\flame3\FLAME 3 CV Dataset (Sycan Marsh)\Fire\Thermal\Celsius TIFF\00521.TIFF,flame3_cv_subset
flame3_00522,-1,unknown,raw\flame3\FLAME 3 CV Dataset (Sycan Marsh)\Fire\Thermal\Celsius TIFF\00522.TIFF,flame3_cv_subset
flame3_00523,-1,unknown,raw\flame3\FLAME 3 CV Dataset (Sycan Marsh)\Fire\Thermal\Celsius TIFF\00523.TIFF,flame3_cv_subset
flame3_00524,-1,unknown,raw\flame3\FLAME 3 CV Dataset (Sycan Marsh)\Fire\Thermal\Celsius TIFF\00524.TIFF,flame3_cv_subset
flame3_00525,-1,unknown,raw\flame3\FLAME 3 CV Dataset (Sycan Marsh)\Fire\Thermal\Celsius TIFF\00525.TIFF,flame3_cv_subset
flame3_00526,-1,unknown,raw\flame3\FLAME 3 CV Dataset (Sycan Marsh)\Fire\Thermal\Celsius TIFF\00526.TIFF,flame3_cv_subset
flame3_00527,-1,unknown,raw\flame3\FLAME 3 CV Dataset (Sycan Marsh)\Fire\Thermal\Celsius TIFF\00527.TIFF,flame3_cv_subset
flame3_00528,-1,unknown,raw\flame3\FLAME 3 CV Dataset (Sycan Marsh)\Fire\Thermal\Celsius TIFF\00528.TIFF,flame3_cv_subset
flame3_00529,-1,unknown,raw\flame3\FLAME 3 CV Dataset (Sycan Marsh)\Fire\Thermal\Celsius TIFF\00529.TIFF,flame3_cv_subset
flame3_00530,-1,unknown,raw\flame3\FLAME 3 CV Dataset (Sycan Marsh)\Fire\Thermal\Celsius TIFF\00530.TIFF,flame3_cv_subset
flame3_00531,-1,unknown,raw\flame3\FLAME 3 CV Dataset (Sycan Marsh)\Fire\Thermal\Celsius TIFF\00531.TIFF,flame3_cv_subset
flame3_00532,-1,unknown,raw\flame3\FLAME 3 CV Dataset (Sycan Marsh)\Fire\Thermal\Celsius TIFF\00532.TIFF,flame3_cv_subset
flame3_00533,-1,unknown,raw\flame3\FLAME 3 CV Dataset (Sycan Marsh)\Fire\Thermal\Celsius TIFF\00533.TIFF,flame3_cv_subset
flame3_00534,-1,unknown,raw\flame3\FLAME 3 CV Dataset (Sycan Marsh)\Fire\Thermal\Celsius TIFF\00534.TIFF,flame3_cv_subset
flame3_00535,-1,unknown,raw\flame3\FLAME 3 CV Dataset (Sycan Marsh)\Fire\Thermal\Celsius TIFF\00535.TIFF,flame3_cv_subset
flame3_00536,-1,unknown,raw\flame3\FLAME 3 CV Dataset (Sycan Marsh)\Fire\Thermal\Celsius TIFF\00536.TIFF,flame3_cv_subset
flame3_00537,-1,unknown,raw\flame3\FLAME 3 CV Dataset (Sycan Marsh)\Fire\Thermal\Celsius TIFF\00537.TIFF,flame3_cv_subset
flame3_00538,-1,unknown,raw\flame3\FLAME 3 CV Dataset (Sycan Marsh)\Fire\Thermal\Celsius TIFF\00538.TIFF,flame3_cv_subset
flame3_00539,-1,unknown,raw\flame3\FLAME 3 CV Dataset (Sycan Marsh)\Fire\Thermal\Celsius TIFF\00539.TIFF,flame3_cv_subset
flame3_00540,-1,unknown,raw\flame3\FLAME 3 CV Dataset (Sycan Marsh)\Fire\Thermal\Celsius TIFF\00540.TIFF,flame3_cv_subset
flame3_00541,-1,unknown,raw\flame3\FLAME 3 CV Dataset (Sycan Marsh)\Fire\Thermal\Celsius TIFF\00541.TIFF,flame3_cv_subset
flame3_00542,-1,unknown,raw\flame3\FLAME 3 CV Dataset (Sycan Marsh)\Fire\Thermal\Celsius TIFF\00542.TIFF,flame3_cv_subset
flame3_00543,-1,unknown,raw\flame3\FLAME 3 CV Dataset (Sycan Marsh)\Fire\Thermal\Celsius TIFF\00543.TIFF,flame3_cv_subset
flame3_00544,-1,unknown,raw\flame3\FLAME 3 CV Dataset (Sycan Marsh)\Fire\Thermal\Celsius TIFF\00544.TIFF,flame3_cv_subset
flame3_00545,-1,unknown,raw\flame3\FLAME 3 CV Dataset (Sycan Marsh)\Fire\Thermal\Celsius TIFF\00545.TIFF,flame3_cv_subset
flame3_00546,-1,unknown,raw\flame3\FLAME 3 CV Dataset (Sycan Marsh)\Fire\Thermal\Celsius TIFF\00546.TIFF,flame3_cv_subset
flame3_00547,-1,unknown,raw\flame3\FLAME 3 CV Dataset (Sycan Marsh)\Fire\Thermal\Celsius TIFF\00547.TIFF,flame3_cv_subset
flame3_00548,-1,unknown,raw\flame3\FLAME 3 CV Dataset (Sycan Marsh)\Fire\Thermal\Celsius TIFF\00548.TIFF,flame3_cv_subset
flame3_00549,-1,unknown,raw\flame3\FLAME 3 CV Dataset (Sycan Marsh)\Fire\Thermal\Celsius TIFF\00549.TIFF,flame3_cv_subset
flame3_00550,-1,unknown,raw\flame3\FLAME 3 CV Dataset (Sycan Marsh)\Fire\Thermal\Celsius TIFF\00550.TIFF,flame3_cv_subset
flame3_00551,-1,unknown,raw\flame3\FLAME 3 CV Dataset (Sycan Marsh)\Fire\Thermal\Celsius TIFF\00551.TIFF,flame3_cv_subset
flame3_00552,-1,unknown,raw\flame3\FLAME 3 CV Dataset (Sycan Marsh)\Fire\Thermal\Celsius TIFF\00552.TIFF,flame3_cv_subset
flame3_00553,-1,unknown,raw\flame3\FLAME 3 CV Dataset (Sycan Marsh)\Fire\Thermal\Celsius TIFF\00553.TIFF,flame3_cv_subset
flame3_00554,-1,unknown,raw\flame3\FLAME 3 CV Dataset (Sycan Marsh)\Fire\Thermal\Celsius TIFF\00554.TIFF,flame3_cv_subset
flame3_00555,-1,unknown,raw\flame3\FLAME 3 CV Dataset (Sycan Marsh)\Fire\Thermal\Celsius TIFF\00555.TIFF,flame3_cv_subset
flame3_00556,-1,unknown,raw\flame3\FLAME 3 CV Dataset (Sycan Marsh)\Fire\Thermal\Celsius TIFF\00556.TIFF,flame3_cv_subset
flame3_00557,-1,unknown,raw\flame3\FLAME 3 CV Dataset (Sycan Marsh)\Fire\Thermal\Celsius TIFF\00557.TIFF,flame3_cv_subset
flame3_00558,-1,unknown,raw\flame3\FLAME 3 CV Dataset (Sycan Marsh)\Fire\Thermal\Celsius TIFF\00558.TIFF,flame3_cv_subset
flame3_00559,-1,unknown,raw\flame3\FLAME 3 CV Dataset (Sycan Marsh)\Fire\Thermal\Celsius TIFF\00559.TIFF,flame3_cv_subset
flame3_00560,-1,unknown,raw\flame3\FLAME 3 CV Dataset (Sycan Marsh)\Fire\Thermal\Celsius TIFF\00560.TIFF,flame3_cv_subset
flame3_00561,-1,unknown,raw\flame3\FLAME 3 CV Dataset (Sycan Marsh)\Fire\Thermal\Celsius TIFF\00561.TIFF,flame3_cv_subset
flame3_00562,-1,unknown,raw\flame3\FLAME 3 CV Dataset (Sycan Marsh)\Fire\Thermal\Celsius TIFF\00562.TIFF,flame3_cv_subset
flame3_00563,-1,unknown,raw\flame3\FLAME 3 CV Dataset (Sycan Marsh)\Fire\Thermal\Celsius TIFF\00563.TIFF,flame3_cv_subset
flame3_00564,-1,unknown,raw\flame3\FLAME 3 CV Dataset (Sycan Marsh)\Fire\Thermal\Celsius TIFF\00564.TIFF,flame3_cv_subset
flame3_00565,-1,unknown,raw\flame3\FLAME 3 CV Dataset (Sycan Marsh)\Fire\Thermal\Celsius TIFF\00565.TIFF,flame3_cv_subset
flame3_00566,-1,unknown,raw\flame3\FLAME 3 CV Dataset (Sycan Marsh)\Fire\Thermal\Celsius TIFF\00566.TIFF,flame3_cv_subset
flame3_00567,-1,unknown,raw\flame3\FLAME 3 CV Dataset (Sycan Marsh)\Fire\Thermal\Celsius TIFF\00567.TIFF,flame3_cv_subset
flame3_00568,-1,unknown,raw\flame3\FLAME 3 CV Dataset (Sycan Marsh)\Fire\Thermal\Celsius TIFF\00568.TIFF,flame3_cv_subset
flame3_00569,-1,unknown,raw\flame3\FLAME 3 CV Dataset (Sycan Marsh)\Fire\Thermal\Celsius TIFF\00569.TIFF,flame3_cv_subset
flame3_00570,-1,unknown,raw\flame3\FLAME 3 CV Dataset (Sycan Marsh)\Fire\Thermal\Celsius TIFF\00570.TIFF,flame3_cv_subset
flame3_00571,-1,unknown,raw\flame3\FLAME 3 CV Dataset (Sycan Marsh)\Fire\Thermal\Celsius TIFF\00571.TIFF,flame3_cv_subset
flame3_00572,-1,unknown,raw\flame3\FLAME 3 CV Dataset (Sycan Marsh)\Fire\Thermal\Celsius TIFF\00572.TIFF,flame3_cv_subset
flame3_00573,-1,unknown,raw\flame3\FLAME 3 CV Dataset (Sycan Marsh)\Fire\Thermal\Celsius TIFF\00573.TIFF,flame3_cv_subset
flame3_00574,-1,unknown,raw\flame3\FLAME 3 CV Dataset (Sycan Marsh)\Fire\Thermal\Celsius TIFF\00574.TIFF,flame3_cv_subset
flame3_00575,-1,unknown,raw\flame3\FLAME 3 CV Dataset (Sycan Marsh)\Fire\Thermal\Celsius TIFF\00575.TIFF,flame3_cv_subset
flame3_00576,-1,unknown,raw\flame3\FLAME 3 CV Dataset (Sycan Marsh)\Fire\Thermal\Celsius TIFF\00576.TIFF,flame3_cv_subset
flame3_00577,-1,unknown,raw\flame3\FLAME 3 CV Dataset (Sycan Marsh)\Fire\Thermal\Celsius TIFF\00577.TIFF,flame3_cv_subset
flame3_00578,-1,unknown,raw\flame3\FLAME 3 CV Dataset (Sycan Marsh)\Fire\Thermal\Celsius TIFF\00578.TIFF,flame3_cv_subset
flame3_00579,-1,unknown,raw\flame3\FLAME 3 CV Dataset (Sycan Marsh)\Fire\Thermal\Celsius TIFF\00579.TIFF,flame3_cv_subset
flame3_00580,-1,unknown,raw\flame3\FLAME 3 CV Dataset (Sycan Marsh)\Fire\Thermal\Celsius TIFF\00580.TIFF,flame3_cv_subset
flame3_00581,-1,unknown,raw\flame3\FLAME 3 CV Dataset (Sycan Marsh)\Fire\Thermal\Celsius TIFF\00581.TIFF,flame3_cv_subset
flame3_00582,-1,unknown,raw\flame3\FLAME 3 CV Dataset (Sycan Marsh)\Fire\Thermal\Celsius TIFF\00582.TIFF,flame3_cv_subset
flame3_00583,-1,unknown,raw\flame3\FLAME 3 CV Dataset (Sycan Marsh)\Fire\Thermal\Celsius TIFF\00583.TIFF,flame3_cv_subset
flame3_00584,-1,unknown,raw\flame3\FLAME 3 CV Dataset (Sycan Marsh)\Fire\Thermal\Celsius TIFF\00584.TIFF,flame3_cv_subset
flame3_00585,-1,unknown,raw\flame3\FLAME 3 CV Dataset (Sycan Marsh)\Fire\Thermal\Celsius TIFF\00585.TIFF,flame3_cv_subset
flame3_00586,-1,unknown,raw\flame3\FLAME 3 CV Dataset (Sycan Marsh)\Fire\Thermal\Celsius TIFF\00586.TIFF,flame3_cv_subset
flame3_00587,-1,unknown,raw\flame3\FLAME 3 CV Dataset (Sycan Marsh)\Fire\Thermal\Celsius TIFF\00587.TIFF,flame3_cv_subset
flame3_00588,-1,unknown,raw\flame3\FLAME 3 CV Dataset (Sycan Marsh)\Fire\Thermal\Celsius TIFF\00588.TIFF,flame3_cv_subset
flame3_00589,-1,unknown,raw\flame3\FLAME 3 CV Dataset (Sycan Marsh)\Fire\Thermal\Celsius TIFF\00589.TIFF,flame3_cv_subset
flame3_00590,-1,unknown,raw\flame3\FLAME 3 CV Dataset (Sycan Marsh)\Fire\Thermal\Celsius TIFF\00590.TIFF,flame3_cv_subset
flame3_00591,-1,unknown,raw\flame3\FLAME 3 CV Dataset (Sycan Marsh)\Fire\Thermal\Celsius TIFF\00591.TIFF,flame3_cv_subset
flame3_00592,-1,unknown,raw\flame3\FLAME 3 CV Dataset (Sycan Marsh)\Fire\Thermal\Celsius TIFF\00592.TIFF,flame3_cv_subset
flame3_00593,-1,unknown,raw\flame3\FLAME 3 CV Dataset (Sycan Marsh)\Fire\Thermal\Celsius TIFF\00593.TIFF,flame3_cv_subset
flame3_00594,-1,unknown,raw\flame3\FLAME 3 CV Dataset (Sycan Marsh)\Fire\Thermal\Celsius TIFF\00594.TIFF,flame3_cv_subset
flame3_00595,-1,unknown,raw\flame3\FLAME 3 CV Dataset (Sycan Marsh)\Fire\Thermal\Celsius TIFF\00595.TIFF,flame3_cv_subset
flame3_00596,-1,unknown,raw\flame3\FLAME 3 CV Dataset (Sycan Marsh)\Fire\Thermal\Celsius TIFF\00596.TIFF,flame3_cv_subset
flame3_00597,-1,unknown,raw\flame3\FLAME 3 CV Dataset (Sycan Marsh)\Fire\Thermal\Celsius TIFF\00597.TIFF,flame3_cv_subset
flame3_00598,-1,unknown,raw\flame3\FLAME 3 CV Dataset (Sycan Marsh)\Fire\Thermal\Celsius TIFF\00598.TIFF,flame3_cv_subset
flame3_00599,-1,unknown,raw\flame3\FLAME 3 CV Dataset (Sycan Marsh)\Fire\Thermal\Celsius TIFF\00599.TIFF,flame3_cv_subset
flame3_00600,-1,unknown,raw\flame3\FLAME 3 CV Dataset (Sycan Marsh)\Fire\Thermal\Celsius TIFF\00600.TIFF,flame3_cv_subset
flame3_00601,-1,unknown,raw\flame3\FLAME 3 CV Dataset (Sycan Marsh)\Fire\Thermal\Celsius TIFF\00601.TIFF,flame3_cv_subset
flame3_00602,-1,unknown,raw\flame3\FLAME 3 CV Dataset (Sycan Marsh)\Fire\Thermal\Celsius TIFF\00602.TIFF,flame3_cv_subset
flame3_00603,-1,unknown,raw\flame3\FLAME 3 CV Dataset (Sycan Marsh)\Fire\Thermal\Celsius TIFF\00603.TIFF,flame3_cv_subset
flame3_00604,-1,unknown,raw\flame3\FLAME 3 CV Dataset (Sycan Marsh)\Fire\Thermal\Celsius TIFF\00604.TIFF,flame3_cv_subset
flame3_00605,-1,unknown,raw\flame3\FLAME 3 CV Dataset (Sycan Marsh)\Fire\Thermal\Celsius TIFF\00605.TIFF,flame3_cv_subset
flame3_00606,-1,unknown,raw\flame3\FLAME 3 CV Dataset (Sycan Marsh)\Fire\Thermal\Celsius TIFF\00606.TIFF,flame3_cv_subset
flame3_00607,-1,unknown,raw\flame3\FLAME 3 CV Dataset (Sycan Marsh)\Fire\Thermal\Celsius TIFF\00607.TIFF,flame3_cv_subset
flame3_00608,-1,unknown,raw\flame3\FLAME 3 CV Dataset (Sycan Marsh)\Fire\Thermal\Celsius TIFF\00608.TIFF,flame3_cv_subset
flame3_00609,-1,unknown,raw\flame3\FLAME 3 CV Dataset (Sycan Marsh)\Fire\Thermal\Celsius TIFF\00609.TIFF,flame3_cv_subset
flame3_00610,-1,unknown,raw\flame3\FLAME 3 CV Dataset (Sycan Marsh)\Fire\Thermal\Celsius TIFF\00610.TIFF,flame3_cv_subset
flame3_00611,-1,unknown,raw\flame3\FLAME 3 CV Dataset (Sycan Marsh)\Fire\Thermal\Celsius TIFF\00611.TIFF,flame3_cv_subset
flame3_00612,-1,unknown,raw\flame3\FLAME 3 CV Dataset (Sycan Marsh)\Fire\Thermal\Celsius TIFF\00612.TIFF,flame3_cv_subset
flame3_00613,-1,unknown,raw\flame3\FLAME 3 CV Dataset (Sycan Marsh)\Fire\Thermal\Celsius TIFF\00613.TIFF,flame3_cv_subset
flame3_00614,-1,unknown,raw\flame3\FLAME 3 CV Dataset (Sycan Marsh)\Fire\Thermal\Celsius TIFF\00614.TIFF,flame3_cv_subset
flame3_00615,-1,unknown,raw\flame3\FLAME 3 CV Dataset (Sycan Marsh)\Fire\Thermal\Celsius TIFF\00615.TIFF,flame3_cv_subset
flame3_00616,-1,unknown,raw\flame3\FLAME 3 CV Dataset (Sycan Marsh)\Fire\Thermal\Celsius TIFF\00616.TIFF,flame3_cv_subset
flame3_00617,-1,unknown,raw\flame3\FLAME 3 CV Dataset (Sycan Marsh)\Fire\Thermal\Celsius TIFF\00617.TIFF,flame3_cv_subset
flame3_00618,-1,unknown,raw\flame3\FLAME 3 CV Dataset (Sycan Marsh)\Fire\Thermal\Celsius TIFF\00618.TIFF,flame3_cv_subset
flame3_00619,-1,unknown,raw\flame3\FLAME 3 CV Dataset (Sycan Marsh)\Fire\Thermal\Celsius TIFF\00619.TIFF,flame3_cv_subset
flame3_00620,-1,unknown,raw\flame3\FLAME 3 CV Dataset (Sycan Marsh)\Fire\Thermal\Celsius TIFF\00620.TIFF,flame3_cv_subset
flame3_00621,-1,unknown,raw\flame3\FLAME 3 CV Dataset (Sycan Marsh)\Fire\Thermal\Celsius TIFF\00621.TIFF,flame3_cv_subset
flame3_00622,-1,unknown,raw\flame3\FLAME 3 CV Dataset (Sycan Marsh)\Fire\Thermal\Celsius TIFF\00622.TIFF,flame3_cv_subset
flame3_00001,-1,unknown,raw\flame3\FLAME 3 CV Dataset (Sycan Marsh)\Fire\Thermal\Raw JPG\00001.JPG,flame3_cv_subset
flame3_00002,-1,unknown,raw\flame3\FLAME 3 CV Dataset (Sycan Marsh)\Fire\Thermal\Raw JPG\00002.JPG,flame3_cv_subset
flame3_00003,-1,unknown,raw\flame3\FLAME 3 CV Dataset (Sycan Marsh)\Fire\Thermal\Raw JPG\00003.JPG,flame3_cv_subset
flame3_00004,-1,unknown,raw\flame3\FLAME 3 CV Dataset (Sycan Marsh)\Fire\Thermal\Raw JPG\00004.JPG,flame3_cv_subset
flame3_00005,-1,unknown,raw\flame3\FLAME 3 CV Dataset (Sycan Marsh)\Fire\Thermal\Raw JPG\00005.JPG,flame3_cv_subset
flame3_00006,-1,unknown,raw\flame3\FLAME 3 CV Dataset (Sycan Marsh)\Fire\Thermal\Raw JPG\00006.JPG,flame3_cv_subset
flame3_00007,-1,unknown,raw\flame3\FLAME 3 CV Dataset (Sycan Marsh)\Fire\Thermal\Raw JPG\00007.JPG,flame3_cv_subset
flame3_00008,-1,unknown,raw\flame3\FLAME 3 CV Dataset (Sycan Marsh)\Fire\Thermal\Raw JPG\00008.JPG,flame3_cv_subset
flame3_00009,-1,unknown,raw\flame3\FLAME 3 CV Dataset (Sycan Marsh)\Fire\Thermal\Raw JPG\00009.JPG,flame3_cv_subset
flame3_00010,-1,unknown,raw\flame3\FLAME 3 CV Dataset (Sycan Marsh)\Fire\Thermal\Raw JPG\00010.JPG,flame3_cv_subset
flame3_00011,-1,unknown,raw\flame3\FLAME 3 CV Dataset (Sycan Marsh)\Fire\Thermal\Raw JPG\00011.JPG,flame3_cv_subset
flame3_00012,-1,unknown,raw\flame3\FLAME 3 CV Dataset (Sycan Marsh)\Fire\Thermal\Raw JPG\00012.JPG,flame3_cv_subset
flame3_00013,-1,unknown,raw\flame3\FLAME 3 CV Dataset (Sycan Marsh)\Fire\Thermal\Raw JPG\00013.JPG,flame3_cv_subset
flame3_00014,-1,unknown,raw\flame3\FLAME 3 CV Dataset (Sycan Marsh)\Fire\Thermal\Raw JPG\00014.JPG,flame3_cv_subset
flame3_00015,-1,unknown,raw\flame3\FLAME 3 CV Dataset (Sycan Marsh)\Fire\Thermal\Raw JPG\00015.JPG,flame3_cv_subset
flame3_00016,-1,unknown,raw\flame3\FLAME 3 CV Dataset (Sycan Marsh)\Fire\Thermal\Raw JPG\00016.JPG,flame3_cv_subset
flame3_00017,-1,unknown,raw\flame3\FLAME 3 CV Dataset (Sycan Marsh)\Fire\Thermal\Raw JPG\00017.JPG,flame3_cv_subset
flame3_00018,-1,unknown,raw\flame3\FLAME 3 CV Dataset (Sycan Marsh)\Fire\Thermal\Raw JPG\00018.JPG,flame3_cv_subset
flame3_00019,-1,unknown,raw\flame3\FLAME 3 CV Dataset (Sycan Marsh)\Fire\Thermal\Raw JPG\00019.JPG,flame3_cv_subset
flame3_00020,-1,unknown,raw\flame3\FLAME 3 CV Dataset (Sycan Marsh)\Fire\Thermal\Raw JPG\00020.JPG,flame3_cv_subset
flame3_00021,-1,unknown,raw\flame3\FLAME 3 CV Dataset (Sycan Marsh)\Fire\Thermal\Raw JPG\00021.JPG,flame3_cv_subset
flame3_00022,-1,unknown,raw\flame3\FLAME 3 CV Dataset (Sycan Marsh)\Fire\Thermal\Raw JPG\00022.JPG,flame3_cv_subset
flame3_00023,-1,unknown,raw\flame3\FLAME 3 CV Dataset (Sycan Marsh)\Fire\Thermal\Raw JPG\00023.JPG,flame3_cv_subset
flame3_00024,-1,unknown,raw\flame3\FLAME 3 CV Dataset (Sycan Marsh)\Fire\Thermal\Raw JPG\00024.JPG,flame3_cv_subset
flame3_00025,-1,unknown,raw\flame3\FLAME 3 CV Dataset (Sycan Marsh)\Fire\Thermal\Raw JPG\00025.JPG,flame3_cv_subset
flame3_00026,-1,unknown,raw\flame3\FLAME 3 CV Dataset (Sycan Marsh)\Fire\Thermal\Raw JPG\00026.JPG,flame3_cv_subset
flame3_00027,-1,unknown,raw\flame3\FLAME 3 CV Dataset (Sycan Marsh)\Fire\Thermal\Raw JPG\00027.JPG,flame3_cv_subset
flame3_00028,-1,unknown,raw\flame3\FLAME 3 CV Dataset (Sycan Marsh)\Fire\Thermal\Raw JPG\00028.JPG,flame3_cv_subset
flame3_00029,-1,unknown,raw\flame3\FLAME 3 CV Dataset (Sycan Marsh)\Fire\Thermal\Raw JPG\00029.JPG,flame3_cv_subset
flame3_00030,-1,unknown,raw\flame3\FLAME 3 CV Dataset (Sycan Marsh)\Fire\Thermal\Raw JPG\00030.JPG,flame3_cv_subset
flame3_00031,-1,unknown,raw\flame3\FLAME 3 CV Dataset (Sycan Marsh)\Fire\Thermal\Raw JPG\00031.JPG,flame3_cv_subset
flame3_00032,-1,unknown,raw\flame3\FLAME 3 CV Dataset (Sycan Marsh)\Fire\Thermal\Raw JPG\00032.JPG,flame3_cv_subset
flame3_00033,-1,unknown,raw\flame3\FLAME 3 CV Dataset (Sycan Marsh)\Fire\Thermal\Raw JPG\00033.JPG,flame3_cv_subset
flame3_00034,-1,unknown,raw\flame3\FLAME 3 CV Dataset (Sycan Marsh)\Fire\Thermal\Raw JPG\00034.JPG,flame3_cv_subset
flame3_00035,-1,unknown,raw\flame3\FLAME 3 CV Dataset (Sycan Marsh)\Fire\Thermal\Raw JPG\00035.JPG,flame3_cv_subset
flame3_00036,-1,unknown,raw\flame3\FLAME 3 CV Dataset (Sycan Marsh)\Fire\Thermal\Raw JPG\00036.JPG,flame3_cv_subset
flame3_00037,-1,unknown,raw\flame3\FLAME 3 CV Dataset (Sycan Marsh)\Fire\Thermal\Raw JPG\00037.JPG,flame3_cv_subset
flame3_00038,-1,unknown,raw\flame3\FLAME 3 CV Dataset (Sycan Marsh)\Fire\Thermal\Raw JPG\00038.JPG,flame3_cv_subset
flame3_00039,-1,unknown,raw\flame3\FLAME 3 CV Dataset (Sycan Marsh)\Fire\Thermal\Raw JPG\00039.JPG,flame3_cv_subset
flame3_00040,-1,unknown,raw\flame3\FLAME 3 CV Dataset (Sycan Marsh)\Fire\Thermal\Raw JPG\00040.JPG,flame3_cv_subset
flame3_00041,-1,unknown,raw\flame3\FLAME 3 CV Dataset (Sycan Marsh)\Fire\Thermal\Raw JPG\00041.JPG,flame3_cv_subset
flame3_00042,-1,unknown,raw\flame3\FLAME 3 CV Dataset (Sycan Marsh)\Fire\Thermal\Raw JPG\00042.JPG,flame3_cv_subset
flame3_00043,-1,unknown,raw\flame3\FLAME 3 CV Dataset (Sycan Marsh)\Fire\Thermal\Raw JPG\00043.JPG,flame3_cv_subset
flame3_00044,-1,unknown,raw\flame3\FLAME 3 CV Dataset (Sycan Marsh)\Fire\Thermal\Raw JPG\00044.JPG,flame3_cv_subset
flame3_00045,-1,unknown,raw\flame3\FLAME 3 CV Dataset (Sycan Marsh)\Fire\Thermal\Raw JPG\00045.JPG,flame3_cv_subset
flame3_00046,-1,unknown,raw\flame3\FLAME 3 CV Dataset (Sycan Marsh)\Fire\Thermal\Raw JPG\00046.JPG,flame3_cv_subset
flame3_00047,-1,unknown,raw\flame3\FLAME 3 CV Dataset (Sycan Marsh)\Fire\Thermal\Raw JPG\00047.JPG,flame3_cv_subset
flame3_00048,-1,unknown,raw\flame3\FLAME 3 CV Dataset (Sycan Marsh)\Fire\Thermal\Raw JPG\00048.JPG,flame3_cv_subset
flame3_00049,-1,unknown,raw\flame3\FLAME 3 CV Dataset (Sycan Marsh)\Fire\Thermal\Raw JPG\00049.JPG,flame3_cv_subset
flame3_00050,-1,unknown,raw\flame3\FLAME 3 CV Dataset (Sycan Marsh)\Fire\Thermal\Raw JPG\00050.JPG,flame3_cv_subset
flame3_00051,-1,unknown,raw\flame3\FLAME 3 CV Dataset (Sycan Marsh)\Fire\Thermal\Raw JPG\00051.JPG,flame3_cv_subset
flame3_00052,-1,unknown,raw\flame3\FLAME 3 CV Dataset (Sycan Marsh)\Fire\Thermal\Raw JPG\00052.JPG,flame3_cv_subset
flame3_00053,-1,unknown,raw\flame3\FLAME 3 CV Dataset (Sycan Marsh)\Fire\Thermal\Raw JPG\00053.JPG,flame3_cv_subset
flame3_00054,-1,unknown,raw\flame3\FLAME 3 CV Dataset (Sycan Marsh)\Fire\Thermal\Raw JPG\00054.JPG,flame3_cv_subset
flame3_00055,-1,unknown,raw\flame3\FLAME 3 CV Dataset (Sycan Marsh)\Fire\Thermal\Raw JPG\00055.JPG,flame3_cv_subset
flame3_00056,-1,unknown,raw\flame3\FLAME 3 CV Dataset (Sycan Marsh)\Fire\Thermal\Raw JPG\00056.JPG,flame3_cv_subset
flame3_00057,-1,unknown,raw\flame3\FLAME 3 CV Dataset (Sycan Marsh)\Fire\Thermal\Raw JPG\00057.JPG,flame3_cv_subset
flame3_00058,-1,unknown,raw\flame3\FLAME 3 CV Dataset (Sycan Marsh)\Fire\Thermal\Raw JPG\00058.JPG,flame3_cv_subset
flame3_00059,-1,unknown,raw\flame3\FLAME 3 CV Dataset (Sycan Marsh)\Fire\Thermal\Raw JPG\00059.JPG,flame3_cv_subset
flame3_00060,-1,unknown,raw\flame3\FLAME 3 CV Dataset (Sycan Marsh)\Fire\Thermal\Raw JPG\00060.JPG,flame3_cv_subset
flame3_00061,-1,unknown,raw\flame3\FLAME 3 CV Dataset (Sycan Marsh)\Fire\Thermal\Raw JPG\00061.JPG,flame3_cv_subset
flame3_00062,-1,unknown,raw\flame3\FLAME 3 CV Dataset (Sycan Marsh)\Fire\Thermal\Raw JPG\00062.JPG,flame3_cv_subset
flame3_00063,-1,unknown,raw\flame3\FLAME 3 CV Dataset (Sycan Marsh)\Fire\Thermal\Raw JPG\00063.JPG,flame3_cv_subset
flame3_00064,-1,unknown,raw\flame3\FLAME 3 CV Dataset (Sycan Marsh)\Fire\Thermal\Raw JPG\00064.JPG,flame3_cv_subset
flame3_00065,-1,unknown,raw\flame3\FLAME 3 CV Dataset (Sycan Marsh)\Fire\Thermal\Raw JPG\00065.JPG,flame3_cv_subset
flame3_00066,-1,unknown,raw\flame3\FLAME 3 CV Dataset (Sycan Marsh)\Fire\Thermal\Raw JPG\00066.JPG,flame3_cv_subset
flame3_00067,-1,unknown,raw\flame3\FLAME 3 CV Dataset (Sycan Marsh)\Fire\Thermal\Raw JPG\00067.JPG,flame3_cv_subset
flame3_00068,-1,unknown,raw\flame3\FLAME 3 CV Dataset (Sycan Marsh)\Fire\Thermal\Raw JPG\00068.JPG,flame3_cv_subset
flame3_00069,-1,unknown,raw\flame3\FLAME 3 CV Dataset (Sycan Marsh)\Fire\Thermal\Raw JPG\00069.JPG,flame3_cv_subset
flame3_00070,-1,unknown,raw\flame3\FLAME 3 CV Dataset (Sycan Marsh)\Fire\Thermal\Raw JPG\00070.JPG,flame3_cv_subset
flame3_00071,-1,unknown,raw\flame3\FLAME 3 CV Dataset (Sycan Marsh)\Fire\Thermal\Raw JPG\00071.JPG,flame3_cv_subset
flame3_00072,-1,unknown,raw\flame3\FLAME 3 CV Dataset (Sycan Marsh)\Fire\Thermal\Raw JPG\00072.JPG,flame3_cv_subset
flame3_00073,-1,unknown,raw\flame3\FLAME 3 CV Dataset (Sycan Marsh)\Fire\Thermal\Raw JPG\00073.JPG,flame3_cv_subset
flame3_00074,-1,unknown,raw\flame3\FLAME 3 CV Dataset (Sycan Marsh)\Fire\Thermal\Raw JPG\00074.JPG,flame3_cv_subset
flame3_00075,-1,unknown,raw\flame3\FLAME 3 CV Dataset (Sycan Marsh)\Fire\Thermal\Raw JPG\00075.JPG,flame3_cv_subset
flame3_00076,-1,unknown,raw\flame3\FLAME 3 CV Dataset (Sycan Marsh)\Fire\Thermal\Raw JPG\00076.JPG,flame3_cv_subset
flame3_00077,-1,unknown,raw\flame3\FLAME 3 CV Dataset (Sycan Marsh)\Fire\Thermal\Raw JPG\00077.JPG,flame3_cv_subset
flame3_00078,-1,unknown,raw\flame3\FLAME 3 CV Dataset (Sycan Marsh)\Fire\Thermal\Raw JPG\00078.JPG,flame3_cv_subset
flame3_00079,-1,unknown,raw\flame3\FLAME 3 CV Dataset (Sycan Marsh)\Fire\Thermal\Raw JPG\00079.JPG,flame3_cv_subset
flame3_00080,-1,unknown,raw\flame3\FLAME 3 CV Dataset (Sycan Marsh)\Fire\Thermal\Raw JPG\00080.JPG,flame3_cv_subset
flame3_00081,-1,unknown,raw\flame3\FLAME 3 CV Dataset (Sycan Marsh)\Fire\Thermal\Raw JPG\00081.JPG,flame3_cv_subset
flame3_00082,-1,unknown,raw\flame3\FLAME 3 CV Dataset (Sycan Marsh)\Fire\Thermal\Raw JPG\00082.JPG,flame3_cv_subset
flame3_00083,-1,unknown,raw\flame3\FLAME 3 CV Dataset (Sycan Marsh)\Fire\Thermal\Raw JPG\00083.JPG,flame3_cv_subset
flame3_00084,-1,unknown,raw\flame3\FLAME 3 CV Dataset (Sycan Marsh)\Fire\Thermal\Raw JPG\00084.JPG,flame3_cv_subset
flame3_00085,-1,unknown,raw\flame3\FLAME 3 CV Dataset (Sycan Marsh)\Fire\Thermal\Raw JPG\00085.JPG,flame3_cv_subset
flame3_00086,-1,unknown,raw\flame3\FLAME 3 CV Dataset (Sycan Marsh)\Fire\Thermal\Raw JPG\00086.JPG,flame3_cv_subset
flame3_00087,-1,unknown,raw\flame3\FLAME 3 CV Dataset (Sycan Marsh)\Fire\Thermal\Raw JPG\00087.JPG,flame3_cv_subset
flame3_00088,-1,unknown,raw\flame3\FLAME 3 CV Dataset (Sycan Marsh)\Fire\Thermal\Raw JPG\00088.JPG,flame3_cv_subset
flame3_00089,-1,unknown,raw\flame3\FLAME 3 CV Dataset (Sycan Marsh)\Fire\Thermal\Raw JPG\00089.JPG,flame3_cv_subset
flame3_00090,-1,unknown,raw\flame3\FLAME 3 CV Dataset (Sycan Marsh)\Fire\Thermal\Raw JPG\00090.JPG,flame3_cv_subset
flame3_00091,-1,unknown,raw\flame3\FLAME 3 CV Dataset (Sycan Marsh)\Fire\Thermal\Raw JPG\00091.JPG,flame3_cv_subset
flame3_00092,-1,unknown,raw\flame3\FLAME 3 CV Dataset (Sycan Marsh)\Fire\Thermal\Raw JPG\00092.JPG,flame3_cv_subset
flame3_00093,-1,unknown,raw\flame3\FLAME 3 CV Dataset (Sycan Marsh)\Fire\Thermal\Raw JPG\00093.JPG,flame3_cv_subset
flame3_00094,-1,unknown,raw\flame3\FLAME 3 CV Dataset (Sycan Marsh)\Fire\Thermal\Raw JPG\00094.JPG,flame3_cv_subset
flame3_00095,-1,unknown,raw\flame3\FLAME 3 CV Dataset (Sycan Marsh)\Fire\Thermal\Raw JPG\00095.JPG,flame3_cv_subset
flame3_00096,-1,unknown,raw\flame3\FLAME 3 CV Dataset (Sycan Marsh)\Fire\Thermal\Raw JPG\00096.JPG,flame3_cv_subset
flame3_00097,-1,unknown,raw\flame3\FLAME 3 CV Dataset (Sycan Marsh)\Fire\Thermal\Raw JPG\00097.JPG,flame3_cv_subset
flame3_00098,-1,unknown,raw\flame3\FLAME 3 CV Dataset (Sycan Marsh)\Fire\Thermal\Raw JPG\00098.JPG,flame3_cv_subset
flame3_00099,-1,unknown,raw\flame3\FLAME 3 CV Dataset (Sycan Marsh)\Fire\Thermal\Raw JPG\00099.JPG,flame3_cv_subset
flame3_00100,-1,unknown,raw\flame3\FLAME 3 CV Dataset (Sycan Marsh)\Fire\Thermal\Raw JPG\00100.JPG,flame3_cv_subset
flame3_00101,-1,unknown,raw\flame3\FLAME 3 CV Dataset (Sycan Marsh)\Fire\Thermal\Raw JPG\00101.JPG,flame3_cv_subset
flame3_00102,-1,unknown,raw\flame3\FLAME 3 CV Dataset (Sycan Marsh)\Fire\Thermal\Raw JPG\00102.JPG,flame3_cv_subset
flame3_00103,-1,unknown,raw\flame3\FLAME 3 CV Dataset (Sycan Marsh)\Fire\Thermal\Raw JPG\00103.JPG,flame3_cv_subset
flame3_00104,-1,unknown,raw\flame3\FLAME 3 CV Dataset (Sycan Marsh)\Fire\Thermal\Raw JPG\00104.JPG,flame3_cv_subset
flame3_00105,-1,unknown,raw\flame3\FLAME 3 CV Dataset (Sycan Marsh)\Fire\Thermal\Raw JPG\00105.JPG,flame3_cv_subset
flame3_00106,-1,unknown,raw\flame3\FLAME 3 CV Dataset (Sycan Marsh)\Fire\Thermal\Raw JPG\00106.JPG,flame3_cv_subset
flame3_00107,-1,unknown,raw\flame3\FLAME 3 CV Dataset (Sycan Marsh)\Fire\Thermal\Raw JPG\00107.JPG,flame3_cv_subset
flame3_00108,-1,unknown,raw\flame3\FLAME 3 CV Dataset (Sycan Marsh)\Fire\Thermal\Raw JPG\00108.JPG,flame3_cv_subset
flame3_00109,-1,unknown,raw\flame3\FLAME 3 CV Dataset (Sycan Marsh)\Fire\Thermal\Raw JPG\00109.JPG,flame3_cv_subset
flame3_00110,-1,unknown,raw\flame3\FLAME 3 CV Dataset (Sycan Marsh)\Fire\Thermal\Raw JPG\00110.JPG,flame3_cv_subset
flame3_00111,-1,unknown,raw\flame3\FLAME 3 CV Dataset (Sycan Marsh)\Fire\Thermal\Raw JPG\00111.JPG,flame3_cv_subset
flame3_00112,-1,unknown,raw\flame3\FLAME 3 CV Dataset (Sycan Marsh)\Fire\Thermal\Raw JPG\00112.JPG,flame3_cv_subset
flame3_00113,-1,unknown,raw\flame3\FLAME 3 CV Dataset (Sycan Marsh)\Fire\Thermal\Raw JPG\00113.JPG,flame3_cv_subset
flame3_00114,-1,unknown,raw\flame3\FLAME 3 CV Dataset (Sycan Marsh)\Fire\Thermal\Raw JPG\00114.JPG,flame3_cv_subset
flame3_00115,-1,unknown,raw\flame3\FLAME 3 CV Dataset (Sycan Marsh)\Fire\Thermal\Raw JPG\00115.JPG,flame3_cv_subset
flame3_00116,-1,unknown,raw\flame3\FLAME 3 CV Dataset (Sycan Marsh)\Fire\Thermal\Raw JPG\00116.JPG,flame3_cv_subset
flame3_00117,-1,unknown,raw\flame3\FLAME 3 CV Dataset (Sycan Marsh)\Fire\Thermal\Raw JPG\00117.JPG,flame3_cv_subset
flame3_00118,-1,unknown,raw\flame3\FLAME 3 CV Dataset (Sycan Marsh)\Fire\Thermal\Raw JPG\00118.JPG,flame3_cv_subset
flame3_00119,-1,unknown,raw\flame3\FLAME 3 CV Dataset (Sycan Marsh)\Fire\Thermal\Raw JPG\00119.JPG,flame3_cv_subset
flame3_00120,-1,unknown,raw\flame3\FLAME 3 CV Dataset (Sycan Marsh)\Fire\Thermal\Raw JPG\00120.JPG,flame3_cv_subset
flame3_00121,-1,unknown,raw\flame3\FLAME 3 CV Dataset (Sycan Marsh)\Fire\Thermal\Raw JPG\00121.JPG,flame3_cv_subset
flame3_00122,-1,unknown,raw\flame3\FLAME 3 CV Dataset (Sycan Marsh)\Fire\Thermal\Raw JPG\00122.JPG,flame3_cv_subset
flame3_00123,-1,unknown,raw\flame3\FLAME 3 CV Dataset (Sycan Marsh)\Fire\Thermal\Raw JPG\00123.JPG,flame3_cv_subset
flame3_00124,-1,unknown,raw\flame3\FLAME 3 CV Dataset (Sycan Marsh)\Fire\Thermal\Raw JPG\00124.JPG,flame3_cv_subset
flame3_00125,-1,unknown,raw\flame3\FLAME 3 CV Dataset (Sycan Marsh)\Fire\Thermal\Raw JPG\00125.JPG,flame3_cv_subset
flame3_00126,-1,unknown,raw\flame3\FLAME 3 CV Dataset (Sycan Marsh)\Fire\Thermal\Raw JPG\00126.JPG,flame3_cv_subset
flame3_00127,-1,unknown,raw\flame3\FLAME 3 CV Dataset (Sycan Marsh)\Fire\Thermal\Raw JPG\00127.JPG,flame3_cv_subset
flame3_00128,-1,unknown,raw\flame3\FLAME 3 CV Dataset (Sycan Marsh)\Fire\Thermal\Raw JPG\00128.JPG,flame3_cv_subset
flame3_00129,-1,unknown,raw\flame3\FLAME 3 CV Dataset (Sycan Marsh)\Fire\Thermal\Raw JPG\00129.JPG,flame3_cv_subset
flame3_00130,-1,unknown,raw\flame3\FLAME 3 CV Dataset (Sycan Marsh)\Fire\Thermal\Raw JPG\00130.JPG,flame3_cv_subset
flame3_00131,-1,unknown,raw\flame3\FLAME 3 CV Dataset (Sycan Marsh)\Fire\Thermal\Raw JPG\00131.JPG,flame3_cv_subset
flame3_00132,-1,unknown,raw\flame3\FLAME 3 CV Dataset (Sycan Marsh)\Fire\Thermal\Raw JPG\00132.JPG,flame3_cv_subset
flame3_00133,-1,unknown,raw\flame3\FLAME 3 CV Dataset (Sycan Marsh)\Fire\Thermal\Raw JPG\00133.JPG,flame3_cv_subset
flame3_00134,-1,unknown,raw\flame3\FLAME 3 CV Dataset (Sycan Marsh)\Fire\Thermal\Raw JPG\00134.JPG,flame3_cv_subset
flame3_00135,-1,unknown,raw\flame3\FLAME 3 CV Dataset (Sycan Marsh)\Fire\Thermal\Raw JPG\00135.JPG,flame3_cv_subset
flame3_00136,-1,unknown,raw\flame3\FLAME 3 CV Dataset (Sycan Marsh)\Fire\Thermal\Raw JPG\00136.JPG,flame3_cv_subset
flame3_00137,-1,unknown,raw\flame3\FLAME 3 CV Dataset (Sycan Marsh)\Fire\Thermal\Raw JPG\00137.JPG,flame3_cv_subset
flame3_00138,-1,unknown,raw\flame3\FLAME 3 CV Dataset (Sycan Marsh)\Fire\Thermal\Raw JPG\00138.JPG,flame3_cv_subset
flame3_00139,-1,unknown,raw\flame3\FLAME 3 CV Dataset (Sycan Marsh)\Fire\Thermal\Raw JPG\00139.JPG,flame3_cv_subset
flame3_00140,-1,unknown,raw\flame3\FLAME 3 CV Dataset (Sycan Marsh)\Fire\Thermal\Raw JPG\00140.JPG,flame3_cv_subset
flame3_00141,-1,unknown,raw\flame3\FLAME 3 CV Dataset (Sycan Marsh)\Fire\Thermal\Raw JPG\00141.JPG,flame3_cv_subset
flame3_00142,-1,unknown,raw\flame3\FLAME 3 CV Dataset (Sycan Marsh)\Fire\Thermal\Raw JPG\00142.JPG,flame3_cv_subset
flame3_00143,-1,unknown,raw\flame3\FLAME 3 CV Dataset (Sycan Marsh)\Fire\Thermal\Raw JPG\00143.JPG,flame3_cv_subset
flame3_00144,-1,unknown,raw\flame3\FLAME 3 CV Dataset (Sycan Marsh)\Fire\Thermal\Raw JPG\00144.JPG,flame3_cv_subset
flame3_00145,-1,unknown,raw\flame3\FLAME 3 CV Dataset (Sycan Marsh)\Fire\Thermal\Raw JPG\00145.JPG,flame3_cv_subset
flame3_00146,-1,unknown,raw\flame3\FLAME 3 CV Dataset (Sycan Marsh)\Fire\Thermal\Raw JPG\00146.JPG,flame3_cv_subset
flame3_00147,-1,unknown,raw\flame3\FLAME 3 CV Dataset (Sycan Marsh)\Fire\Thermal\Raw JPG\00147.JPG,flame3_cv_subset
flame3_00148,-1,unknown,raw\flame3\FLAME 3 CV Dataset (Sycan Marsh)\Fire\Thermal\Raw JPG\00148.JPG,flame3_cv_subset
flame3_00149,-1,unknown,raw\flame3\FLAME 3 CV Dataset (Sycan Marsh)\Fire\Thermal\Raw JPG\00149.JPG,flame3_cv_subset
flame3_00150,-1,unknown,raw\flame3\FLAME 3 CV Dataset (Sycan Marsh)\Fire\Thermal\Raw JPG\00150.JPG,flame3_cv_subset
flame3_00151,-1,unknown,raw\flame3\FLAME 3 CV Dataset (Sycan Marsh)\Fire\Thermal\Raw JPG\00151.JPG,flame3_cv_subset
flame3_00152,-1,unknown,raw\flame3\FLAME 3 CV Dataset (Sycan Marsh)\Fire\Thermal\Raw JPG\00152.JPG,flame3_cv_subset
flame3_00153,-1,unknown,raw\flame3\FLAME 3 CV Dataset (Sycan Marsh)\Fire\Thermal\Raw JPG\00153.JPG,flame3_cv_subset
flame3_00154,-1,unknown,raw\flame3\FLAME 3 CV Dataset (Sycan Marsh)\Fire\Thermal\Raw JPG\00154.JPG,flame3_cv_subset
flame3_00155,-1,unknown,raw\flame3\FLAME 3 CV Dataset (Sycan Marsh)\Fire\Thermal\Raw JPG\00155.JPG,flame3_cv_subset
flame3_00156,-1,unknown,raw\flame3\FLAME 3 CV Dataset (Sycan Marsh)\Fire\Thermal\Raw JPG\00156.JPG,flame3_cv_subset
flame3_00157,-1,unknown,raw\flame3\FLAME 3 CV Dataset (Sycan Marsh)\Fire\Thermal\Raw JPG\00157.JPG,flame3_cv_subset
flame3_00158,-1,unknown,raw\flame3\FLAME 3 CV Dataset (Sycan Marsh)\Fire\Thermal\Raw JPG\00158.JPG,flame3_cv_subset
flame3_00159,-1,unknown,raw\flame3\FLAME 3 CV Dataset (Sycan Marsh)\Fire\Thermal\Raw JPG\00159.JPG,flame3_cv_subset
flame3_00160,-1,unknown,raw\flame3\FLAME 3 CV Dataset (Sycan Marsh)\Fire\Thermal\Raw JPG\00160.JPG,flame3_cv_subset
flame3_00161,-1,unknown,raw\flame3\FLAME 3 CV Dataset (Sycan Marsh)\Fire\Thermal\Raw JPG\00161.JPG,flame3_cv_subset
flame3_00162,-1,unknown,raw\flame3\FLAME 3 CV Dataset (Sycan Marsh)\Fire\Thermal\Raw JPG\00162.JPG,flame3_cv_subset
flame3_00163,-1,unknown,raw\flame3\FLAME 3 CV Dataset (Sycan Marsh)\Fire\Thermal\Raw JPG\00163.JPG,flame3_cv_subset
flame3_00164,-1,unknown,raw\flame3\FLAME 3 CV Dataset (Sycan Marsh)\Fire\Thermal\Raw JPG\00164.JPG,flame3_cv_subset
flame3_00165,-1,unknown,raw\flame3\FLAME 3 CV Dataset (Sycan Marsh)\Fire\Thermal\Raw JPG\00165.JPG,flame3_cv_subset
flame3_00166,-1,unknown,raw\flame3\FLAME 3 CV Dataset (Sycan Marsh)\Fire\Thermal\Raw JPG\00166.JPG,flame3_cv_subset
flame3_00167,-1,unknown,raw\flame3\FLAME 3 CV Dataset (Sycan Marsh)\Fire\Thermal\Raw JPG\00167.JPG,flame3_cv_subset
flame3_00168,-1,unknown,raw\flame3\FLAME 3 CV Dataset (Sycan Marsh)\Fire\Thermal\Raw JPG\00168.JPG,flame3_cv_subset
flame3_00169,-1,unknown,raw\flame3\FLAME 3 CV Dataset (Sycan Marsh)\Fire\Thermal\Raw JPG\00169.JPG,flame3_cv_subset
flame3_00170,-1,unknown,raw\flame3\FLAME 3 CV Dataset (Sycan Marsh)\Fire\Thermal\Raw JPG\00170.JPG,flame3_cv_subset
flame3_00171,-1,unknown,raw\flame3\FLAME 3 CV Dataset (Sycan Marsh)\Fire\Thermal\Raw JPG\00171.JPG,flame3_cv_subset
flame3_00172,-1,unknown,raw\flame3\FLAME 3 CV Dataset (Sycan Marsh)\Fire\Thermal\Raw JPG\00172.JPG,flame3_cv_subset
flame3_00173,-1,unknown,raw\flame3\FLAME 3 CV Dataset (Sycan Marsh)\Fire\Thermal\Raw JPG\00173.JPG,flame3_cv_subset
flame3_00174,-1,unknown,raw\flame3\FLAME 3 CV Dataset (Sycan Marsh)\Fire\Thermal\Raw JPG\00174.JPG,flame3_cv_subset
flame3_00175,-1,unknown,raw\flame3\FLAME 3 CV Dataset (Sycan Marsh)\Fire\Thermal\Raw JPG\00175.JPG,flame3_cv_subset
flame3_00176,-1,unknown,raw\flame3\FLAME 3 CV Dataset (Sycan Marsh)\Fire\Thermal\Raw JPG\00176.JPG,flame3_cv_subset
flame3_00177,-1,unknown,raw\flame3\FLAME 3 CV Dataset (Sycan Marsh)\Fire\Thermal\Raw JPG\00177.JPG,flame3_cv_subset
flame3_00178,-1,unknown,raw\flame3\FLAME 3 CV Dataset (Sycan Marsh)\Fire\Thermal\Raw JPG\00178.JPG,flame3_cv_subset
flame3_00179,-1,unknown,raw\flame3\FLAME 3 CV Dataset (Sycan Marsh)\Fire\Thermal\Raw JPG\00179.JPG,flame3_cv_subset
flame3_00180,-1,unknown,raw\flame3\FLAME 3 CV Dataset (Sycan Marsh)\Fire\Thermal\Raw JPG\00180.JPG,flame3_cv_subset
flame3_00181,-1,unknown,raw\flame3\FLAME 3 CV Dataset (Sycan Marsh)\Fire\Thermal\Raw JPG\00181.JPG,flame3_cv_subset
flame3_00182,-1,unknown,raw\flame3\FLAME 3 CV Dataset (Sycan Marsh)\Fire\Thermal\Raw JPG\00182.JPG,flame3_cv_subset
flame3_00183,-1,unknown,raw\flame3\FLAME 3 CV Dataset (Sycan Marsh)\Fire\Thermal\Raw JPG\00183.JPG,flame3_cv_subset
flame3_00184,-1,unknown,raw\flame3\FLAME 3 CV Dataset (Sycan Marsh)\Fire\Thermal\Raw JPG\00184.JPG,flame3_cv_subset
flame3_00185,-1,unknown,raw\flame3\FLAME 3 CV Dataset (Sycan Marsh)\Fire\Thermal\Raw JPG\00185.JPG,flame3_cv_subset
flame3_00186,-1,unknown,raw\flame3\FLAME 3 CV Dataset (Sycan Marsh)\Fire\Thermal\Raw JPG\00186.JPG,flame3_cv_subset
flame3_00187,-1,unknown,raw\flame3\FLAME 3 CV Dataset (Sycan Marsh)\Fire\Thermal\Raw JPG\00187.JPG,flame3_cv_subset
flame3_00188,-1,unknown,raw\flame3\FLAME 3 CV Dataset (Sycan Marsh)\Fire\Thermal\Raw JPG\00188.JPG,flame3_cv_subset
flame3_00189,-1,unknown,raw\flame3\FLAME 3 CV Dataset (Sycan Marsh)\Fire\Thermal\Raw JPG\00189.JPG,flame3_cv_subset
flame3_00190,-1,unknown,raw\flame3\FLAME 3 CV Dataset (Sycan Marsh)\Fire\Thermal\Raw JPG\00190.JPG,flame3_cv_subset
flame3_00191,-1,unknown,raw\flame3\FLAME 3 CV Dataset (Sycan Marsh)\Fire\Thermal\Raw JPG\00191.JPG,flame3_cv_subset
flame3_00192,-1,unknown,raw\flame3\FLAME 3 CV Dataset (Sycan Marsh)\Fire\Thermal\Raw JPG\00192.JPG,flame3_cv_subset
flame3_00193,-1,unknown,raw\flame3\FLAME 3 CV Dataset (Sycan Marsh)\Fire\Thermal\Raw JPG\00193.JPG,flame3_cv_subset
flame3_00194,-1,unknown,raw\flame3\FLAME 3 CV Dataset (Sycan Marsh)\Fire\Thermal\Raw JPG\00194.JPG,flame3_cv_subset
flame3_00195,-1,unknown,raw\flame3\FLAME 3 CV Dataset (Sycan Marsh)\Fire\Thermal\Raw JPG\00195.JPG,flame3_cv_subset
flame3_00196,-1,unknown,raw\flame3\FLAME 3 CV Dataset (Sycan Marsh)\Fire\Thermal\Raw JPG\00196.JPG,flame3_cv_subset
flame3_00197,-1,unknown,raw\flame3\FLAME 3 CV Dataset (Sycan Marsh)\Fire\Thermal\Raw JPG\00197.JPG,flame3_cv_subset
flame3_00198,-1,unknown,raw\flame3\FLAME 3 CV Dataset (Sycan Marsh)\Fire\Thermal\Raw JPG\00198.JPG,flame3_cv_subset
flame3_00199,-1,unknown,raw\flame3\FLAME 3 CV Dataset (Sycan Marsh)\Fire\Thermal\Raw JPG\00199.JPG,flame3_cv_subset
flame3_00200,-1,unknown,raw\flame3\FLAME 3 CV Dataset (Sycan Marsh)\Fire\Thermal\Raw JPG\00200.JPG,flame3_cv_subset
flame3_00201,-1,unknown,raw\flame3\FLAME 3 CV Dataset (Sycan Marsh)\Fire\Thermal\Raw JPG\00201.JPG,flame3_cv_subset
flame3_00202,-1,unknown,raw\flame3\FLAME 3 CV Dataset (Sycan Marsh)\Fire\Thermal\Raw JPG\00202.JPG,flame3_cv_subset
flame3_00203,-1,unknown,raw\flame3\FLAME 3 CV Dataset (Sycan Marsh)\Fire\Thermal\Raw JPG\00203.JPG,flame3_cv_subset
flame3_00204,-1,unknown,raw\flame3\FLAME 3 CV Dataset (Sycan Marsh)\Fire\Thermal\Raw JPG\00204.JPG,flame3_cv_subset
flame3_00205,-1,unknown,raw\flame3\FLAME 3 CV Dataset (Sycan Marsh)\Fire\Thermal\Raw JPG\00205.JPG,flame3_cv_subset
flame3_00206,-1,unknown,raw\flame3\FLAME 3 CV Dataset (Sycan Marsh)\Fire\Thermal\Raw JPG\00206.JPG,flame3_cv_subset
flame3_00207,-1,unknown,raw\flame3\FLAME 3 CV Dataset (Sycan Marsh)\Fire\Thermal\Raw JPG\00207.JPG,flame3_cv_subset
flame3_00208,-1,unknown,raw\flame3\FLAME 3 CV Dataset (Sycan Marsh)\Fire\Thermal\Raw JPG\00208.JPG,flame3_cv_subset
flame3_00209,-1,unknown,raw\flame3\FLAME 3 CV Dataset (Sycan Marsh)\Fire\Thermal\Raw JPG\00209.JPG,flame3_cv_subset
flame3_00210,-1,unknown,raw\flame3\FLAME 3 CV Dataset (Sycan Marsh)\Fire\Thermal\Raw JPG\00210.JPG,flame3_cv_subset
flame3_00211,-1,unknown,raw\flame3\FLAME 3 CV Dataset (Sycan Marsh)\Fire\Thermal\Raw JPG\00211.JPG,flame3_cv_subset
flame3_00212,-1,unknown,raw\flame3\FLAME 3 CV Dataset (Sycan Marsh)\Fire\Thermal\Raw JPG\00212.JPG,flame3_cv_subset
flame3_00213,-1,unknown,raw\flame3\FLAME 3 CV Dataset (Sycan Marsh)\Fire\Thermal\Raw JPG\00213.JPG,flame3_cv_subset
flame3_00214,-1,unknown,raw\flame3\FLAME 3 CV Dataset (Sycan Marsh)\Fire\Thermal\Raw JPG\00214.JPG,flame3_cv_subset
flame3_00215,-1,unknown,raw\flame3\FLAME 3 CV Dataset (Sycan Marsh)\Fire\Thermal\Raw JPG\00215.JPG,flame3_cv_subset
flame3_00216,-1,unknown,raw\flame3\FLAME 3 CV Dataset (Sycan Marsh)\Fire\Thermal\Raw JPG\00216.JPG,flame3_cv_subset
flame3_00217,-1,unknown,raw\flame3\FLAME 3 CV Dataset (Sycan Marsh)\Fire\Thermal\Raw JPG\00217.JPG,flame3_cv_subset
flame3_00218,-1,unknown,raw\flame3\FLAME 3 CV Dataset (Sycan Marsh)\Fire\Thermal\Raw JPG\00218.JPG,flame3_cv_subset
flame3_00219,-1,unknown,raw\flame3\FLAME 3 CV Dataset (Sycan Marsh)\Fire\Thermal\Raw JPG\00219.JPG,flame3_cv_subset
flame3_00220,-1,unknown,raw\flame3\FLAME 3 CV Dataset (Sycan Marsh)\Fire\Thermal\Raw JPG\00220.JPG,flame3_cv_subset
flame3_00221,-1,unknown,raw\flame3\FLAME 3 CV Dataset (Sycan Marsh)\Fire\Thermal\Raw JPG\00221.JPG,flame3_cv_subset
flame3_00222,-1,unknown,raw\flame3\FLAME 3 CV Dataset (Sycan Marsh)\Fire\Thermal\Raw JPG\00222.JPG,flame3_cv_subset
flame3_00223,-1,unknown,raw\flame3\FLAME 3 CV Dataset (Sycan Marsh)\Fire\Thermal\Raw JPG\00223.JPG,flame3_cv_subset
flame3_00224,-1,unknown,raw\flame3\FLAME 3 CV Dataset (Sycan Marsh)\Fire\Thermal\Raw JPG\00224.JPG,flame3_cv_subset
flame3_00225,-1,unknown,raw\flame3\FLAME 3 CV Dataset (Sycan Marsh)\Fire\Thermal\Raw JPG\00225.JPG,flame3_cv_subset
flame3_00226,-1,unknown,raw\flame3\FLAME 3 CV Dataset (Sycan Marsh)\Fire\Thermal\Raw JPG\00226.JPG,flame3_cv_subset
flame3_00227,-1,unknown,raw\flame3\FLAME 3 CV Dataset (Sycan Marsh)\Fire\Thermal\Raw JPG\00227.JPG,flame3_cv_subset
flame3_00228,-1,unknown,raw\flame3\FLAME 3 CV Dataset (Sycan Marsh)\Fire\Thermal\Raw JPG\00228.JPG,flame3_cv_subset
flame3_00229,-1,unknown,raw\flame3\FLAME 3 CV Dataset (Sycan Marsh)\Fire\Thermal\Raw JPG\00229.JPG,flame3_cv_subset
flame3_00230,-1,unknown,raw\flame3\FLAME 3 CV Dataset (Sycan Marsh)\Fire\Thermal\Raw JPG\00230.JPG,flame3_cv_subset
flame3_00231,-1,unknown,raw\flame3\FLAME 3 CV Dataset (Sycan Marsh)\Fire\Thermal\Raw JPG\00231.JPG,flame3_cv_subset
flame3_00232,-1,unknown,raw\flame3\FLAME 3 CV Dataset (Sycan Marsh)\Fire\Thermal\Raw JPG\00232.JPG,flame3_cv_subset
flame3_00233,-1,unknown,raw\flame3\FLAME 3 CV Dataset (Sycan Marsh)\Fire\Thermal\Raw JPG\00233.JPG,flame3_cv_subset
flame3_00234,-1,unknown,raw\flame3\FLAME 3 CV Dataset (Sycan Marsh)\Fire\Thermal\Raw JPG\00234.JPG,flame3_cv_subset
flame3_00235,-1,unknown,raw\flame3\FLAME 3 CV Dataset (Sycan Marsh)\Fire\Thermal\Raw JPG\00235.JPG,flame3_cv_subset
flame3_00236,-1,unknown,raw\flame3\FLAME 3 CV Dataset (Sycan Marsh)\Fire\Thermal\Raw JPG\00236.JPG,flame3_cv_subset
flame3_00237,-1,unknown,raw\flame3\FLAME 3 CV Dataset (Sycan Marsh)\Fire\Thermal\Raw JPG\00237.JPG,flame3_cv_subset
flame3_00238,-1,unknown,raw\flame3\FLAME 3 CV Dataset (Sycan Marsh)\Fire\Thermal\Raw JPG\00238.JPG,flame3_cv_subset
flame3_00239,-1,unknown,raw\flame3\FLAME 3 CV Dataset (Sycan Marsh)\Fire\Thermal\Raw JPG\00239.JPG,flame3_cv_subset
flame3_00240,-1,unknown,raw\flame3\FLAME 3 CV Dataset (Sycan Marsh)\Fire\Thermal\Raw JPG\00240.JPG,flame3_cv_subset
flame3_00241,-1,unknown,raw\flame3\FLAME 3 CV Dataset (Sycan Marsh)\Fire\Thermal\Raw JPG\00241.JPG,flame3_cv_subset
flame3_00242,-1,unknown,raw\flame3\FLAME 3 CV Dataset (Sycan Marsh)\Fire\Thermal\Raw JPG\00242.JPG,flame3_cv_subset
flame3_00243,-1,unknown,raw\flame3\FLAME 3 CV Dataset (Sycan Marsh)\Fire\Thermal\Raw JPG\00243.JPG,flame3_cv_subset
flame3_00244,-1,unknown,raw\flame3\FLAME 3 CV Dataset (Sycan Marsh)\Fire\Thermal\Raw JPG\00244.JPG,flame3_cv_subset
flame3_00245,-1,unknown,raw\flame3\FLAME 3 CV Dataset (Sycan Marsh)\Fire\Thermal\Raw JPG\00245.JPG,flame3_cv_subset
flame3_00246,-1,unknown,raw\flame3\FLAME 3 CV Dataset (Sycan Marsh)\Fire\Thermal\Raw JPG\00246.JPG,flame3_cv_subset
flame3_00247,-1,unknown,raw\flame3\FLAME 3 CV Dataset (Sycan Marsh)\Fire\Thermal\Raw JPG\00247.JPG,flame3_cv_subset
flame3_00248,-1,unknown,raw\flame3\FLAME 3 CV Dataset (Sycan Marsh)\Fire\Thermal\Raw JPG\00248.JPG,flame3_cv_subset
flame3_00249,-1,unknown,raw\flame3\FLAME 3 CV Dataset (Sycan Marsh)\Fire\Thermal\Raw JPG\00249.JPG,flame3_cv_subset
flame3_00250,-1,unknown,raw\flame3\FLAME 3 CV Dataset (Sycan Marsh)\Fire\Thermal\Raw JPG\00250.JPG,flame3_cv_subset
flame3_00251,-1,unknown,raw\flame3\FLAME 3 CV Dataset (Sycan Marsh)\Fire\Thermal\Raw JPG\00251.JPG,flame3_cv_subset
flame3_00252,-1,unknown,raw\flame3\FLAME 3 CV Dataset (Sycan Marsh)\Fire\Thermal\Raw JPG\00252.JPG,flame3_cv_subset
flame3_00253,-1,unknown,raw\flame3\FLAME 3 CV Dataset (Sycan Marsh)\Fire\Thermal\Raw JPG\00253.JPG,flame3_cv_subset
flame3_00254,-1,unknown,raw\flame3\FLAME 3 CV Dataset (Sycan Marsh)\Fire\Thermal\Raw JPG\00254.JPG,flame3_cv_subset
flame3_00255,-1,unknown,raw\flame3\FLAME 3 CV Dataset (Sycan Marsh)\Fire\Thermal\Raw JPG\00255.JPG,flame3_cv_subset
flame3_00256,-1,unknown,raw\flame3\FLAME 3 CV Dataset (Sycan Marsh)\Fire\Thermal\Raw JPG\00256.JPG,flame3_cv_subset
flame3_00257,-1,unknown,raw\flame3\FLAME 3 CV Dataset (Sycan Marsh)\Fire\Thermal\Raw JPG\00257.JPG,flame3_cv_subset
flame3_00258,-1,unknown,raw\flame3\FLAME 3 CV Dataset (Sycan Marsh)\Fire\Thermal\Raw JPG\00258.JPG,flame3_cv_subset
flame3_00259,-1,unknown,raw\flame3\FLAME 3 CV Dataset (Sycan Marsh)\Fire\Thermal\Raw JPG\00259.JPG,flame3_cv_subset
flame3_00260,-1,unknown,raw\flame3\FLAME 3 CV Dataset (Sycan Marsh)\Fire\Thermal\Raw JPG\00260.JPG,flame3_cv_subset
flame3_00261,-1,unknown,raw\flame3\FLAME 3 CV Dataset (Sycan Marsh)\Fire\Thermal\Raw JPG\00261.JPG,flame3_cv_subset
flame3_00262,-1,unknown,raw\flame3\FLAME 3 CV Dataset (Sycan Marsh)\Fire\Thermal\Raw JPG\00262.JPG,flame3_cv_subset
flame3_00263,-1,unknown,raw\flame3\FLAME 3 CV Dataset (Sycan Marsh)\Fire\Thermal\Raw JPG\00263.JPG,flame3_cv_subset
flame3_00264,-1,unknown,raw\flame3\FLAME 3 CV Dataset (Sycan Marsh)\Fire\Thermal\Raw JPG\00264.JPG,flame3_cv_subset
flame3_00265,-1,unknown,raw\flame3\FLAME 3 CV Dataset (Sycan Marsh)\Fire\Thermal\Raw JPG\00265.JPG,flame3_cv_subset
flame3_00266,-1,unknown,raw\flame3\FLAME 3 CV Dataset (Sycan Marsh)\Fire\Thermal\Raw JPG\00266.JPG,flame3_cv_subset
flame3_00267,-1,unknown,raw\flame3\FLAME 3 CV Dataset (Sycan Marsh)\Fire\Thermal\Raw JPG\00267.JPG,flame3_cv_subset
flame3_00268,-1,unknown,raw\flame3\FLAME 3 CV Dataset (Sycan Marsh)\Fire\Thermal\Raw JPG\00268.JPG,flame3_cv_subset
flame3_00269,-1,unknown,raw\flame3\FLAME 3 CV Dataset (Sycan Marsh)\Fire\Thermal\Raw JPG\00269.JPG,flame3_cv_subset
flame3_00270,-1,unknown,raw\flame3\FLAME 3 CV Dataset (Sycan Marsh)\Fire\Thermal\Raw JPG\00270.JPG,flame3_cv_subset
flame3_00271,-1,unknown,raw\flame3\FLAME 3 CV Dataset (Sycan Marsh)\Fire\Thermal\Raw JPG\00271.JPG,flame3_cv_subset
flame3_00272,-1,unknown,raw\flame3\FLAME 3 CV Dataset (Sycan Marsh)\Fire\Thermal\Raw JPG\00272.JPG,flame3_cv_subset
flame3_00273,-1,unknown,raw\flame3\FLAME 3 CV Dataset (Sycan Marsh)\Fire\Thermal\Raw JPG\00273.JPG,flame3_cv_subset
flame3_00274,-1,unknown,raw\flame3\FLAME 3 CV Dataset (Sycan Marsh)\Fire\Thermal\Raw JPG\00274.JPG,flame3_cv_subset
flame3_00275,-1,unknown,raw\flame3\FLAME 3 CV Dataset (Sycan Marsh)\Fire\Thermal\Raw JPG\00275.JPG,flame3_cv_subset
flame3_00276,-1,unknown,raw\flame3\FLAME 3 CV Dataset (Sycan Marsh)\Fire\Thermal\Raw JPG\00276.JPG,flame3_cv_subset
flame3_00277,-1,unknown,raw\flame3\FLAME 3 CV Dataset (Sycan Marsh)\Fire\Thermal\Raw JPG\00277.JPG,flame3_cv_subset
flame3_00278,-1,unknown,raw\flame3\FLAME 3 CV Dataset (Sycan Marsh)\Fire\Thermal\Raw JPG\00278.JPG,flame3_cv_subset
flame3_00279,-1,unknown,raw\flame3\FLAME 3 CV Dataset (Sycan Marsh)\Fire\Thermal\Raw JPG\00279.JPG,flame3_cv_subset
flame3_00280,-1,unknown,raw\flame3\FLAME 3 CV Dataset (Sycan Marsh)\Fire\Thermal\Raw JPG\00280.JPG,flame3_cv_subset
flame3_00281,-1,unknown,raw\flame3\FLAME 3 CV Dataset (Sycan Marsh)\Fire\Thermal\Raw JPG\00281.JPG,flame3_cv_subset
flame3_00282,-1,unknown,raw\flame3\FLAME 3 CV Dataset (Sycan Marsh)\Fire\Thermal\Raw JPG\00282.JPG,flame3_cv_subset
flame3_00283,-1,unknown,raw\flame3\FLAME 3 CV Dataset (Sycan Marsh)\Fire\Thermal\Raw JPG\00283.JPG,flame3_cv_subset
flame3_00284,-1,unknown,raw\flame3\FLAME 3 CV Dataset (Sycan Marsh)\Fire\Thermal\Raw JPG\00284.JPG,flame3_cv_subset
flame3_00285,-1,unknown,raw\flame3\FLAME 3 CV Dataset (Sycan Marsh)\Fire\Thermal\Raw JPG\00285.JPG,flame3_cv_subset
flame3_00286,-1,unknown,raw\flame3\FLAME 3 CV Dataset (Sycan Marsh)\Fire\Thermal\Raw JPG\00286.JPG,flame3_cv_subset
flame3_00287,-1,unknown,raw\flame3\FLAME 3 CV Dataset (Sycan Marsh)\Fire\Thermal\Raw JPG\00287.JPG,flame3_cv_subset
flame3_00288,-1,unknown,raw\flame3\FLAME 3 CV Dataset (Sycan Marsh)\Fire\Thermal\Raw JPG\00288.JPG,flame3_cv_subset
flame3_00289,-1,unknown,raw\flame3\FLAME 3 CV Dataset (Sycan Marsh)\Fire\Thermal\Raw JPG\00289.JPG,flame3_cv_subset
flame3_00290,-1,unknown,raw\flame3\FLAME 3 CV Dataset (Sycan Marsh)\Fire\Thermal\Raw JPG\00290.JPG,flame3_cv_subset
flame3_00291,-1,unknown,raw\flame3\FLAME 3 CV Dataset (Sycan Marsh)\Fire\Thermal\Raw JPG\00291.JPG,flame3_cv_subset
flame3_00292,-1,unknown,raw\flame3\FLAME 3 CV Dataset (Sycan Marsh)\Fire\Thermal\Raw JPG\00292.JPG,flame3_cv_subset
flame3_00293,-1,unknown,raw\flame3\FLAME 3 CV Dataset (Sycan Marsh)\Fire\Thermal\Raw JPG\00293.JPG,flame3_cv_subset
flame3_00294,-1,unknown,raw\flame3\FLAME 3 CV Dataset (Sycan Marsh)\Fire\Thermal\Raw JPG\00294.JPG,flame3_cv_subset
flame3_00295,-1,unknown,raw\flame3\FLAME 3 CV Dataset (Sycan Marsh)\Fire\Thermal\Raw JPG\00295.JPG,flame3_cv_subset
flame3_00296,-1,unknown,raw\flame3\FLAME 3 CV Dataset (Sycan Marsh)\Fire\Thermal\Raw JPG\00296.JPG,flame3_cv_subset
flame3_00297,-1,unknown,raw\flame3\FLAME 3 CV Dataset (Sycan Marsh)\Fire\Thermal\Raw JPG\00297.JPG,flame3_cv_subset
flame3_00298,-1,unknown,raw\flame3\FLAME 3 CV Dataset (Sycan Marsh)\Fire\Thermal\Raw JPG\00298.JPG,flame3_cv_subset
flame3_00299,-1,unknown,raw\flame3\FLAME 3 CV Dataset (Sycan Marsh)\Fire\Thermal\Raw JPG\00299.JPG,flame3_cv_subset
flame3_00300,-1,unknown,raw\flame3\FLAME 3 CV Dataset (Sycan Marsh)\Fire\Thermal\Raw JPG\00300.JPG,flame3_cv_subset
flame3_00301,-1,unknown,raw\flame3\FLAME 3 CV Dataset (Sycan Marsh)\Fire\Thermal\Raw JPG\00301.JPG,flame3_cv_subset
flame3_00302,-1,unknown,raw\flame3\FLAME 3 CV Dataset (Sycan Marsh)\Fire\Thermal\Raw JPG\00302.JPG,flame3_cv_subset
flame3_00303,-1,unknown,raw\flame3\FLAME 3 CV Dataset (Sycan Marsh)\Fire\Thermal\Raw JPG\00303.JPG,flame3_cv_subset
flame3_00304,-1,unknown,raw\flame3\FLAME 3 CV Dataset (Sycan Marsh)\Fire\Thermal\Raw JPG\00304.JPG,flame3_cv_subset
flame3_00305,-1,unknown,raw\flame3\FLAME 3 CV Dataset (Sycan Marsh)\Fire\Thermal\Raw JPG\00305.JPG,flame3_cv_subset
flame3_00306,-1,unknown,raw\flame3\FLAME 3 CV Dataset (Sycan Marsh)\Fire\Thermal\Raw JPG\00306.JPG,flame3_cv_subset
flame3_00307,-1,unknown,raw\flame3\FLAME 3 CV Dataset (Sycan Marsh)\Fire\Thermal\Raw JPG\00307.JPG,flame3_cv_subset
flame3_00308,-1,unknown,raw\flame3\FLAME 3 CV Dataset (Sycan Marsh)\Fire\Thermal\Raw JPG\00308.JPG,flame3_cv_subset
flame3_00309,-1,unknown,raw\flame3\FLAME 3 CV Dataset (Sycan Marsh)\Fire\Thermal\Raw JPG\00309.JPG,flame3_cv_subset
flame3_00310,-1,unknown,raw\flame3\FLAME 3 CV Dataset (Sycan Marsh)\Fire\Thermal\Raw JPG\00310.JPG,flame3_cv_subset
flame3_00311,-1,unknown,raw\flame3\FLAME 3 CV Dataset (Sycan Marsh)\Fire\Thermal\Raw JPG\00311.JPG,flame3_cv_subset
flame3_00312,-1,unknown,raw\flame3\FLAME 3 CV Dataset (Sycan Marsh)\Fire\Thermal\Raw JPG\00312.JPG,flame3_cv_subset
flame3_00313,-1,unknown,raw\flame3\FLAME 3 CV Dataset (Sycan Marsh)\Fire\Thermal\Raw JPG\00313.JPG,flame3_cv_subset
flame3_00314,-1,unknown,raw\flame3\FLAME 3 CV Dataset (Sycan Marsh)\Fire\Thermal\Raw JPG\00314.JPG,flame3_cv_subset
flame3_00315,-1,unknown,raw\flame3\FLAME 3 CV Dataset (Sycan Marsh)\Fire\Thermal\Raw JPG\00315.JPG,flame3_cv_subset
flame3_00316,-1,unknown,raw\flame3\FLAME 3 CV Dataset (Sycan Marsh)\Fire\Thermal\Raw JPG\00316.JPG,flame3_cv_subset
flame3_00317,-1,unknown,raw\flame3\FLAME 3 CV Dataset (Sycan Marsh)\Fire\Thermal\Raw JPG\00317.JPG,flame3_cv_subset
flame3_00318,-1,unknown,raw\flame3\FLAME 3 CV Dataset (Sycan Marsh)\Fire\Thermal\Raw JPG\00318.JPG,flame3_cv_subset
flame3_00319,-1,unknown,raw\flame3\FLAME 3 CV Dataset (Sycan Marsh)\Fire\Thermal\Raw JPG\00319.JPG,flame3_cv_subset
flame3_00320,-1,unknown,raw\flame3\FLAME 3 CV Dataset (Sycan Marsh)\Fire\Thermal\Raw JPG\00320.JPG,flame3_cv_subset
flame3_00321,-1,unknown,raw\flame3\FLAME 3 CV Dataset (Sycan Marsh)\Fire\Thermal\Raw JPG\00321.JPG,flame3_cv_subset
flame3_00322,-1,unknown,raw\flame3\FLAME 3 CV Dataset (Sycan Marsh)\Fire\Thermal\Raw JPG\00322.JPG,flame3_cv_subset
flame3_00323,-1,unknown,raw\flame3\FLAME 3 CV Dataset (Sycan Marsh)\Fire\Thermal\Raw JPG\00323.JPG,flame3_cv_subset
flame3_00324,-1,unknown,raw\flame3\FLAME 3 CV Dataset (Sycan Marsh)\Fire\Thermal\Raw JPG\00324.JPG,flame3_cv_subset
flame3_00325,-1,unknown,raw\flame3\FLAME 3 CV Dataset (Sycan Marsh)\Fire\Thermal\Raw JPG\00325.JPG,flame3_cv_subset
flame3_00326,-1,unknown,raw\flame3\FLAME 3 CV Dataset (Sycan Marsh)\Fire\Thermal\Raw JPG\00326.JPG,flame3_cv_subset
flame3_00327,-1,unknown,raw\flame3\FLAME 3 CV Dataset (Sycan Marsh)\Fire\Thermal\Raw JPG\00327.JPG,flame3_cv_subset
flame3_00328,-1,unknown,raw\flame3\FLAME 3 CV Dataset (Sycan Marsh)\Fire\Thermal\Raw JPG\00328.JPG,flame3_cv_subset
flame3_00329,-1,unknown,raw\flame3\FLAME 3 CV Dataset (Sycan Marsh)\Fire\Thermal\Raw JPG\00329.JPG,flame3_cv_subset
flame3_00330,-1,unknown,raw\flame3\FLAME 3 CV Dataset (Sycan Marsh)\Fire\Thermal\Raw JPG\00330.JPG,flame3_cv_subset
flame3_00331,-1,unknown,raw\flame3\FLAME 3 CV Dataset (Sycan Marsh)\Fire\Thermal\Raw JPG\00331.JPG,flame3_cv_subset
flame3_00332,-1,unknown,raw\flame3\FLAME 3 CV Dataset (Sycan Marsh)\Fire\Thermal\Raw JPG\00332.JPG,flame3_cv_subset
flame3_00333,-1,unknown,raw\flame3\FLAME 3 CV Dataset (Sycan Marsh)\Fire\Thermal\Raw JPG\00333.JPG,flame3_cv_subset
flame3_00334,-1,unknown,raw\flame3\FLAME 3 CV Dataset (Sycan Marsh)\Fire\Thermal\Raw JPG\00334.JPG,flame3_cv_subset
flame3_00335,-1,unknown,raw\flame3\FLAME 3 CV Dataset (Sycan Marsh)\Fire\Thermal\Raw JPG\00335.JPG,flame3_cv_subset
flame3_00336,-1,unknown,raw\flame3\FLAME 3 CV Dataset (Sycan Marsh)\Fire\Thermal\Raw JPG\00336.JPG,flame3_cv_subset
flame3_00337,-1,unknown,raw\flame3\FLAME 3 CV Dataset (Sycan Marsh)\Fire\Thermal\Raw JPG\00337.JPG,flame3_cv_subset
flame3_00338,-1,unknown,raw\flame3\FLAME 3 CV Dataset (Sycan Marsh)\Fire\Thermal\Raw JPG\00338.JPG,flame3_cv_subset
flame3_00339,-1,unknown,raw\flame3\FLAME 3 CV Dataset (Sycan Marsh)\Fire\Thermal\Raw JPG\00339.JPG,flame3_cv_subset
flame3_00340,-1,unknown,raw\flame3\FLAME 3 CV Dataset (Sycan Marsh)\Fire\Thermal\Raw JPG\00340.JPG,flame3_cv_subset
flame3_00341,-1,unknown,raw\flame3\FLAME 3 CV Dataset (Sycan Marsh)\Fire\Thermal\Raw JPG\00341.JPG,flame3_cv_subset
flame3_00342,-1,unknown,raw\flame3\FLAME 3 CV Dataset (Sycan Marsh)\Fire\Thermal\Raw JPG\00342.JPG,flame3_cv_subset
flame3_00343,-1,unknown,raw\flame3\FLAME 3 CV Dataset (Sycan Marsh)\Fire\Thermal\Raw JPG\00343.JPG,flame3_cv_subset
flame3_00344,-1,unknown,raw\flame3\FLAME 3 CV Dataset (Sycan Marsh)\Fire\Thermal\Raw JPG\00344.JPG,flame3_cv_subset
flame3_00345,-1,unknown,raw\flame3\FLAME 3 CV Dataset (Sycan Marsh)\Fire\Thermal\Raw JPG\00345.JPG,flame3_cv_subset
flame3_00346,-1,unknown,raw\flame3\FLAME 3 CV Dataset (Sycan Marsh)\Fire\Thermal\Raw JPG\00346.JPG,flame3_cv_subset
flame3_00347,-1,unknown,raw\flame3\FLAME 3 CV Dataset (Sycan Marsh)\Fire\Thermal\Raw JPG\00347.JPG,flame3_cv_subset
flame3_00348,-1,unknown,raw\flame3\FLAME 3 CV Dataset (Sycan Marsh)\Fire\Thermal\Raw JPG\00348.JPG,flame3_cv_subset
flame3_00349,-1,unknown,raw\flame3\FLAME 3 CV Dataset (Sycan Marsh)\Fire\Thermal\Raw JPG\00349.JPG,flame3_cv_subset
flame3_00350,-1,unknown,raw\flame3\FLAME 3 CV Dataset (Sycan Marsh)\Fire\Thermal\Raw JPG\00350.JPG,flame3_cv_subset
flame3_00351,-1,unknown,raw\flame3\FLAME 3 CV Dataset (Sycan Marsh)\Fire\Thermal\Raw JPG\00351.JPG,flame3_cv_subset
flame3_00352,-1,unknown,raw\flame3\FLAME 3 CV Dataset (Sycan Marsh)\Fire\Thermal\Raw JPG\00352.JPG,flame3_cv_subset
flame3_00353,-1,unknown,raw\flame3\FLAME 3 CV Dataset (Sycan Marsh)\Fire\Thermal\Raw JPG\00353.JPG,flame3_cv_subset
flame3_00354,-1,unknown,raw\flame3\FLAME 3 CV Dataset (Sycan Marsh)\Fire\Thermal\Raw JPG\00354.JPG,flame3_cv_subset
flame3_00355,-1,unknown,raw\flame3\FLAME 3 CV Dataset (Sycan Marsh)\Fire\Thermal\Raw JPG\00355.JPG,flame3_cv_subset
flame3_00356,-1,unknown,raw\flame3\FLAME 3 CV Dataset (Sycan Marsh)\Fire\Thermal\Raw JPG\00356.JPG,flame3_cv_subset
flame3_00357,-1,unknown,raw\flame3\FLAME 3 CV Dataset (Sycan Marsh)\Fire\Thermal\Raw JPG\00357.JPG,flame3_cv_subset
flame3_00358,-1,unknown,raw\flame3\FLAME 3 CV Dataset (Sycan Marsh)\Fire\Thermal\Raw JPG\00358.JPG,flame3_cv_subset
flame3_00359,-1,unknown,raw\flame3\FLAME 3 CV Dataset (Sycan Marsh)\Fire\Thermal\Raw JPG\00359.JPG,flame3_cv_subset
flame3_00360,-1,unknown,raw\flame3\FLAME 3 CV Dataset (Sycan Marsh)\Fire\Thermal\Raw JPG\00360.JPG,flame3_cv_subset
flame3_00361,-1,unknown,raw\flame3\FLAME 3 CV Dataset (Sycan Marsh)\Fire\Thermal\Raw JPG\00361.JPG,flame3_cv_subset
flame3_00362,-1,unknown,raw\flame3\FLAME 3 CV Dataset (Sycan Marsh)\Fire\Thermal\Raw JPG\00362.JPG,flame3_cv_subset
flame3_00363,-1,unknown,raw\flame3\FLAME 3 CV Dataset (Sycan Marsh)\Fire\Thermal\Raw JPG\00363.JPG,flame3_cv_subset
flame3_00364,-1,unknown,raw\flame3\FLAME 3 CV Dataset (Sycan Marsh)\Fire\Thermal\Raw JPG\00364.JPG,flame3_cv_subset
flame3_00365,-1,unknown,raw\flame3\FLAME 3 CV Dataset (Sycan Marsh)\Fire\Thermal\Raw JPG\00365.JPG,flame3_cv_subset
flame3_00366,-1,unknown,raw\flame3\FLAME 3 CV Dataset (Sycan Marsh)\Fire\Thermal\Raw JPG\00366.JPG,flame3_cv_subset
flame3_00367,-1,unknown,raw\flame3\FLAME 3 CV Dataset (Sycan Marsh)\Fire\Thermal\Raw JPG\00367.JPG,flame3_cv_subset
flame3_00368,-1,unknown,raw\flame3\FLAME 3 CV Dataset (Sycan Marsh)\Fire\Thermal\Raw JPG\00368.JPG,flame3_cv_subset
flame3_00369,-1,unknown,raw\flame3\FLAME 3 CV Dataset (Sycan Marsh)\Fire\Thermal\Raw JPG\00369.JPG,flame3_cv_subset
flame3_00370,-1,unknown,raw\flame3\FLAME 3 CV Dataset (Sycan Marsh)\Fire\Thermal\Raw JPG\00370.JPG,flame3_cv_subset
flame3_00371,-1,unknown,raw\flame3\FLAME 3 CV Dataset (Sycan Marsh)\Fire\Thermal\Raw JPG\00371.JPG,flame3_cv_subset
flame3_00372,-1,unknown,raw\flame3\FLAME 3 CV Dataset (Sycan Marsh)\Fire\Thermal\Raw JPG\00372.JPG,flame3_cv_subset
flame3_00373,-1,unknown,raw\flame3\FLAME 3 CV Dataset (Sycan Marsh)\Fire\Thermal\Raw JPG\00373.JPG,flame3_cv_subset
flame3_00374,-1,unknown,raw\flame3\FLAME 3 CV Dataset (Sycan Marsh)\Fire\Thermal\Raw JPG\00374.JPG,flame3_cv_subset
flame3_00375,-1,unknown,raw\flame3\FLAME 3 CV Dataset (Sycan Marsh)\Fire\Thermal\Raw JPG\00375.JPG,flame3_cv_subset
flame3_00376,-1,unknown,raw\flame3\FLAME 3 CV Dataset (Sycan Marsh)\Fire\Thermal\Raw JPG\00376.JPG,flame3_cv_subset
flame3_00377,-1,unknown,raw\flame3\FLAME 3 CV Dataset (Sycan Marsh)\Fire\Thermal\Raw JPG\00377.JPG,flame3_cv_subset
flame3_00378,-1,unknown,raw\flame3\FLAME 3 CV Dataset (Sycan Marsh)\Fire\Thermal\Raw JPG\00378.JPG,flame3_cv_subset
flame3_00379,-1,unknown,raw\flame3\FLAME 3 CV Dataset (Sycan Marsh)\Fire\Thermal\Raw JPG\00379.JPG,flame3_cv_subset
flame3_00380,-1,unknown,raw\flame3\FLAME 3 CV Dataset (Sycan Marsh)\Fire\Thermal\Raw JPG\00380.JPG,flame3_cv_subset
flame3_00381,-1,unknown,raw\flame3\FLAME 3 CV Dataset (Sycan Marsh)\Fire\Thermal\Raw JPG\00381.JPG,flame3_cv_subset
flame3_00382,-1,unknown,raw\flame3\FLAME 3 CV Dataset (Sycan Marsh)\Fire\Thermal\Raw JPG\00382.JPG,flame3_cv_subset
flame3_00383,-1,unknown,raw\flame3\FLAME 3 CV Dataset (Sycan Marsh)\Fire\Thermal\Raw JPG\00383.JPG,flame3_cv_subset
flame3_00384,-1,unknown,raw\flame3\FLAME 3 CV Dataset (Sycan Marsh)\Fire\Thermal\Raw JPG\00384.JPG,flame3_cv_subset
flame3_00385,-1,unknown,raw\flame3\FLAME 3 CV Dataset (Sycan Marsh)\Fire\Thermal\Raw JPG\00385.JPG,flame3_cv_subset
flame3_00386,-1,unknown,raw\flame3\FLAME 3 CV Dataset (Sycan Marsh)\Fire\Thermal\Raw JPG\00386.JPG,flame3_cv_subset
flame3_00387,-1,unknown,raw\flame3\FLAME 3 CV Dataset (Sycan Marsh)\Fire\Thermal\Raw JPG\00387.JPG,flame3_cv_subset
flame3_00388,-1,unknown,raw\flame3\FLAME 3 CV Dataset (Sycan Marsh)\Fire\Thermal\Raw JPG\00388.JPG,flame3_cv_subset
flame3_00389,-1,unknown,raw\flame3\FLAME 3 CV Dataset (Sycan Marsh)\Fire\Thermal\Raw JPG\00389.JPG,flame3_cv_subset
flame3_00390,-1,unknown,raw\flame3\FLAME 3 CV Dataset (Sycan Marsh)\Fire\Thermal\Raw JPG\00390.JPG,flame3_cv_subset
flame3_00391,-1,unknown,raw\flame3\FLAME 3 CV Dataset (Sycan Marsh)\Fire\Thermal\Raw JPG\00391.JPG,flame3_cv_subset
flame3_00392,-1,unknown,raw\flame3\FLAME 3 CV Dataset (Sycan Marsh)\Fire\Thermal\Raw JPG\00392.JPG,flame3_cv_subset
flame3_00393,-1,unknown,raw\flame3\FLAME 3 CV Dataset (Sycan Marsh)\Fire\Thermal\Raw JPG\00393.JPG,flame3_cv_subset
flame3_00394,-1,unknown,raw\flame3\FLAME 3 CV Dataset (Sycan Marsh)\Fire\Thermal\Raw JPG\00394.JPG,flame3_cv_subset
flame3_00395,-1,unknown,raw\flame3\FLAME 3 CV Dataset (Sycan Marsh)\Fire\Thermal\Raw JPG\00395.JPG,flame3_cv_subset
flame3_00396,-1,unknown,raw\flame3\FLAME 3 CV Dataset (Sycan Marsh)\Fire\Thermal\Raw JPG\00396.JPG,flame3_cv_subset
flame3_00397,-1,unknown,raw\flame3\FLAME 3 CV Dataset (Sycan Marsh)\Fire\Thermal\Raw JPG\00397.JPG,flame3_cv_subset
flame3_00398,-1,unknown,raw\flame3\FLAME 3 CV Dataset (Sycan Marsh)\Fire\Thermal\Raw JPG\00398.JPG,flame3_cv_subset
flame3_00399,-1,unknown,raw\flame3\FLAME 3 CV Dataset (Sycan Marsh)\Fire\Thermal\Raw JPG\00399.JPG,flame3_cv_subset
flame3_00400,-1,unknown,raw\flame3\FLAME 3 CV Dataset (Sycan Marsh)\Fire\Thermal\Raw JPG\00400.JPG,flame3_cv_subset
flame3_00401,-1,unknown,raw\flame3\FLAME 3 CV Dataset (Sycan Marsh)\Fire\Thermal\Raw JPG\00401.JPG,flame3_cv_subset
flame3_00402,-1,unknown,raw\flame3\FLAME 3 CV Dataset (Sycan Marsh)\Fire\Thermal\Raw JPG\00402.JPG,flame3_cv_subset
flame3_00403,-1,unknown,raw\flame3\FLAME 3 CV Dataset (Sycan Marsh)\Fire\Thermal\Raw JPG\00403.JPG,flame3_cv_subset
flame3_00404,-1,unknown,raw\flame3\FLAME 3 CV Dataset (Sycan Marsh)\Fire\Thermal\Raw JPG\00404.JPG,flame3_cv_subset
flame3_00405,-1,unknown,raw\flame3\FLAME 3 CV Dataset (Sycan Marsh)\Fire\Thermal\Raw JPG\00405.JPG,flame3_cv_subset
flame3_00406,-1,unknown,raw\flame3\FLAME 3 CV Dataset (Sycan Marsh)\Fire\Thermal\Raw JPG\00406.JPG,flame3_cv_subset
flame3_00407,-1,unknown,raw\flame3\FLAME 3 CV Dataset (Sycan Marsh)\Fire\Thermal\Raw JPG\00407.JPG,flame3_cv_subset
flame3_00408,-1,unknown,raw\flame3\FLAME 3 CV Dataset (Sycan Marsh)\Fire\Thermal\Raw JPG\00408.JPG,flame3_cv_subset
flame3_00409,-1,unknown,raw\flame3\FLAME 3 CV Dataset (Sycan Marsh)\Fire\Thermal\Raw JPG\00409.JPG,flame3_cv_subset
flame3_00410,-1,unknown,raw\flame3\FLAME 3 CV Dataset (Sycan Marsh)\Fire\Thermal\Raw JPG\00410.JPG,flame3_cv_subset
flame3_00411,-1,unknown,raw\flame3\FLAME 3 CV Dataset (Sycan Marsh)\Fire\Thermal\Raw JPG\00411.JPG,flame3_cv_subset
flame3_00412,-1,unknown,raw\flame3\FLAME 3 CV Dataset (Sycan Marsh)\Fire\Thermal\Raw JPG\00412.JPG,flame3_cv_subset
flame3_00413,-1,unknown,raw\flame3\FLAME 3 CV Dataset (Sycan Marsh)\Fire\Thermal\Raw JPG\00413.JPG,flame3_cv_subset
flame3_00414,-1,unknown,raw\flame3\FLAME 3 CV Dataset (Sycan Marsh)\Fire\Thermal\Raw JPG\00414.JPG,flame3_cv_subset
flame3_00415,-1,unknown,raw\flame3\FLAME 3 CV Dataset (Sycan Marsh)\Fire\Thermal\Raw JPG\00415.JPG,flame3_cv_subset
flame3_00416,-1,unknown,raw\flame3\FLAME 3 CV Dataset (Sycan Marsh)\Fire\Thermal\Raw JPG\00416.JPG,flame3_cv_subset
flame3_00417,-1,unknown,raw\flame3\FLAME 3 CV Dataset (Sycan Marsh)\Fire\Thermal\Raw JPG\00417.JPG,flame3_cv_subset
flame3_00418,-1,unknown,raw\flame3\FLAME 3 CV Dataset (Sycan Marsh)\Fire\Thermal\Raw JPG\00418.JPG,flame3_cv_subset
flame3_00419,-1,unknown,raw\flame3\FLAME 3 CV Dataset (Sycan Marsh)\Fire\Thermal\Raw JPG\00419.JPG,flame3_cv_subset
flame3_00420,-1,unknown,raw\flame3\FLAME 3 CV Dataset (Sycan Marsh)\Fire\Thermal\Raw JPG\00420.JPG,flame3_cv_subset
flame3_00421,-1,unknown,raw\flame3\FLAME 3 CV Dataset (Sycan Marsh)\Fire\Thermal\Raw JPG\00421.JPG,flame3_cv_subset
flame3_00422,-1,unknown,raw\flame3\FLAME 3 CV Dataset (Sycan Marsh)\Fire\Thermal\Raw JPG\00422.JPG,flame3_cv_subset
flame3_00423,-1,unknown,raw\flame3\FLAME 3 CV Dataset (Sycan Marsh)\Fire\Thermal\Raw JPG\00423.JPG,flame3_cv_subset
flame3_00424,-1,unknown,raw\flame3\FLAME 3 CV Dataset (Sycan Marsh)\Fire\Thermal\Raw JPG\00424.JPG,flame3_cv_subset
flame3_00425,-1,unknown,raw\flame3\FLAME 3 CV Dataset (Sycan Marsh)\Fire\Thermal\Raw JPG\00425.JPG,flame3_cv_subset
flame3_00426,-1,unknown,raw\flame3\FLAME 3 CV Dataset (Sycan Marsh)\Fire\Thermal\Raw JPG\00426.JPG,flame3_cv_subset
flame3_00427,-1,unknown,raw\flame3\FLAME 3 CV Dataset (Sycan Marsh)\Fire\Thermal\Raw JPG\00427.JPG,flame3_cv_subset
flame3_00428,-1,unknown,raw\flame3\FLAME 3 CV Dataset (Sycan Marsh)\Fire\Thermal\Raw JPG\00428.JPG,flame3_cv_subset
flame3_00429,-1,unknown,raw\flame3\FLAME 3 CV Dataset (Sycan Marsh)\Fire\Thermal\Raw JPG\00429.JPG,flame3_cv_subset
flame3_00430,-1,unknown,raw\flame3\FLAME 3 CV Dataset (Sycan Marsh)\Fire\Thermal\Raw JPG\00430.JPG,flame3_cv_subset
flame3_00431,-1,unknown,raw\flame3\FLAME 3 CV Dataset (Sycan Marsh)\Fire\Thermal\Raw JPG\00431.JPG,flame3_cv_subset
flame3_00432,-1,unknown,raw\flame3\FLAME 3 CV Dataset (Sycan Marsh)\Fire\Thermal\Raw JPG\00432.JPG,flame3_cv_subset
flame3_00433,-1,unknown,raw\flame3\FLAME 3 CV Dataset (Sycan Marsh)\Fire\Thermal\Raw JPG\00433.JPG,flame3_cv_subset
flame3_00434,-1,unknown,raw\flame3\FLAME 3 CV Dataset (Sycan Marsh)\Fire\Thermal\Raw JPG\00434.JPG,flame3_cv_subset
flame3_00435,-1,unknown,raw\flame3\FLAME 3 CV Dataset (Sycan Marsh)\Fire\Thermal\Raw JPG\00435.JPG,flame3_cv_subset
flame3_00436,-1,unknown,raw\flame3\FLAME 3 CV Dataset (Sycan Marsh)\Fire\Thermal\Raw JPG\00436.JPG,flame3_cv_subset
flame3_00437,-1,unknown,raw\flame3\FLAME 3 CV Dataset (Sycan Marsh)\Fire\Thermal\Raw JPG\00437.JPG,flame3_cv_subset
flame3_00438,-1,unknown,raw\flame3\FLAME 3 CV Dataset (Sycan Marsh)\Fire\Thermal\Raw JPG\00438.JPG,flame3_cv_subset
flame3_00439,-1,unknown,raw\flame3\FLAME 3 CV Dataset (Sycan Marsh)\Fire\Thermal\Raw JPG\00439.JPG,flame3_cv_subset
flame3_00440,-1,unknown,raw\flame3\FLAME 3 CV Dataset (Sycan Marsh)\Fire\Thermal\Raw JPG\00440.JPG,flame3_cv_subset
flame3_00441,-1,unknown,raw\flame3\FLAME 3 CV Dataset (Sycan Marsh)\Fire\Thermal\Raw JPG\00441.JPG,flame3_cv_subset
flame3_00442,-1,unknown,raw\flame3\FLAME 3 CV Dataset (Sycan Marsh)\Fire\Thermal\Raw JPG\00442.JPG,flame3_cv_subset
flame3_00443,-1,unknown,raw\flame3\FLAME 3 CV Dataset (Sycan Marsh)\Fire\Thermal\Raw JPG\00443.JPG,flame3_cv_subset
flame3_00444,-1,unknown,raw\flame3\FLAME 3 CV Dataset (Sycan Marsh)\Fire\Thermal\Raw JPG\00444.JPG,flame3_cv_subset
flame3_00445,-1,unknown,raw\flame3\FLAME 3 CV Dataset (Sycan Marsh)\Fire\Thermal\Raw JPG\00445.JPG,flame3_cv_subset
flame3_00446,-1,unknown,raw\flame3\FLAME 3 CV Dataset (Sycan Marsh)\Fire\Thermal\Raw JPG\00446.JPG,flame3_cv_subset
flame3_00447,-1,unknown,raw\flame3\FLAME 3 CV Dataset (Sycan Marsh)\Fire\Thermal\Raw JPG\00447.JPG,flame3_cv_subset
flame3_00448,-1,unknown,raw\flame3\FLAME 3 CV Dataset (Sycan Marsh)\Fire\Thermal\Raw JPG\00448.JPG,flame3_cv_subset
flame3_00449,-1,unknown,raw\flame3\FLAME 3 CV Dataset (Sycan Marsh)\Fire\Thermal\Raw JPG\00449.JPG,flame3_cv_subset
flame3_00450,-1,unknown,raw\flame3\FLAME 3 CV Dataset (Sycan Marsh)\Fire\Thermal\Raw JPG\00450.JPG,flame3_cv_subset
flame3_00451,-1,unknown,raw\flame3\FLAME 3 CV Dataset (Sycan Marsh)\Fire\Thermal\Raw JPG\00451.JPG,flame3_cv_subset
flame3_00452,-1,unknown,raw\flame3\FLAME 3 CV Dataset (Sycan Marsh)\Fire\Thermal\Raw JPG\00452.JPG,flame3_cv_subset
flame3_00453,-1,unknown,raw\flame3\FLAME 3 CV Dataset (Sycan Marsh)\Fire\Thermal\Raw JPG\00453.JPG,flame3_cv_subset
flame3_00454,-1,unknown,raw\flame3\FLAME 3 CV Dataset (Sycan Marsh)\Fire\Thermal\Raw JPG\00454.JPG,flame3_cv_subset
flame3_00455,-1,unknown,raw\flame3\FLAME 3 CV Dataset (Sycan Marsh)\Fire\Thermal\Raw JPG\00455.JPG,flame3_cv_subset
flame3_00456,-1,unknown,raw\flame3\FLAME 3 CV Dataset (Sycan Marsh)\Fire\Thermal\Raw JPG\00456.JPG,flame3_cv_subset
flame3_00457,-1,unknown,raw\flame3\FLAME 3 CV Dataset (Sycan Marsh)\Fire\Thermal\Raw JPG\00457.JPG,flame3_cv_subset
flame3_00458,-1,unknown,raw\flame3\FLAME 3 CV Dataset (Sycan Marsh)\Fire\Thermal\Raw JPG\00458.JPG,flame3_cv_subset
flame3_00459,-1,unknown,raw\flame3\FLAME 3 CV Dataset (Sycan Marsh)\Fire\Thermal\Raw JPG\00459.JPG,flame3_cv_subset
flame3_00460,-1,unknown,raw\flame3\FLAME 3 CV Dataset (Sycan Marsh)\Fire\Thermal\Raw JPG\00460.JPG,flame3_cv_subset
flame3_00461,-1,unknown,raw\flame3\FLAME 3 CV Dataset (Sycan Marsh)\Fire\Thermal\Raw JPG\00461.JPG,flame3_cv_subset
flame3_00462,-1,unknown,raw\flame3\FLAME 3 CV Dataset (Sycan Marsh)\Fire\Thermal\Raw JPG\00462.JPG,flame3_cv_subset
flame3_00463,-1,unknown,raw\flame3\FLAME 3 CV Dataset (Sycan Marsh)\Fire\Thermal\Raw JPG\00463.JPG,flame3_cv_subset
flame3_00464,-1,unknown,raw\flame3\FLAME 3 CV Dataset (Sycan Marsh)\Fire\Thermal\Raw JPG\00464.JPG,flame3_cv_subset
flame3_00465,-1,unknown,raw\flame3\FLAME 3 CV Dataset (Sycan Marsh)\Fire\Thermal\Raw JPG\00465.JPG,flame3_cv_subset
flame3_00466,-1,unknown,raw\flame3\FLAME 3 CV Dataset (Sycan Marsh)\Fire\Thermal\Raw JPG\00466.JPG,flame3_cv_subset
flame3_00467,-1,unknown,raw\flame3\FLAME 3 CV Dataset (Sycan Marsh)\Fire\Thermal\Raw JPG\00467.JPG,flame3_cv_subset
flame3_00468,-1,unknown,raw\flame3\FLAME 3 CV Dataset (Sycan Marsh)\Fire\Thermal\Raw JPG\00468.JPG,flame3_cv_subset
flame3_00469,-1,unknown,raw\flame3\FLAME 3 CV Dataset (Sycan Marsh)\Fire\Thermal\Raw JPG\00469.JPG,flame3_cv_subset
flame3_00470,-1,unknown,raw\flame3\FLAME 3 CV Dataset (Sycan Marsh)\Fire\Thermal\Raw JPG\00470.JPG,flame3_cv_subset
flame3_00471,-1,unknown,raw\flame3\FLAME 3 CV Dataset (Sycan Marsh)\Fire\Thermal\Raw JPG\00471.JPG,flame3_cv_subset
flame3_00472,-1,unknown,raw\flame3\FLAME 3 CV Dataset (Sycan Marsh)\Fire\Thermal\Raw JPG\00472.JPG,flame3_cv_subset
flame3_00473,-1,unknown,raw\flame3\FLAME 3 CV Dataset (Sycan Marsh)\Fire\Thermal\Raw JPG\00473.JPG,flame3_cv_subset
flame3_00474,-1,unknown,raw\flame3\FLAME 3 CV Dataset (Sycan Marsh)\Fire\Thermal\Raw JPG\00474.JPG,flame3_cv_subset
flame3_00475,-1,unknown,raw\flame3\FLAME 3 CV Dataset (Sycan Marsh)\Fire\Thermal\Raw JPG\00475.JPG,flame3_cv_subset
flame3_00476,-1,unknown,raw\flame3\FLAME 3 CV Dataset (Sycan Marsh)\Fire\Thermal\Raw JPG\00476.JPG,flame3_cv_subset
flame3_00477,-1,unknown,raw\flame3\FLAME 3 CV Dataset (Sycan Marsh)\Fire\Thermal\Raw JPG\00477.JPG,flame3_cv_subset
flame3_00478,-1,unknown,raw\flame3\FLAME 3 CV Dataset (Sycan Marsh)\Fire\Thermal\Raw JPG\00478.JPG,flame3_cv_subset
flame3_00479,-1,unknown,raw\flame3\FLAME 3 CV Dataset (Sycan Marsh)\Fire\Thermal\Raw JPG\00479.JPG,flame3_cv_subset
flame3_00480,-1,unknown,raw\flame3\FLAME 3 CV Dataset (Sycan Marsh)\Fire\Thermal\Raw JPG\00480.JPG,flame3_cv_subset
flame3_00481,-1,unknown,raw\flame3\FLAME 3 CV Dataset (Sycan Marsh)\Fire\Thermal\Raw JPG\00481.JPG,flame3_cv_subset
flame3_00482,-1,unknown,raw\flame3\FLAME 3 CV Dataset (Sycan Marsh)\Fire\Thermal\Raw JPG\00482.JPG,flame3_cv_subset
flame3_00483,-1,unknown,raw\flame3\FLAME 3 CV Dataset (Sycan Marsh)\Fire\Thermal\Raw JPG\00483.JPG,flame3_cv_subset
flame3_00484,-1,unknown,raw\flame3\FLAME 3 CV Dataset (Sycan Marsh)\Fire\Thermal\Raw JPG\00484.JPG,flame3_cv_subset
flame3_00485,-1,unknown,raw\flame3\FLAME 3 CV Dataset (Sycan Marsh)\Fire\Thermal\Raw JPG\00485.JPG,flame3_cv_subset
flame3_00486,-1,unknown,raw\flame3\FLAME 3 CV Dataset (Sycan Marsh)\Fire\Thermal\Raw JPG\00486.JPG,flame3_cv_subset
flame3_00487,-1,unknown,raw\flame3\FLAME 3 CV Dataset (Sycan Marsh)\Fire\Thermal\Raw JPG\00487.JPG,flame3_cv_subset
flame3_00488,-1,unknown,raw\flame3\FLAME 3 CV Dataset (Sycan Marsh)\Fire\Thermal\Raw JPG\00488.JPG,flame3_cv_subset
flame3_00489,-1,unknown,raw\flame3\FLAME 3 CV Dataset (Sycan Marsh)\Fire\Thermal\Raw JPG\00489.JPG,flame3_cv_subset
flame3_00490,-1,unknown,raw\flame3\FLAME 3 CV Dataset (Sycan Marsh)\Fire\Thermal\Raw JPG\00490.JPG,flame3_cv_subset
flame3_00491,-1,unknown,raw\flame3\FLAME 3 CV Dataset (Sycan Marsh)\Fire\Thermal\Raw JPG\00491.JPG,flame3_cv_subset
flame3_00492,-1,unknown,raw\flame3\FLAME 3 CV Dataset (Sycan Marsh)\Fire\Thermal\Raw JPG\00492.JPG,flame3_cv_subset
flame3_00493,-1,unknown,raw\flame3\FLAME 3 CV Dataset (Sycan Marsh)\Fire\Thermal\Raw JPG\00493.JPG,flame3_cv_subset
flame3_00494,-1,unknown,raw\flame3\FLAME 3 CV Dataset (Sycan Marsh)\Fire\Thermal\Raw JPG\00494.JPG,flame3_cv_subset
flame3_00495,-1,unknown,raw\flame3\FLAME 3 CV Dataset (Sycan Marsh)\Fire\Thermal\Raw JPG\00495.JPG,flame3_cv_subset
flame3_00496,-1,unknown,raw\flame3\FLAME 3 CV Dataset (Sycan Marsh)\Fire\Thermal\Raw JPG\00496.JPG,flame3_cv_subset
flame3_00497,-1,unknown,raw\flame3\FLAME 3 CV Dataset (Sycan Marsh)\Fire\Thermal\Raw JPG\00497.JPG,flame3_cv_subset
flame3_00498,-1,unknown,raw\flame3\FLAME 3 CV Dataset (Sycan Marsh)\Fire\Thermal\Raw JPG\00498.JPG,flame3_cv_subset
flame3_00499,-1,unknown,raw\flame3\FLAME 3 CV Dataset (Sycan Marsh)\Fire\Thermal\Raw JPG\00499.JPG,flame3_cv_subset
flame3_00500,-1,unknown,raw\flame3\FLAME 3 CV Dataset (Sycan Marsh)\Fire\Thermal\Raw JPG\00500.JPG,flame3_cv_subset
flame3_00501,-1,unknown,raw\flame3\FLAME 3 CV Dataset (Sycan Marsh)\Fire\Thermal\Raw JPG\00501.JPG,flame3_cv_subset
flame3_00502,-1,unknown,raw\flame3\FLAME 3 CV Dataset (Sycan Marsh)\Fire\Thermal\Raw JPG\00502.JPG,flame3_cv_subset
flame3_00503,-1,unknown,raw\flame3\FLAME 3 CV Dataset (Sycan Marsh)\Fire\Thermal\Raw JPG\00503.JPG,flame3_cv_subset
flame3_00504,-1,unknown,raw\flame3\FLAME 3 CV Dataset (Sycan Marsh)\Fire\Thermal\Raw JPG\00504.JPG,flame3_cv_subset
flame3_00505,-1,unknown,raw\flame3\FLAME 3 CV Dataset (Sycan Marsh)\Fire\Thermal\Raw JPG\00505.JPG,flame3_cv_subset
flame3_00506,-1,unknown,raw\flame3\FLAME 3 CV Dataset (Sycan Marsh)\Fire\Thermal\Raw JPG\00506.JPG,flame3_cv_subset
flame3_00507,-1,unknown,raw\flame3\FLAME 3 CV Dataset (Sycan Marsh)\Fire\Thermal\Raw JPG\00507.JPG,flame3_cv_subset
flame3_00508,-1,unknown,raw\flame3\FLAME 3 CV Dataset (Sycan Marsh)\Fire\Thermal\Raw JPG\00508.JPG,flame3_cv_subset
flame3_00509,-1,unknown,raw\flame3\FLAME 3 CV Dataset (Sycan Marsh)\Fire\Thermal\Raw JPG\00509.JPG,flame3_cv_subset
flame3_00510,-1,unknown,raw\flame3\FLAME 3 CV Dataset (Sycan Marsh)\Fire\Thermal\Raw JPG\00510.JPG,flame3_cv_subset
flame3_00511,-1,unknown,raw\flame3\FLAME 3 CV Dataset (Sycan Marsh)\Fire\Thermal\Raw JPG\00511.JPG,flame3_cv_subset
flame3_00512,-1,unknown,raw\flame3\FLAME 3 CV Dataset (Sycan Marsh)\Fire\Thermal\Raw JPG\00512.JPG,flame3_cv_subset
flame3_00513,-1,unknown,raw\flame3\FLAME 3 CV Dataset (Sycan Marsh)\Fire\Thermal\Raw JPG\00513.JPG,flame3_cv_subset
flame3_00514,-1,unknown,raw\flame3\FLAME 3 CV Dataset (Sycan Marsh)\Fire\Thermal\Raw JPG\00514.JPG,flame3_cv_subset
flame3_00515,-1,unknown,raw\flame3\FLAME 3 CV Dataset (Sycan Marsh)\Fire\Thermal\Raw JPG\00515.JPG,flame3_cv_subset
flame3_00516,-1,unknown,raw\flame3\FLAME 3 CV Dataset (Sycan Marsh)\Fire\Thermal\Raw JPG\00516.JPG,flame3_cv_subset
flame3_00517,-1,unknown,raw\flame3\FLAME 3 CV Dataset (Sycan Marsh)\Fire\Thermal\Raw JPG\00517.JPG,flame3_cv_subset
flame3_00518,-1,unknown,raw\flame3\FLAME 3 CV Dataset (Sycan Marsh)\Fire\Thermal\Raw JPG\00518.JPG,flame3_cv_subset
flame3_00519,-1,unknown,raw\flame3\FLAME 3 CV Dataset (Sycan Marsh)\Fire\Thermal\Raw JPG\00519.JPG,flame3_cv_subset
flame3_00520,-1,unknown,raw\flame3\FLAME 3 CV Dataset (Sycan Marsh)\Fire\Thermal\Raw JPG\00520.JPG,flame3_cv_subset
flame3_00521,-1,unknown,raw\flame3\FLAME 3 CV Dataset (Sycan Marsh)\Fire\Thermal\Raw JPG\00521.JPG,flame3_cv_subset
flame3_00522,-1,unknown,raw\flame3\FLAME 3 CV Dataset (Sycan Marsh)\Fire\Thermal\Raw JPG\00522.JPG,flame3_cv_subset
flame3_00523,-1,unknown,raw\flame3\FLAME 3 CV Dataset (Sycan Marsh)\Fire\Thermal\Raw JPG\00523.JPG,flame3_cv_subset
flame3_00524,-1,unknown,raw\flame3\FLAME 3 CV Dataset (Sycan Marsh)\Fire\Thermal\Raw JPG\00524.JPG,flame3_cv_subset
flame3_00525,-1,unknown,raw\flame3\FLAME 3 CV Dataset (Sycan Marsh)\Fire\Thermal\Raw JPG\00525.JPG,flame3_cv_subset
flame3_00526,-1,unknown,raw\flame3\FLAME 3 CV Dataset (Sycan Marsh)\Fire\Thermal\Raw JPG\00526.JPG,flame3_cv_subset
flame3_00527,-1,unknown,raw\flame3\FLAME 3 CV Dataset (Sycan Marsh)\Fire\Thermal\Raw JPG\00527.JPG,flame3_cv_subset
flame3_00528,-1,unknown,raw\flame3\FLAME 3 CV Dataset (Sycan Marsh)\Fire\Thermal\Raw JPG\00528.JPG,flame3_cv_subset
flame3_00529,-1,unknown,raw\flame3\FLAME 3 CV Dataset (Sycan Marsh)\Fire\Thermal\Raw JPG\00529.JPG,flame3_cv_subset
flame3_00530,-1,unknown,raw\flame3\FLAME 3 CV Dataset (Sycan Marsh)\Fire\Thermal\Raw JPG\00530.JPG,flame3_cv_subset
flame3_00531,-1,unknown,raw\flame3\FLAME 3 CV Dataset (Sycan Marsh)\Fire\Thermal\Raw JPG\00531.JPG,flame3_cv_subset
flame3_00532,-1,unknown,raw\flame3\FLAME 3 CV Dataset (Sycan Marsh)\Fire\Thermal\Raw JPG\00532.JPG,flame3_cv_subset
flame3_00533,-1,unknown,raw\flame3\FLAME 3 CV Dataset (Sycan Marsh)\Fire\Thermal\Raw JPG\00533.JPG,flame3_cv_subset
flame3_00534,-1,unknown,raw\flame3\FLAME 3 CV Dataset (Sycan Marsh)\Fire\Thermal\Raw JPG\00534.JPG,flame3_cv_subset
flame3_00535,-1,unknown,raw\flame3\FLAME 3 CV Dataset (Sycan Marsh)\Fire\Thermal\Raw JPG\00535.JPG,flame3_cv_subset
flame3_00536,-1,unknown,raw\flame3\FLAME 3 CV Dataset (Sycan Marsh)\Fire\Thermal\Raw JPG\00536.JPG,flame3_cv_subset
flame3_00537,-1,unknown,raw\flame3\FLAME 3 CV Dataset (Sycan Marsh)\Fire\Thermal\Raw JPG\00537.JPG,flame3_cv_subset
flame3_00538,-1,unknown,raw\flame3\FLAME 3 CV Dataset (Sycan Marsh)\Fire\Thermal\Raw JPG\00538.JPG,flame3_cv_subset
flame3_00539,-1,unknown,raw\flame3\FLAME 3 CV Dataset (Sycan Marsh)\Fire\Thermal\Raw JPG\00539.JPG,flame3_cv_subset
flame3_00540,-1,unknown,raw\flame3\FLAME 3 CV Dataset (Sycan Marsh)\Fire\Thermal\Raw JPG\00540.JPG,flame3_cv_subset
flame3_00541,-1,unknown,raw\flame3\FLAME 3 CV Dataset (Sycan Marsh)\Fire\Thermal\Raw JPG\00541.JPG,flame3_cv_subset
flame3_00542,-1,unknown,raw\flame3\FLAME 3 CV Dataset (Sycan Marsh)\Fire\Thermal\Raw JPG\00542.JPG,flame3_cv_subset
flame3_00543,-1,unknown,raw\flame3\FLAME 3 CV Dataset (Sycan Marsh)\Fire\Thermal\Raw JPG\00543.JPG,flame3_cv_subset
flame3_00544,-1,unknown,raw\flame3\FLAME 3 CV Dataset (Sycan Marsh)\Fire\Thermal\Raw JPG\00544.JPG,flame3_cv_subset
flame3_00545,-1,unknown,raw\flame3\FLAME 3 CV Dataset (Sycan Marsh)\Fire\Thermal\Raw JPG\00545.JPG,flame3_cv_subset
flame3_00546,-1,unknown,raw\flame3\FLAME 3 CV Dataset (Sycan Marsh)\Fire\Thermal\Raw JPG\00546.JPG,flame3_cv_subset
flame3_00547,-1,unknown,raw\flame3\FLAME 3 CV Dataset (Sycan Marsh)\Fire\Thermal\Raw JPG\00547.JPG,flame3_cv_subset
flame3_00548,-1,unknown,raw\flame3\FLAME 3 CV Dataset (Sycan Marsh)\Fire\Thermal\Raw JPG\00548.JPG,flame3_cv_subset
flame3_00549,-1,unknown,raw\flame3\FLAME 3 CV Dataset (Sycan Marsh)\Fire\Thermal\Raw JPG\00549.JPG,flame3_cv_subset
flame3_00550,-1,unknown,raw\flame3\FLAME 3 CV Dataset (Sycan Marsh)\Fire\Thermal\Raw JPG\00550.JPG,flame3_cv_subset
flame3_00551,-1,unknown,raw\flame3\FLAME 3 CV Dataset (Sycan Marsh)\Fire\Thermal\Raw JPG\00551.JPG,flame3_cv_subset
flame3_00552,-1,unknown,raw\flame3\FLAME 3 CV Dataset (Sycan Marsh)\Fire\Thermal\Raw JPG\00552.JPG,flame3_cv_subset
flame3_00553,-1,unknown,raw\flame3\FLAME 3 CV Dataset (Sycan Marsh)\Fire\Thermal\Raw JPG\00553.JPG,flame3_cv_subset
flame3_00554,-1,unknown,raw\flame3\FLAME 3 CV Dataset (Sycan Marsh)\Fire\Thermal\Raw JPG\00554.JPG,flame3_cv_subset
flame3_00555,-1,unknown,raw\flame3\FLAME 3 CV Dataset (Sycan Marsh)\Fire\Thermal\Raw JPG\00555.JPG,flame3_cv_subset
flame3_00556,-1,unknown,raw\flame3\FLAME 3 CV Dataset (Sycan Marsh)\Fire\Thermal\Raw JPG\00556.JPG,flame3_cv_subset
flame3_00557,-1,unknown,raw\flame3\FLAME 3 CV Dataset (Sycan Marsh)\Fire\Thermal\Raw JPG\00557.JPG,flame3_cv_subset
flame3_00558,-1,unknown,raw\flame3\FLAME 3 CV Dataset (Sycan Marsh)\Fire\Thermal\Raw JPG\00558.JPG,flame3_cv_subset
flame3_00559,-1,unknown,raw\flame3\FLAME 3 CV Dataset (Sycan Marsh)\Fire\Thermal\Raw JPG\00559.JPG,flame3_cv_subset
flame3_00560,-1,unknown,raw\flame3\FLAME 3 CV Dataset (Sycan Marsh)\Fire\Thermal\Raw JPG\00560.JPG,flame3_cv_subset
flame3_00561,-1,unknown,raw\flame3\FLAME 3 CV Dataset (Sycan Marsh)\Fire\Thermal\Raw JPG\00561.JPG,flame3_cv_subset
flame3_00562,-1,unknown,raw\flame3\FLAME 3 CV Dataset (Sycan Marsh)\Fire\Thermal\Raw JPG\00562.JPG,flame3_cv_subset
flame3_00563,-1,unknown,raw\flame3\FLAME 3 CV Dataset (Sycan Marsh)\Fire\Thermal\Raw JPG\00563.JPG,flame3_cv_subset
flame3_00564,-1,unknown,raw\flame3\FLAME 3 CV Dataset (Sycan Marsh)\Fire\Thermal\Raw JPG\00564.JPG,flame3_cv_subset
flame3_00565,-1,unknown,raw\flame3\FLAME 3 CV Dataset (Sycan Marsh)\Fire\Thermal\Raw JPG\00565.JPG,flame3_cv_subset
flame3_00566,-1,unknown,raw\flame3\FLAME 3 CV Dataset (Sycan Marsh)\Fire\Thermal\Raw JPG\00566.JPG,flame3_cv_subset
flame3_00567,-1,unknown,raw\flame3\FLAME 3 CV Dataset (Sycan Marsh)\Fire\Thermal\Raw JPG\00567.JPG,flame3_cv_subset
flame3_00568,-1,unknown,raw\flame3\FLAME 3 CV Dataset (Sycan Marsh)\Fire\Thermal\Raw JPG\00568.JPG,flame3_cv_subset
flame3_00569,-1,unknown,raw\flame3\FLAME 3 CV Dataset (Sycan Marsh)\Fire\Thermal\Raw JPG\00569.JPG,flame3_cv_subset
flame3_00570,-1,unknown,raw\flame3\FLAME 3 CV Dataset (Sycan Marsh)\Fire\Thermal\Raw JPG\00570.JPG,flame3_cv_subset
flame3_00571,-1,unknown,raw\flame3\FLAME 3 CV Dataset (Sycan Marsh)\Fire\Thermal\Raw JPG\00571.JPG,flame3_cv_subset
flame3_00572,-1,unknown,raw\flame3\FLAME 3 CV Dataset (Sycan Marsh)\Fire\Thermal\Raw JPG\00572.JPG,flame3_cv_subset
flame3_00573,-1,unknown,raw\flame3\FLAME 3 CV Dataset (Sycan Marsh)\Fire\Thermal\Raw JPG\00573.JPG,flame3_cv_subset
flame3_00574,-1,unknown,raw\flame3\FLAME 3 CV Dataset (Sycan Marsh)\Fire\Thermal\Raw JPG\00574.JPG,flame3_cv_subset
flame3_00575,-1,unknown,raw\flame3\FLAME 3 CV Dataset (Sycan Marsh)\Fire\Thermal\Raw JPG\00575.JPG,flame3_cv_subset
flame3_00576,-1,unknown,raw\flame3\FLAME 3 CV Dataset (Sycan Marsh)\Fire\Thermal\Raw JPG\00576.JPG,flame3_cv_subset
flame3_00577,-1,unknown,raw\flame3\FLAME 3 CV Dataset (Sycan Marsh)\Fire\Thermal\Raw JPG\00577.JPG,flame3_cv_subset
flame3_00578,-1,unknown,raw\flame3\FLAME 3 CV Dataset (Sycan Marsh)\Fire\Thermal\Raw JPG\00578.JPG,flame3_cv_subset
flame3_00579,-1,unknown,raw\flame3\FLAME 3 CV Dataset (Sycan Marsh)\Fire\Thermal\Raw JPG\00579.JPG,flame3_cv_subset
flame3_00580,-1,unknown,raw\flame3\FLAME 3 CV Dataset (Sycan Marsh)\Fire\Thermal\Raw JPG\00580.JPG,flame3_cv_subset
flame3_00581,-1,unknown,raw\flame3\FLAME 3 CV Dataset (Sycan Marsh)\Fire\Thermal\Raw JPG\00581.JPG,flame3_cv_subset
flame3_00582,-1,unknown,raw\flame3\FLAME 3 CV Dataset (Sycan Marsh)\Fire\Thermal\Raw JPG\00582.JPG,flame3_cv_subset
flame3_00583,-1,unknown,raw\flame3\FLAME 3 CV Dataset (Sycan Marsh)\Fire\Thermal\Raw JPG\00583.JPG,flame3_cv_subset
flame3_00584,-1,unknown,raw\flame3\FLAME 3 CV Dataset (Sycan Marsh)\Fire\Thermal\Raw JPG\00584.JPG,flame3_cv_subset
flame3_00585,-1,unknown,raw\flame3\FLAME 3 CV Dataset (Sycan Marsh)\Fire\Thermal\Raw JPG\00585.JPG,flame3_cv_subset
flame3_00586,-1,unknown,raw\flame3\FLAME 3 CV Dataset (Sycan Marsh)\Fire\Thermal\Raw JPG\00586.JPG,flame3_cv_subset
flame3_00587,-1,unknown,raw\flame3\FLAME 3 CV Dataset (Sycan Marsh)\Fire\Thermal\Raw JPG\00587.JPG,flame3_cv_subset
flame3_00588,-1,unknown,raw\flame3\FLAME 3 CV Dataset (Sycan Marsh)\Fire\Thermal\Raw JPG\00588.JPG,flame3_cv_subset
flame3_00589,-1,unknown,raw\flame3\FLAME 3 CV Dataset (Sycan Marsh)\Fire\Thermal\Raw JPG\00589.JPG,flame3_cv_subset
flame3_00590,-1,unknown,raw\flame3\FLAME 3 CV Dataset (Sycan Marsh)\Fire\Thermal\Raw JPG\00590.JPG,flame3_cv_subset
flame3_00591,-1,unknown,raw\flame3\FLAME 3 CV Dataset (Sycan Marsh)\Fire\Thermal\Raw JPG\00591.JPG,flame3_cv_subset
flame3_00592,-1,unknown,raw\flame3\FLAME 3 CV Dataset (Sycan Marsh)\Fire\Thermal\Raw JPG\00592.JPG,flame3_cv_subset
flame3_00593,-1,unknown,raw\flame3\FLAME 3 CV Dataset (Sycan Marsh)\Fire\Thermal\Raw JPG\00593.JPG,flame3_cv_subset
flame3_00594,-1,unknown,raw\flame3\FLAME 3 CV Dataset (Sycan Marsh)\Fire\Thermal\Raw JPG\00594.JPG,flame3_cv_subset
flame3_00595,-1,unknown,raw\flame3\FLAME 3 CV Dataset (Sycan Marsh)\Fire\Thermal\Raw JPG\00595.JPG,flame3_cv_subset
flame3_00596,-1,unknown,raw\flame3\FLAME 3 CV Dataset (Sycan Marsh)\Fire\Thermal\Raw JPG\00596.JPG,flame3_cv_subset
flame3_00597,-1,unknown,raw\flame3\FLAME 3 CV Dataset (Sycan Marsh)\Fire\Thermal\Raw JPG\00597.JPG,flame3_cv_subset
flame3_00598,-1,unknown,raw\flame3\FLAME 3 CV Dataset (Sycan Marsh)\Fire\Thermal\Raw JPG\00598.JPG,flame3_cv_subset
flame3_00599,-1,unknown,raw\flame3\FLAME 3 CV Dataset (Sycan Marsh)\Fire\Thermal\Raw JPG\00599.JPG,flame3_cv_subset
flame3_00600,-1,unknown,raw\flame3\FLAME 3 CV Dataset (Sycan Marsh)\Fire\Thermal\Raw JPG\00600.JPG,flame3_cv_subset
flame3_00601,-1,unknown,raw\flame3\FLAME 3 CV Dataset (Sycan Marsh)\Fire\Thermal\Raw JPG\00601.JPG,flame3_cv_subset
flame3_00602,-1,unknown,raw\flame3\FLAME 3 CV Dataset (Sycan Marsh)\Fire\Thermal\Raw JPG\00602.JPG,flame3_cv_subset
flame3_00603,-1,unknown,raw\flame3\FLAME 3 CV Dataset (Sycan Marsh)\Fire\Thermal\Raw JPG\00603.JPG,flame3_cv_subset
flame3_00604,-1,unknown,raw\flame3\FLAME 3 CV Dataset (Sycan Marsh)\Fire\Thermal\Raw JPG\00604.JPG,flame3_cv_subset
flame3_00605,-1,unknown,raw\flame3\FLAME 3 CV Dataset (Sycan Marsh)\Fire\Thermal\Raw JPG\00605.JPG,flame3_cv_subset
flame3_00606,-1,unknown,raw\flame3\FLAME 3 CV Dataset (Sycan Marsh)\Fire\Thermal\Raw JPG\00606.JPG,flame3_cv_subset
flame3_00607,-1,unknown,raw\flame3\FLAME 3 CV Dataset (Sycan Marsh)\Fire\Thermal\Raw JPG\00607.JPG,flame3_cv_subset
flame3_00608,-1,unknown,raw\flame3\FLAME 3 CV Dataset (Sycan Marsh)\Fire\Thermal\Raw JPG\00608.JPG,flame3_cv_subset
flame3_00609,-1,unknown,raw\flame3\FLAME 3 CV Dataset (Sycan Marsh)\Fire\Thermal\Raw JPG\00609.JPG,flame3_cv_subset
flame3_00610,-1,unknown,raw\flame3\FLAME 3 CV Dataset (Sycan Marsh)\Fire\Thermal\Raw JPG\00610.JPG,flame3_cv_subset
flame3_00611,-1,unknown,raw\flame3\FLAME 3 CV Dataset (Sycan Marsh)\Fire\Thermal\Raw JPG\00611.JPG,flame3_cv_subset
flame3_00612,-1,unknown,raw\flame3\FLAME 3 CV Dataset (Sycan Marsh)\Fire\Thermal\Raw JPG\00612.JPG,flame3_cv_subset
flame3_00613,-1,unknown,raw\flame3\FLAME 3 CV Dataset (Sycan Marsh)\Fire\Thermal\Raw JPG\00613.JPG,flame3_cv_subset
flame3_00614,-1,unknown,raw\flame3\FLAME 3 CV Dataset (Sycan Marsh)\Fire\Thermal\Raw JPG\00614.JPG,flame3_cv_subset
flame3_00615,-1,unknown,raw\flame3\FLAME 3 CV Dataset (Sycan Marsh)\Fire\Thermal\Raw JPG\00615.JPG,flame3_cv_subset
flame3_00616,-1,unknown,raw\flame3\FLAME 3 CV Dataset (Sycan Marsh)\Fire\Thermal\Raw JPG\00616.JPG,flame3_cv_subset
flame3_00617,-1,unknown,raw\flame3\FLAME 3 CV Dataset (Sycan Marsh)\Fire\Thermal\Raw JPG\00617.JPG,flame3_cv_subset
flame3_00618,-1,unknown,raw\flame3\FLAME 3 CV Dataset (Sycan Marsh)\Fire\Thermal\Raw JPG\00618.JPG,flame3_cv_subset
flame3_00619,-1,unknown,raw\flame3\FLAME 3 CV Dataset (Sycan Marsh)\Fire\Thermal\Raw JPG\00619.JPG,flame3_cv_subset
flame3_00620,-1,unknown,raw\flame3\FLAME 3 CV Dataset (Sycan Marsh)\Fire\Thermal\Raw JPG\00620.JPG,flame3_cv_subset
flame3_00621,-1,unknown,raw\flame3\FLAME 3 CV Dataset (Sycan Marsh)\Fire\Thermal\Raw JPG\00621.JPG,flame3_cv_subset
flame3_00622,-1,unknown,raw\flame3\FLAME 3 CV Dataset (Sycan Marsh)\Fire\Thermal\Raw JPG\00622.JPG,flame3_cv_subset
flame3_00001,-1,unknown,raw\flame3\FLAME 3 CV Dataset (Sycan Marsh)\No Fire\RGB\Corrected FOV\00001.JPG,flame3_cv_subset
flame3_00002,-1,unknown,raw\flame3\FLAME 3 CV Dataset (Sycan Marsh)\No Fire\RGB\Corrected FOV\00002.JPG,flame3_cv_subset
flame3_00003,-1,unknown,raw\flame3\FLAME 3 CV Dataset (Sycan Marsh)\No Fire\RGB\Corrected FOV\00003.JPG,flame3_cv_subset
flame3_00004,-1,unknown,raw\flame3\FLAME 3 CV Dataset (Sycan Marsh)\No Fire\RGB\Corrected FOV\00004.JPG,flame3_cv_subset
flame3_00005,-1,unknown,raw\flame3\FLAME 3 CV Dataset (Sycan Marsh)\No Fire\RGB\Corrected FOV\00005.JPG,flame3_cv_subset
flame3_00006,-1,unknown,raw\flame3\FLAME 3 CV Dataset (Sycan Marsh)\No Fire\RGB\Corrected FOV\00006.JPG,flame3_cv_subset
flame3_00007,-1,unknown,raw\flame3\FLAME 3 CV Dataset (Sycan Marsh)\No Fire\RGB\Corrected FOV\00007.JPG,flame3_cv_subset
flame3_00008,-1,unknown,raw\flame3\FLAME 3 CV Dataset (Sycan Marsh)\No Fire\RGB\Corrected FOV\00008.JPG,flame3_cv_subset
flame3_00009,-1,unknown,raw\flame3\FLAME 3 CV Dataset (Sycan Marsh)\No Fire\RGB\Corrected FOV\00009.JPG,flame3_cv_subset
flame3_00010,-1,unknown,raw\flame3\FLAME 3 CV Dataset (Sycan Marsh)\No Fire\RGB\Corrected FOV\00010.JPG,flame3_cv_subset
flame3_00011,-1,unknown,raw\flame3\FLAME 3 CV Dataset (Sycan Marsh)\No Fire\RGB\Corrected FOV\00011.JPG,flame3_cv_subset
flame3_00012,-1,unknown,raw\flame3\FLAME 3 CV Dataset (Sycan Marsh)\No Fire\RGB\Corrected FOV\00012.JPG,flame3_cv_subset
flame3_00013,-1,unknown,raw\flame3\FLAME 3 CV Dataset (Sycan Marsh)\No Fire\RGB\Corrected FOV\00013.JPG,flame3_cv_subset
flame3_00014,-1,unknown,raw\flame3\FLAME 3 CV Dataset (Sycan Marsh)\No Fire\RGB\Corrected FOV\00014.JPG,flame3_cv_subset
flame3_00015,-1,unknown,raw\flame3\FLAME 3 CV Dataset (Sycan Marsh)\No Fire\RGB\Corrected FOV\00015.JPG,flame3_cv_subset
flame3_00016,-1,unknown,raw\flame3\FLAME 3 CV Dataset (Sycan Marsh)\No Fire\RGB\Corrected FOV\00016.JPG,flame3_cv_subset
flame3_00017,-1,unknown,raw\flame3\FLAME 3 CV Dataset (Sycan Marsh)\No Fire\RGB\Corrected FOV\00017.JPG,flame3_cv_subset
flame3_00018,-1,unknown,raw\flame3\FLAME 3 CV Dataset (Sycan Marsh)\No Fire\RGB\Corrected FOV\00018.JPG,flame3_cv_subset
flame3_00019,-1,unknown,raw\flame3\FLAME 3 CV Dataset (Sycan Marsh)\No Fire\RGB\Corrected FOV\00019.JPG,flame3_cv_subset
flame3_00020,-1,unknown,raw\flame3\FLAME 3 CV Dataset (Sycan Marsh)\No Fire\RGB\Corrected FOV\00020.JPG,flame3_cv_subset
flame3_00021,-1,unknown,raw\flame3\FLAME 3 CV Dataset (Sycan Marsh)\No Fire\RGB\Corrected FOV\00021.JPG,flame3_cv_subset
flame3_00022,-1,unknown,raw\flame3\FLAME 3 CV Dataset (Sycan Marsh)\No Fire\RGB\Corrected FOV\00022.JPG,flame3_cv_subset
flame3_00023,-1,unknown,raw\flame3\FLAME 3 CV Dataset (Sycan Marsh)\No Fire\RGB\Corrected FOV\00023.JPG,flame3_cv_subset
flame3_00024,-1,unknown,raw\flame3\FLAME 3 CV Dataset (Sycan Marsh)\No Fire\RGB\Corrected FOV\00024.JPG,flame3_cv_subset
flame3_00025,-1,unknown,raw\flame3\FLAME 3 CV Dataset (Sycan Marsh)\No Fire\RGB\Corrected FOV\00025.JPG,flame3_cv_subset
flame3_00026,-1,unknown,raw\flame3\FLAME 3 CV Dataset (Sycan Marsh)\No Fire\RGB\Corrected FOV\00026.JPG,flame3_cv_subset
flame3_00027,-1,unknown,raw\flame3\FLAME 3 CV Dataset (Sycan Marsh)\No Fire\RGB\Corrected FOV\00027.JPG,flame3_cv_subset
flame3_00028,-1,unknown,raw\flame3\FLAME 3 CV Dataset (Sycan Marsh)\No Fire\RGB\Corrected FOV\00028.JPG,flame3_cv_subset
flame3_00029,-1,unknown,raw\flame3\FLAME 3 CV Dataset (Sycan Marsh)\No Fire\RGB\Corrected FOV\00029.JPG,flame3_cv_subset
flame3_00030,-1,unknown,raw\flame3\FLAME 3 CV Dataset (Sycan Marsh)\No Fire\RGB\Corrected FOV\00030.JPG,flame3_cv_subset
flame3_00031,-1,unknown,raw\flame3\FLAME 3 CV Dataset (Sycan Marsh)\No Fire\RGB\Corrected FOV\00031.JPG,flame3_cv_subset
flame3_00032,-1,unknown,raw\flame3\FLAME 3 CV Dataset (Sycan Marsh)\No Fire\RGB\Corrected FOV\00032.JPG,flame3_cv_subset
flame3_00033,-1,unknown,raw\flame3\FLAME 3 CV Dataset (Sycan Marsh)\No Fire\RGB\Corrected FOV\00033.JPG,flame3_cv_subset
flame3_00034,-1,unknown,raw\flame3\FLAME 3 CV Dataset (Sycan Marsh)\No Fire\RGB\Corrected FOV\00034.JPG,flame3_cv_subset
flame3_00035,-1,unknown,raw\flame3\FLAME 3 CV Dataset (Sycan Marsh)\No Fire\RGB\Corrected FOV\00035.JPG,flame3_cv_subset
flame3_00036,-1,unknown,raw\flame3\FLAME 3 CV Dataset (Sycan Marsh)\No Fire\RGB\Corrected FOV\00036.JPG,flame3_cv_subset
flame3_00037,-1,unknown,raw\flame3\FLAME 3 CV Dataset (Sycan Marsh)\No Fire\RGB\Corrected FOV\00037.JPG,flame3_cv_subset
flame3_00038,-1,unknown,raw\flame3\FLAME 3 CV Dataset (Sycan Marsh)\No Fire\RGB\Corrected FOV\00038.JPG,flame3_cv_subset
flame3_00039,-1,unknown,raw\flame3\FLAME 3 CV Dataset (Sycan Marsh)\No Fire\RGB\Corrected FOV\00039.JPG,flame3_cv_subset
flame3_00040,-1,unknown,raw\flame3\FLAME 3 CV Dataset (Sycan Marsh)\No Fire\RGB\Corrected FOV\00040.JPG,flame3_cv_subset
flame3_00041,-1,unknown,raw\flame3\FLAME 3 CV Dataset (Sycan Marsh)\No Fire\RGB\Corrected FOV\00041.JPG,flame3_cv_subset
flame3_00042,-1,unknown,raw\flame3\FLAME 3 CV Dataset (Sycan Marsh)\No Fire\RGB\Corrected FOV\00042.JPG,flame3_cv_subset
flame3_00043,-1,unknown,raw\flame3\FLAME 3 CV Dataset (Sycan Marsh)\No Fire\RGB\Corrected FOV\00043.JPG,flame3_cv_subset
flame3_00044,-1,unknown,raw\flame3\FLAME 3 CV Dataset (Sycan Marsh)\No Fire\RGB\Corrected FOV\00044.JPG,flame3_cv_subset
flame3_00045,-1,unknown,raw\flame3\FLAME 3 CV Dataset (Sycan Marsh)\No Fire\RGB\Corrected FOV\00045.JPG,flame3_cv_subset
flame3_00046,-1,unknown,raw\flame3\FLAME 3 CV Dataset (Sycan Marsh)\No Fire\RGB\Corrected FOV\00046.JPG,flame3_cv_subset
flame3_00047,-1,unknown,raw\flame3\FLAME 3 CV Dataset (Sycan Marsh)\No Fire\RGB\Corrected FOV\00047.JPG,flame3_cv_subset
flame3_00048,-1,unknown,raw\flame3\FLAME 3 CV Dataset (Sycan Marsh)\No Fire\RGB\Corrected FOV\00048.JPG,flame3_cv_subset
flame3_00049,-1,unknown,raw\flame3\FLAME 3 CV Dataset (Sycan Marsh)\No Fire\RGB\Corrected FOV\00049.JPG,flame3_cv_subset
flame3_00050,-1,unknown,raw\flame3\FLAME 3 CV Dataset (Sycan Marsh)\No Fire\RGB\Corrected FOV\00050.JPG,flame3_cv_subset
flame3_00051,-1,unknown,raw\flame3\FLAME 3 CV Dataset (Sycan Marsh)\No Fire\RGB\Corrected FOV\00051.JPG,flame3_cv_subset
flame3_00052,-1,unknown,raw\flame3\FLAME 3 CV Dataset (Sycan Marsh)\No Fire\RGB\Corrected FOV\00052.JPG,flame3_cv_subset
flame3_00053,-1,unknown,raw\flame3\FLAME 3 CV Dataset (Sycan Marsh)\No Fire\RGB\Corrected FOV\00053.JPG,flame3_cv_subset
flame3_00054,-1,unknown,raw\flame3\FLAME 3 CV Dataset (Sycan Marsh)\No Fire\RGB\Corrected FOV\00054.JPG,flame3_cv_subset
flame3_00055,-1,unknown,raw\flame3\FLAME 3 CV Dataset (Sycan Marsh)\No Fire\RGB\Corrected FOV\00055.JPG,flame3_cv_subset
flame3_00056,-1,unknown,raw\flame3\FLAME 3 CV Dataset (Sycan Marsh)\No Fire\RGB\Corrected FOV\00056.JPG,flame3_cv_subset
flame3_00057,-1,unknown,raw\flame3\FLAME 3 CV Dataset (Sycan Marsh)\No Fire\RGB\Corrected FOV\00057.JPG,flame3_cv_subset
flame3_00058,-1,unknown,raw\flame3\FLAME 3 CV Dataset (Sycan Marsh)\No Fire\RGB\Corrected FOV\00058.JPG,flame3_cv_subset
flame3_00059,-1,unknown,raw\flame3\FLAME 3 CV Dataset (Sycan Marsh)\No Fire\RGB\Corrected FOV\00059.JPG,flame3_cv_subset
flame3_00060,-1,unknown,raw\flame3\FLAME 3 CV Dataset (Sycan Marsh)\No Fire\RGB\Corrected FOV\00060.JPG,flame3_cv_subset
flame3_00061,-1,unknown,raw\flame3\FLAME 3 CV Dataset (Sycan Marsh)\No Fire\RGB\Corrected FOV\00061.JPG,flame3_cv_subset
flame3_00062,-1,unknown,raw\flame3\FLAME 3 CV Dataset (Sycan Marsh)\No Fire\RGB\Corrected FOV\00062.JPG,flame3_cv_subset
flame3_00063,-1,unknown,raw\flame3\FLAME 3 CV Dataset (Sycan Marsh)\No Fire\RGB\Corrected FOV\00063.JPG,flame3_cv_subset
flame3_00064,-1,unknown,raw\flame3\FLAME 3 CV Dataset (Sycan Marsh)\No Fire\RGB\Corrected FOV\00064.JPG,flame3_cv_subset
flame3_00065,-1,unknown,raw\flame3\FLAME 3 CV Dataset (Sycan Marsh)\No Fire\RGB\Corrected FOV\00065.JPG,flame3_cv_subset
flame3_00066,-1,unknown,raw\flame3\FLAME 3 CV Dataset (Sycan Marsh)\No Fire\RGB\Corrected FOV\00066.JPG,flame3_cv_subset
flame3_00067,-1,unknown,raw\flame3\FLAME 3 CV Dataset (Sycan Marsh)\No Fire\RGB\Corrected FOV\00067.JPG,flame3_cv_subset
flame3_00068,-1,unknown,raw\flame3\FLAME 3 CV Dataset (Sycan Marsh)\No Fire\RGB\Corrected FOV\00068.JPG,flame3_cv_subset
flame3_00069,-1,unknown,raw\flame3\FLAME 3 CV Dataset (Sycan Marsh)\No Fire\RGB\Corrected FOV\00069.JPG,flame3_cv_subset
flame3_00070,-1,unknown,raw\flame3\FLAME 3 CV Dataset (Sycan Marsh)\No Fire\RGB\Corrected FOV\00070.JPG,flame3_cv_subset
flame3_00071,-1,unknown,raw\flame3\FLAME 3 CV Dataset (Sycan Marsh)\No Fire\RGB\Corrected FOV\00071.JPG,flame3_cv_subset
flame3_00072,-1,unknown,raw\flame3\FLAME 3 CV Dataset (Sycan Marsh)\No Fire\RGB\Corrected FOV\00072.JPG,flame3_cv_subset
flame3_00073,-1,unknown,raw\flame3\FLAME 3 CV Dataset (Sycan Marsh)\No Fire\RGB\Corrected FOV\00073.JPG,flame3_cv_subset
flame3_00074,-1,unknown,raw\flame3\FLAME 3 CV Dataset (Sycan Marsh)\No Fire\RGB\Corrected FOV\00074.JPG,flame3_cv_subset
flame3_00075,-1,unknown,raw\flame3\FLAME 3 CV Dataset (Sycan Marsh)\No Fire\RGB\Corrected FOV\00075.JPG,flame3_cv_subset
flame3_00076,-1,unknown,raw\flame3\FLAME 3 CV Dataset (Sycan Marsh)\No Fire\RGB\Corrected FOV\00076.JPG,flame3_cv_subset
flame3_00077,-1,unknown,raw\flame3\FLAME 3 CV Dataset (Sycan Marsh)\No Fire\RGB\Corrected FOV\00077.JPG,flame3_cv_subset
flame3_00078,-1,unknown,raw\flame3\FLAME 3 CV Dataset (Sycan Marsh)\No Fire\RGB\Corrected FOV\00078.JPG,flame3_cv_subset
flame3_00079,-1,unknown,raw\flame3\FLAME 3 CV Dataset (Sycan Marsh)\No Fire\RGB\Corrected FOV\00079.JPG,flame3_cv_subset
flame3_00080,-1,unknown,raw\flame3\FLAME 3 CV Dataset (Sycan Marsh)\No Fire\RGB\Corrected FOV\00080.JPG,flame3_cv_subset
flame3_00081,-1,unknown,raw\flame3\FLAME 3 CV Dataset (Sycan Marsh)\No Fire\RGB\Corrected FOV\00081.JPG,flame3_cv_subset
flame3_00082,-1,unknown,raw\flame3\FLAME 3 CV Dataset (Sycan Marsh)\No Fire\RGB\Corrected FOV\00082.JPG,flame3_cv_subset
flame3_00083,-1,unknown,raw\flame3\FLAME 3 CV Dataset (Sycan Marsh)\No Fire\RGB\Corrected FOV\00083.JPG,flame3_cv_subset
flame3_00084,-1,unknown,raw\flame3\FLAME 3 CV Dataset (Sycan Marsh)\No Fire\RGB\Corrected FOV\00084.JPG,flame3_cv_subset
flame3_00085,-1,unknown,raw\flame3\FLAME 3 CV Dataset (Sycan Marsh)\No Fire\RGB\Corrected FOV\00085.JPG,flame3_cv_subset
flame3_00086,-1,unknown,raw\flame3\FLAME 3 CV Dataset (Sycan Marsh)\No Fire\RGB\Corrected FOV\00086.JPG,flame3_cv_subset
flame3_00087,-1,unknown,raw\flame3\FLAME 3 CV Dataset (Sycan Marsh)\No Fire\RGB\Corrected FOV\00087.JPG,flame3_cv_subset
flame3_00088,-1,unknown,raw\flame3\FLAME 3 CV Dataset (Sycan Marsh)\No Fire\RGB\Corrected FOV\00088.JPG,flame3_cv_subset
flame3_00089,-1,unknown,raw\flame3\FLAME 3 CV Dataset (Sycan Marsh)\No Fire\RGB\Corrected FOV\00089.JPG,flame3_cv_subset
flame3_00090,-1,unknown,raw\flame3\FLAME 3 CV Dataset (Sycan Marsh)\No Fire\RGB\Corrected FOV\00090.JPG,flame3_cv_subset
flame3_00091,-1,unknown,raw\flame3\FLAME 3 CV Dataset (Sycan Marsh)\No Fire\RGB\Corrected FOV\00091.JPG,flame3_cv_subset
flame3_00092,-1,unknown,raw\flame3\FLAME 3 CV Dataset (Sycan Marsh)\No Fire\RGB\Corrected FOV\00092.JPG,flame3_cv_subset
flame3_00093,-1,unknown,raw\flame3\FLAME 3 CV Dataset (Sycan Marsh)\No Fire\RGB\Corrected FOV\00093.JPG,flame3_cv_subset
flame3_00094,-1,unknown,raw\flame3\FLAME 3 CV Dataset (Sycan Marsh)\No Fire\RGB\Corrected FOV\00094.JPG,flame3_cv_subset
flame3_00095,-1,unknown,raw\flame3\FLAME 3 CV Dataset (Sycan Marsh)\No Fire\RGB\Corrected FOV\00095.JPG,flame3_cv_subset
flame3_00096,-1,unknown,raw\flame3\FLAME 3 CV Dataset (Sycan Marsh)\No Fire\RGB\Corrected FOV\00096.JPG,flame3_cv_subset
flame3_00097,-1,unknown,raw\flame3\FLAME 3 CV Dataset (Sycan Marsh)\No Fire\RGB\Corrected FOV\00097.JPG,flame3_cv_subset
flame3_00098,-1,unknown,raw\flame3\FLAME 3 CV Dataset (Sycan Marsh)\No Fire\RGB\Corrected FOV\00098.JPG,flame3_cv_subset
flame3_00099,-1,unknown,raw\flame3\FLAME 3 CV Dataset (Sycan Marsh)\No Fire\RGB\Corrected FOV\00099.JPG,flame3_cv_subset
flame3_00100,-1,unknown,raw\flame3\FLAME 3 CV Dataset (Sycan Marsh)\No Fire\RGB\Corrected FOV\00100.JPG,flame3_cv_subset
flame3_00101,-1,unknown,raw\flame3\FLAME 3 CV Dataset (Sycan Marsh)\No Fire\RGB\Corrected FOV\00101.JPG,flame3_cv_subset
flame3_00102,-1,unknown,raw\flame3\FLAME 3 CV Dataset (Sycan Marsh)\No Fire\RGB\Corrected FOV\00102.JPG,flame3_cv_subset
flame3_00103,-1,unknown,raw\flame3\FLAME 3 CV Dataset (Sycan Marsh)\No Fire\RGB\Corrected FOV\00103.JPG,flame3_cv_subset
flame3_00104,-1,unknown,raw\flame3\FLAME 3 CV Dataset (Sycan Marsh)\No Fire\RGB\Corrected FOV\00104.JPG,flame3_cv_subset
flame3_00105,-1,unknown,raw\flame3\FLAME 3 CV Dataset (Sycan Marsh)\No Fire\RGB\Corrected FOV\00105.JPG,flame3_cv_subset
flame3_00106,-1,unknown,raw\flame3\FLAME 3 CV Dataset (Sycan Marsh)\No Fire\RGB\Corrected FOV\00106.JPG,flame3_cv_subset
flame3_00107,-1,unknown,raw\flame3\FLAME 3 CV Dataset (Sycan Marsh)\No Fire\RGB\Corrected FOV\00107.JPG,flame3_cv_subset
flame3_00108,-1,unknown,raw\flame3\FLAME 3 CV Dataset (Sycan Marsh)\No Fire\RGB\Corrected FOV\00108.JPG,flame3_cv_subset
flame3_00109,-1,unknown,raw\flame3\FLAME 3 CV Dataset (Sycan Marsh)\No Fire\RGB\Corrected FOV\00109.JPG,flame3_cv_subset
flame3_00110,-1,unknown,raw\flame3\FLAME 3 CV Dataset (Sycan Marsh)\No Fire\RGB\Corrected FOV\00110.JPG,flame3_cv_subset
flame3_00111,-1,unknown,raw\flame3\FLAME 3 CV Dataset (Sycan Marsh)\No Fire\RGB\Corrected FOV\00111.JPG,flame3_cv_subset
flame3_00112,-1,unknown,raw\flame3\FLAME 3 CV Dataset (Sycan Marsh)\No Fire\RGB\Corrected FOV\00112.JPG,flame3_cv_subset
flame3_00113,-1,unknown,raw\flame3\FLAME 3 CV Dataset (Sycan Marsh)\No Fire\RGB\Corrected FOV\00113.JPG,flame3_cv_subset
flame3_00114,-1,unknown,raw\flame3\FLAME 3 CV Dataset (Sycan Marsh)\No Fire\RGB\Corrected FOV\00114.JPG,flame3_cv_subset
flame3_00115,-1,unknown,raw\flame3\FLAME 3 CV Dataset (Sycan Marsh)\No Fire\RGB\Corrected FOV\00115.JPG,flame3_cv_subset
flame3_00116,-1,unknown,raw\flame3\FLAME 3 CV Dataset (Sycan Marsh)\No Fire\RGB\Corrected FOV\00116.JPG,flame3_cv_subset
flame3_00001,-1,unknown,raw\flame3\FLAME 3 CV Dataset (Sycan Marsh)\No Fire\RGB\Raw\00001.JPG,flame3_cv_subset
flame3_00002,-1,unknown,raw\flame3\FLAME 3 CV Dataset (Sycan Marsh)\No Fire\RGB\Raw\00002.JPG,flame3_cv_subset
flame3_00003,-1,unknown,raw\flame3\FLAME 3 CV Dataset (Sycan Marsh)\No Fire\RGB\Raw\00003.JPG,flame3_cv_subset
flame3_00004,-1,unknown,raw\flame3\FLAME 3 CV Dataset (Sycan Marsh)\No Fire\RGB\Raw\00004.JPG,flame3_cv_subset
flame3_00005,-1,unknown,raw\flame3\FLAME 3 CV Dataset (Sycan Marsh)\No Fire\RGB\Raw\00005.JPG,flame3_cv_subset
flame3_00006,-1,unknown,raw\flame3\FLAME 3 CV Dataset (Sycan Marsh)\No Fire\RGB\Raw\00006.JPG,flame3_cv_subset
flame3_00007,-1,unknown,raw\flame3\FLAME 3 CV Dataset (Sycan Marsh)\No Fire\RGB\Raw\00007.JPG,flame3_cv_subset
flame3_00008,-1,unknown,raw\flame3\FLAME 3 CV Dataset (Sycan Marsh)\No Fire\RGB\Raw\00008.JPG,flame3_cv_subset
flame3_00009,-1,unknown,raw\flame3\FLAME 3 CV Dataset (Sycan Marsh)\No Fire\RGB\Raw\00009.JPG,flame3_cv_subset
flame3_00010,-1,unknown,raw\flame3\FLAME 3 CV Dataset (Sycan Marsh)\No Fire\RGB\Raw\00010.JPG,flame3_cv_subset
flame3_00011,-1,unknown,raw\flame3\FLAME 3 CV Dataset (Sycan Marsh)\No Fire\RGB\Raw\00011.JPG,flame3_cv_subset
flame3_00012,-1,unknown,raw\flame3\FLAME 3 CV Dataset (Sycan Marsh)\No Fire\RGB\Raw\00012.JPG,flame3_cv_subset
flame3_00013,-1,unknown,raw\flame3\FLAME 3 CV Dataset (Sycan Marsh)\No Fire\RGB\Raw\00013.JPG,flame3_cv_subset
flame3_00014,-1,unknown,raw\flame3\FLAME 3 CV Dataset (Sycan Marsh)\No Fire\RGB\Raw\00014.JPG,flame3_cv_subset
flame3_00015,-1,unknown,raw\flame3\FLAME 3 CV Dataset (Sycan Marsh)\No Fire\RGB\Raw\00015.JPG,flame3_cv_subset
flame3_00016,-1,unknown,raw\flame3\FLAME 3 CV Dataset (Sycan Marsh)\No Fire\RGB\Raw\00016.JPG,flame3_cv_subset
flame3_00017,-1,unknown,raw\flame3\FLAME 3 CV Dataset (Sycan Marsh)\No Fire\RGB\Raw\00017.JPG,flame3_cv_subset
flame3_00018,-1,unknown,raw\flame3\FLAME 3 CV Dataset (Sycan Marsh)\No Fire\RGB\Raw\00018.JPG,flame3_cv_subset
flame3_00019,-1,unknown,raw\flame3\FLAME 3 CV Dataset (Sycan Marsh)\No Fire\RGB\Raw\00019.JPG,flame3_cv_subset
flame3_00020,-1,unknown,raw\flame3\FLAME 3 CV Dataset (Sycan Marsh)\No Fire\RGB\Raw\00020.JPG,flame3_cv_subset
flame3_00021,-1,unknown,raw\flame3\FLAME 3 CV Dataset (Sycan Marsh)\No Fire\RGB\Raw\00021.JPG,flame3_cv_subset
flame3_00022,-1,unknown,raw\flame3\FLAME 3 CV Dataset (Sycan Marsh)\No Fire\RGB\Raw\00022.JPG,flame3_cv_subset
flame3_00023,-1,unknown,raw\flame3\FLAME 3 CV Dataset (Sycan Marsh)\No Fire\RGB\Raw\00023.JPG,flame3_cv_subset
flame3_00024,-1,unknown,raw\flame3\FLAME 3 CV Dataset (Sycan Marsh)\No Fire\RGB\Raw\00024.JPG,flame3_cv_subset
flame3_00025,-1,unknown,raw\flame3\FLAME 3 CV Dataset (Sycan Marsh)\No Fire\RGB\Raw\00025.JPG,flame3_cv_subset
flame3_00026,-1,unknown,raw\flame3\FLAME 3 CV Dataset (Sycan Marsh)\No Fire\RGB\Raw\00026.JPG,flame3_cv_subset
flame3_00027,-1,unknown,raw\flame3\FLAME 3 CV Dataset (Sycan Marsh)\No Fire\RGB\Raw\00027.JPG,flame3_cv_subset
flame3_00028,-1,unknown,raw\flame3\FLAME 3 CV Dataset (Sycan Marsh)\No Fire\RGB\Raw\00028.JPG,flame3_cv_subset
flame3_00029,-1,unknown,raw\flame3\FLAME 3 CV Dataset (Sycan Marsh)\No Fire\RGB\Raw\00029.JPG,flame3_cv_subset
flame3_00030,-1,unknown,raw\flame3\FLAME 3 CV Dataset (Sycan Marsh)\No Fire\RGB\Raw\00030.JPG,flame3_cv_subset
flame3_00031,-1,unknown,raw\flame3\FLAME 3 CV Dataset (Sycan Marsh)\No Fire\RGB\Raw\00031.JPG,flame3_cv_subset
flame3_00032,-1,unknown,raw\flame3\FLAME 3 CV Dataset (Sycan Marsh)\No Fire\RGB\Raw\00032.JPG,flame3_cv_subset
flame3_00033,-1,unknown,raw\flame3\FLAME 3 CV Dataset (Sycan Marsh)\No Fire\RGB\Raw\00033.JPG,flame3_cv_subset
flame3_00034,-1,unknown,raw\flame3\FLAME 3 CV Dataset (Sycan Marsh)\No Fire\RGB\Raw\00034.JPG,flame3_cv_subset
flame3_00035,-1,unknown,raw\flame3\FLAME 3 CV Dataset (Sycan Marsh)\No Fire\RGB\Raw\00035.JPG,flame3_cv_subset
flame3_00036,-1,unknown,raw\flame3\FLAME 3 CV Dataset (Sycan Marsh)\No Fire\RGB\Raw\00036.JPG,flame3_cv_subset
flame3_00037,-1,unknown,raw\flame3\FLAME 3 CV Dataset (Sycan Marsh)\No Fire\RGB\Raw\00037.JPG,flame3_cv_subset
flame3_00038,-1,unknown,raw\flame3\FLAME 3 CV Dataset (Sycan Marsh)\No Fire\RGB\Raw\00038.JPG,flame3_cv_subset
flame3_00039,-1,unknown,raw\flame3\FLAME 3 CV Dataset (Sycan Marsh)\No Fire\RGB\Raw\00039.JPG,flame3_cv_subset
flame3_00040,-1,unknown,raw\flame3\FLAME 3 CV Dataset (Sycan Marsh)\No Fire\RGB\Raw\00040.JPG,flame3_cv_subset
flame3_00041,-1,unknown,raw\flame3\FLAME 3 CV Dataset (Sycan Marsh)\No Fire\RGB\Raw\00041.JPG,flame3_cv_subset
flame3_00042,-1,unknown,raw\flame3\FLAME 3 CV Dataset (Sycan Marsh)\No Fire\RGB\Raw\00042.JPG,flame3_cv_subset
flame3_00043,-1,unknown,raw\flame3\FLAME 3 CV Dataset (Sycan Marsh)\No Fire\RGB\Raw\00043.JPG,flame3_cv_subset
flame3_00044,-1,unknown,raw\flame3\FLAME 3 CV Dataset (Sycan Marsh)\No Fire\RGB\Raw\00044.JPG,flame3_cv_subset
flame3_00045,-1,unknown,raw\flame3\FLAME 3 CV Dataset (Sycan Marsh)\No Fire\RGB\Raw\00045.JPG,flame3_cv_subset
flame3_00046,-1,unknown,raw\flame3\FLAME 3 CV Dataset (Sycan Marsh)\No Fire\RGB\Raw\00046.JPG,flame3_cv_subset
flame3_00047,-1,unknown,raw\flame3\FLAME 3 CV Dataset (Sycan Marsh)\No Fire\RGB\Raw\00047.JPG,flame3_cv_subset
flame3_00048,-1,unknown,raw\flame3\FLAME 3 CV Dataset (Sycan Marsh)\No Fire\RGB\Raw\00048.JPG,flame3_cv_subset
flame3_00049,-1,unknown,raw\flame3\FLAME 3 CV Dataset (Sycan Marsh)\No Fire\RGB\Raw\00049.JPG,flame3_cv_subset
flame3_00050,-1,unknown,raw\flame3\FLAME 3 CV Dataset (Sycan Marsh)\No Fire\RGB\Raw\00050.JPG,flame3_cv_subset
flame3_00051,-1,unknown,raw\flame3\FLAME 3 CV Dataset (Sycan Marsh)\No Fire\RGB\Raw\00051.JPG,flame3_cv_subset
flame3_00052,-1,unknown,raw\flame3\FLAME 3 CV Dataset (Sycan Marsh)\No Fire\RGB\Raw\00052.JPG,flame3_cv_subset
flame3_00053,-1,unknown,raw\flame3\FLAME 3 CV Dataset (Sycan Marsh)\No Fire\RGB\Raw\00053.JPG,flame3_cv_subset
flame3_00054,-1,unknown,raw\flame3\FLAME 3 CV Dataset (Sycan Marsh)\No Fire\RGB\Raw\00054.JPG,flame3_cv_subset
flame3_00055,-1,unknown,raw\flame3\FLAME 3 CV Dataset (Sycan Marsh)\No Fire\RGB\Raw\00055.JPG,flame3_cv_subset
flame3_00056,-1,unknown,raw\flame3\FLAME 3 CV Dataset (Sycan Marsh)\No Fire\RGB\Raw\00056.JPG,flame3_cv_subset
flame3_00057,-1,unknown,raw\flame3\FLAME 3 CV Dataset (Sycan Marsh)\No Fire\RGB\Raw\00057.JPG,flame3_cv_subset
flame3_00058,-1,unknown,raw\flame3\FLAME 3 CV Dataset (Sycan Marsh)\No Fire\RGB\Raw\00058.JPG,flame3_cv_subset
flame3_00059,-1,unknown,raw\flame3\FLAME 3 CV Dataset (Sycan Marsh)\No Fire\RGB\Raw\00059.JPG,flame3_cv_subset
flame3_00060,-1,unknown,raw\flame3\FLAME 3 CV Dataset (Sycan Marsh)\No Fire\RGB\Raw\00060.JPG,flame3_cv_subset
flame3_00061,-1,unknown,raw\flame3\FLAME 3 CV Dataset (Sycan Marsh)\No Fire\RGB\Raw\00061.JPG,flame3_cv_subset
flame3_00062,-1,unknown,raw\flame3\FLAME 3 CV Dataset (Sycan Marsh)\No Fire\RGB\Raw\00062.JPG,flame3_cv_subset
flame3_00063,-1,unknown,raw\flame3\FLAME 3 CV Dataset (Sycan Marsh)\No Fire\RGB\Raw\00063.JPG,flame3_cv_subset
flame3_00064,-1,unknown,raw\flame3\FLAME 3 CV Dataset (Sycan Marsh)\No Fire\RGB\Raw\00064.JPG,flame3_cv_subset
flame3_00065,-1,unknown,raw\flame3\FLAME 3 CV Dataset (Sycan Marsh)\No Fire\RGB\Raw\00065.JPG,flame3_cv_subset
flame3_00066,-1,unknown,raw\flame3\FLAME 3 CV Dataset (Sycan Marsh)\No Fire\RGB\Raw\00066.JPG,flame3_cv_subset
flame3_00067,-1,unknown,raw\flame3\FLAME 3 CV Dataset (Sycan Marsh)\No Fire\RGB\Raw\00067.JPG,flame3_cv_subset
flame3_00068,-1,unknown,raw\flame3\FLAME 3 CV Dataset (Sycan Marsh)\No Fire\RGB\Raw\00068.JPG,flame3_cv_subset
flame3_00069,-1,unknown,raw\flame3\FLAME 3 CV Dataset (Sycan Marsh)\No Fire\RGB\Raw\00069.JPG,flame3_cv_subset
flame3_00070,-1,unknown,raw\flame3\FLAME 3 CV Dataset (Sycan Marsh)\No Fire\RGB\Raw\00070.JPG,flame3_cv_subset
flame3_00071,-1,unknown,raw\flame3\FLAME 3 CV Dataset (Sycan Marsh)\No Fire\RGB\Raw\00071.JPG,flame3_cv_subset
flame3_00072,-1,unknown,raw\flame3\FLAME 3 CV Dataset (Sycan Marsh)\No Fire\RGB\Raw\00072.JPG,flame3_cv_subset
flame3_00073,-1,unknown,raw\flame3\FLAME 3 CV Dataset (Sycan Marsh)\No Fire\RGB\Raw\00073.JPG,flame3_cv_subset
flame3_00074,-1,unknown,raw\flame3\FLAME 3 CV Dataset (Sycan Marsh)\No Fire\RGB\Raw\00074.JPG,flame3_cv_subset
flame3_00075,-1,unknown,raw\flame3\FLAME 3 CV Dataset (Sycan Marsh)\No Fire\RGB\Raw\00075.JPG,flame3_cv_subset
flame3_00076,-1,unknown,raw\flame3\FLAME 3 CV Dataset (Sycan Marsh)\No Fire\RGB\Raw\00076.JPG,flame3_cv_subset
flame3_00077,-1,unknown,raw\flame3\FLAME 3 CV Dataset (Sycan Marsh)\No Fire\RGB\Raw\00077.JPG,flame3_cv_subset
flame3_00078,-1,unknown,raw\flame3\FLAME 3 CV Dataset (Sycan Marsh)\No Fire\RGB\Raw\00078.JPG,flame3_cv_subset
flame3_00079,-1,unknown,raw\flame3\FLAME 3 CV Dataset (Sycan Marsh)\No Fire\RGB\Raw\00079.JPG,flame3_cv_subset
flame3_00080,-1,unknown,raw\flame3\FLAME 3 CV Dataset (Sycan Marsh)\No Fire\RGB\Raw\00080.JPG,flame3_cv_subset
flame3_00081,-1,unknown,raw\flame3\FLAME 3 CV Dataset (Sycan Marsh)\No Fire\RGB\Raw\00081.JPG,flame3_cv_subset
flame3_00082,-1,unknown,raw\flame3\FLAME 3 CV Dataset (Sycan Marsh)\No Fire\RGB\Raw\00082.JPG,flame3_cv_subset
flame3_00083,-1,unknown,raw\flame3\FLAME 3 CV Dataset (Sycan Marsh)\No Fire\RGB\Raw\00083.JPG,flame3_cv_subset
flame3_00084,-1,unknown,raw\flame3\FLAME 3 CV Dataset (Sycan Marsh)\No Fire\RGB\Raw\00084.JPG,flame3_cv_subset
flame3_00085,-1,unknown,raw\flame3\FLAME 3 CV Dataset (Sycan Marsh)\No Fire\RGB\Raw\00085.JPG,flame3_cv_subset
flame3_00086,-1,unknown,raw\flame3\FLAME 3 CV Dataset (Sycan Marsh)\No Fire\RGB\Raw\00086.JPG,flame3_cv_subset
flame3_00087,-1,unknown,raw\flame3\FLAME 3 CV Dataset (Sycan Marsh)\No Fire\RGB\Raw\00087.JPG,flame3_cv_subset
flame3_00088,-1,unknown,raw\flame3\FLAME 3 CV Dataset (Sycan Marsh)\No Fire\RGB\Raw\00088.JPG,flame3_cv_subset
flame3_00089,-1,unknown,raw\flame3\FLAME 3 CV Dataset (Sycan Marsh)\No Fire\RGB\Raw\00089.JPG,flame3_cv_subset
flame3_00090,-1,unknown,raw\flame3\FLAME 3 CV Dataset (Sycan Marsh)\No Fire\RGB\Raw\00090.JPG,flame3_cv_subset
flame3_00091,-1,unknown,raw\flame3\FLAME 3 CV Dataset (Sycan Marsh)\No Fire\RGB\Raw\00091.JPG,flame3_cv_subset
flame3_00092,-1,unknown,raw\flame3\FLAME 3 CV Dataset (Sycan Marsh)\No Fire\RGB\Raw\00092.JPG,flame3_cv_subset
flame3_00093,-1,unknown,raw\flame3\FLAME 3 CV Dataset (Sycan Marsh)\No Fire\RGB\Raw\00093.JPG,flame3_cv_subset
flame3_00094,-1,unknown,raw\flame3\FLAME 3 CV Dataset (Sycan Marsh)\No Fire\RGB\Raw\00094.JPG,flame3_cv_subset
flame3_00095,-1,unknown,raw\flame3\FLAME 3 CV Dataset (Sycan Marsh)\No Fire\RGB\Raw\00095.JPG,flame3_cv_subset
flame3_00096,-1,unknown,raw\flame3\FLAME 3 CV Dataset (Sycan Marsh)\No Fire\RGB\Raw\00096.JPG,flame3_cv_subset
flame3_00097,-1,unknown,raw\flame3\FLAME 3 CV Dataset (Sycan Marsh)\No Fire\RGB\Raw\00097.JPG,flame3_cv_subset
flame3_00098,-1,unknown,raw\flame3\FLAME 3 CV Dataset (Sycan Marsh)\No Fire\RGB\Raw\00098.JPG,flame3_cv_subset
flame3_00099,-1,unknown,raw\flame3\FLAME 3 CV Dataset (Sycan Marsh)\No Fire\RGB\Raw\00099.JPG,flame3_cv_subset
flame3_00100,-1,unknown,raw\flame3\FLAME 3 CV Dataset (Sycan Marsh)\No Fire\RGB\Raw\00100.JPG,flame3_cv_subset
flame3_00101,-1,unknown,raw\flame3\FLAME 3 CV Dataset (Sycan Marsh)\No Fire\RGB\Raw\00101.JPG,flame3_cv_subset
flame3_00102,-1,unknown,raw\flame3\FLAME 3 CV Dataset (Sycan Marsh)\No Fire\RGB\Raw\00102.JPG,flame3_cv_subset
flame3_00103,-1,unknown,raw\flame3\FLAME 3 CV Dataset (Sycan Marsh)\No Fire\RGB\Raw\00103.JPG,flame3_cv_subset
flame3_00104,-1,unknown,raw\flame3\FLAME 3 CV Dataset (Sycan Marsh)\No Fire\RGB\Raw\00104.JPG,flame3_cv_subset
flame3_00105,-1,unknown,raw\flame3\FLAME 3 CV Dataset (Sycan Marsh)\No Fire\RGB\Raw\00105.JPG,flame3_cv_subset
flame3_00106,-1,unknown,raw\flame3\FLAME 3 CV Dataset (Sycan Marsh)\No Fire\RGB\Raw\00106.JPG,flame3_cv_subset
flame3_00107,-1,unknown,raw\flame3\FLAME 3 CV Dataset (Sycan Marsh)\No Fire\RGB\Raw\00107.JPG,flame3_cv_subset
flame3_00108,-1,unknown,raw\flame3\FLAME 3 CV Dataset (Sycan Marsh)\No Fire\RGB\Raw\00108.JPG,flame3_cv_subset
flame3_00109,-1,unknown,raw\flame3\FLAME 3 CV Dataset (Sycan Marsh)\No Fire\RGB\Raw\00109.JPG,flame3_cv_subset
flame3_00110,-1,unknown,raw\flame3\FLAME 3 CV Dataset (Sycan Marsh)\No Fire\RGB\Raw\00110.JPG,flame3_cv_subset
flame3_00111,-1,unknown,raw\flame3\FLAME 3 CV Dataset (Sycan Marsh)\No Fire\RGB\Raw\00111.JPG,flame3_cv_subset
flame3_00112,-1,unknown,raw\flame3\FLAME 3 CV Dataset (Sycan Marsh)\No Fire\RGB\Raw\00112.JPG,flame3_cv_subset
flame3_00113,-1,unknown,raw\flame3\FLAME 3 CV Dataset (Sycan Marsh)\No Fire\RGB\Raw\00113.JPG,flame3_cv_subset
flame3_00114,-1,unknown,raw\flame3\FLAME 3 CV Dataset (Sycan Marsh)\No Fire\RGB\Raw\00114.JPG,flame3_cv_subset
flame3_00115,-1,unknown,raw\flame3\FLAME 3 CV Dataset (Sycan Marsh)\No Fire\RGB\Raw\00115.JPG,flame3_cv_subset
flame3_00116,-1,unknown,raw\flame3\FLAME 3 CV Dataset (Sycan Marsh)\No Fire\RGB\Raw\00116.JPG,flame3_cv_subset
flame3_00001,-1,unknown,raw\flame3\FLAME 3 CV Dataset (Sycan Marsh)\No Fire\Thermal\Celsius TIFF\00001.TIFF,flame3_cv_subset
flame3_00002,-1,unknown,raw\flame3\FLAME 3 CV Dataset (Sycan Marsh)\No Fire\Thermal\Celsius TIFF\00002.TIFF,flame3_cv_subset
flame3_00003,-1,unknown,raw\flame3\FLAME 3 CV Dataset (Sycan Marsh)\No Fire\Thermal\Celsius TIFF\00003.TIFF,flame3_cv_subset
flame3_00004,-1,unknown,raw\flame3\FLAME 3 CV Dataset (Sycan Marsh)\No Fire\Thermal\Celsius TIFF\00004.TIFF,flame3_cv_subset
flame3_00005,-1,unknown,raw\flame3\FLAME 3 CV Dataset (Sycan Marsh)\No Fire\Thermal\Celsius TIFF\00005.TIFF,flame3_cv_subset
flame3_00006,-1,unknown,raw\flame3\FLAME 3 CV Dataset (Sycan Marsh)\No Fire\Thermal\Celsius TIFF\00006.TIFF,flame3_cv_subset
flame3_00007,-1,unknown,raw\flame3\FLAME 3 CV Dataset (Sycan Marsh)\No Fire\Thermal\Celsius TIFF\00007.TIFF,flame3_cv_subset
flame3_00008,-1,unknown,raw\flame3\FLAME 3 CV Dataset (Sycan Marsh)\No Fire\Thermal\Celsius TIFF\00008.TIFF,flame3_cv_subset
flame3_00009,-1,unknown,raw\flame3\FLAME 3 CV Dataset (Sycan Marsh)\No Fire\Thermal\Celsius TIFF\00009.TIFF,flame3_cv_subset
flame3_00010,-1,unknown,raw\flame3\FLAME 3 CV Dataset (Sycan Marsh)\No Fire\Thermal\Celsius TIFF\00010.TIFF,flame3_cv_subset
flame3_00011,-1,unknown,raw\flame3\FLAME 3 CV Dataset (Sycan Marsh)\No Fire\Thermal\Celsius TIFF\00011.TIFF,flame3_cv_subset
flame3_00012,-1,unknown,raw\flame3\FLAME 3 CV Dataset (Sycan Marsh)\No Fire\Thermal\Celsius TIFF\00012.TIFF,flame3_cv_subset
flame3_00013,-1,unknown,raw\flame3\FLAME 3 CV Dataset (Sycan Marsh)\No Fire\Thermal\Celsius TIFF\00013.TIFF,flame3_cv_subset
flame3_00014,-1,unknown,raw\flame3\FLAME 3 CV Dataset (Sycan Marsh)\No Fire\Thermal\Celsius TIFF\00014.TIFF,flame3_cv_subset
flame3_00015,-1,unknown,raw\flame3\FLAME 3 CV Dataset (Sycan Marsh)\No Fire\Thermal\Celsius TIFF\00015.TIFF,flame3_cv_subset
flame3_00016,-1,unknown,raw\flame3\FLAME 3 CV Dataset (Sycan Marsh)\No Fire\Thermal\Celsius TIFF\00016.TIFF,flame3_cv_subset
flame3_00017,-1,unknown,raw\flame3\FLAME 3 CV Dataset (Sycan Marsh)\No Fire\Thermal\Celsius TIFF\00017.TIFF,flame3_cv_subset
flame3_00018,-1,unknown,raw\flame3\FLAME 3 CV Dataset (Sycan Marsh)\No Fire\Thermal\Celsius TIFF\00018.TIFF,flame3_cv_subset
flame3_00019,-1,unknown,raw\flame3\FLAME 3 CV Dataset (Sycan Marsh)\No Fire\Thermal\Celsius TIFF\00019.TIFF,flame3_cv_subset
flame3_00020,-1,unknown,raw\flame3\FLAME 3 CV Dataset (Sycan Marsh)\No Fire\Thermal\Celsius TIFF\00020.TIFF,flame3_cv_subset
flame3_00021,-1,unknown,raw\flame3\FLAME 3 CV Dataset (Sycan Marsh)\No Fire\Thermal\Celsius TIFF\00021.TIFF,flame3_cv_subset
flame3_00022,-1,unknown,raw\flame3\FLAME 3 CV Dataset (Sycan Marsh)\No Fire\Thermal\Celsius TIFF\00022.TIFF,flame3_cv_subset
flame3_00023,-1,unknown,raw\flame3\FLAME 3 CV Dataset (Sycan Marsh)\No Fire\Thermal\Celsius TIFF\00023.TIFF,flame3_cv_subset
flame3_00024,-1,unknown,raw\flame3\FLAME 3 CV Dataset (Sycan Marsh)\No Fire\Thermal\Celsius TIFF\00024.TIFF,flame3_cv_subset
flame3_00025,-1,unknown,raw\flame3\FLAME 3 CV Dataset (Sycan Marsh)\No Fire\Thermal\Celsius TIFF\00025.TIFF,flame3_cv_subset
flame3_00026,-1,unknown,raw\flame3\FLAME 3 CV Dataset (Sycan Marsh)\No Fire\Thermal\Celsius TIFF\00026.TIFF,flame3_cv_subset
flame3_00027,-1,unknown,raw\flame3\FLAME 3 CV Dataset (Sycan Marsh)\No Fire\Thermal\Celsius TIFF\00027.TIFF,flame3_cv_subset
flame3_00028,-1,unknown,raw\flame3\FLAME 3 CV Dataset (Sycan Marsh)\No Fire\Thermal\Celsius TIFF\00028.TIFF,flame3_cv_subset
flame3_00029,-1,unknown,raw\flame3\FLAME 3 CV Dataset (Sycan Marsh)\No Fire\Thermal\Celsius TIFF\00029.TIFF,flame3_cv_subset
flame3_00030,-1,unknown,raw\flame3\FLAME 3 CV Dataset (Sycan Marsh)\No Fire\Thermal\Celsius TIFF\00030.TIFF,flame3_cv_subset
flame3_00031,-1,unknown,raw\flame3\FLAME 3 CV Dataset (Sycan Marsh)\No Fire\Thermal\Celsius TIFF\00031.TIFF,flame3_cv_subset
flame3_00032,-1,unknown,raw\flame3\FLAME 3 CV Dataset (Sycan Marsh)\No Fire\Thermal\Celsius TIFF\00032.TIFF,flame3_cv_subset
flame3_00033,-1,unknown,raw\flame3\FLAME 3 CV Dataset (Sycan Marsh)\No Fire\Thermal\Celsius TIFF\00033.TIFF,flame3_cv_subset
flame3_00034,-1,unknown,raw\flame3\FLAME 3 CV Dataset (Sycan Marsh)\No Fire\Thermal\Celsius TIFF\00034.TIFF,flame3_cv_subset
flame3_00035,-1,unknown,raw\flame3\FLAME 3 CV Dataset (Sycan Marsh)\No Fire\Thermal\Celsius TIFF\00035.TIFF,flame3_cv_subset
flame3_00036,-1,unknown,raw\flame3\FLAME 3 CV Dataset (Sycan Marsh)\No Fire\Thermal\Celsius TIFF\00036.TIFF,flame3_cv_subset
flame3_00037,-1,unknown,raw\flame3\FLAME 3 CV Dataset (Sycan Marsh)\No Fire\Thermal\Celsius TIFF\00037.TIFF,flame3_cv_subset
flame3_00038,-1,unknown,raw\flame3\FLAME 3 CV Dataset (Sycan Marsh)\No Fire\Thermal\Celsius TIFF\00038.TIFF,flame3_cv_subset
flame3_00039,-1,unknown,raw\flame3\FLAME 3 CV Dataset (Sycan Marsh)\No Fire\Thermal\Celsius TIFF\00039.TIFF,flame3_cv_subset
flame3_00040,-1,unknown,raw\flame3\FLAME 3 CV Dataset (Sycan Marsh)\No Fire\Thermal\Celsius TIFF\00040.TIFF,flame3_cv_subset
flame3_00041,-1,unknown,raw\flame3\FLAME 3 CV Dataset (Sycan Marsh)\No Fire\Thermal\Celsius TIFF\00041.TIFF,flame3_cv_subset
flame3_00042,-1,unknown,raw\flame3\FLAME 3 CV Dataset (Sycan Marsh)\No Fire\Thermal\Celsius TIFF\00042.TIFF,flame3_cv_subset
flame3_00043,-1,unknown,raw\flame3\FLAME 3 CV Dataset (Sycan Marsh)\No Fire\Thermal\Celsius TIFF\00043.TIFF,flame3_cv_subset
flame3_00044,-1,unknown,raw\flame3\FLAME 3 CV Dataset (Sycan Marsh)\No Fire\Thermal\Celsius TIFF\00044.TIFF,flame3_cv_subset
flame3_00045,-1,unknown,raw\flame3\FLAME 3 CV Dataset (Sycan Marsh)\No Fire\Thermal\Celsius TIFF\00045.TIFF,flame3_cv_subset
flame3_00046,-1,unknown,raw\flame3\FLAME 3 CV Dataset (Sycan Marsh)\No Fire\Thermal\Celsius TIFF\00046.TIFF,flame3_cv_subset
flame3_00047,-1,unknown,raw\flame3\FLAME 3 CV Dataset (Sycan Marsh)\No Fire\Thermal\Celsius TIFF\00047.TIFF,flame3_cv_subset
flame3_00048,-1,unknown,raw\flame3\FLAME 3 CV Dataset (Sycan Marsh)\No Fire\Thermal\Celsius TIFF\00048.TIFF,flame3_cv_subset
flame3_00049,-1,unknown,raw\flame3\FLAME 3 CV Dataset (Sycan Marsh)\No Fire\Thermal\Celsius TIFF\00049.TIFF,flame3_cv_subset
flame3_00050,-1,unknown,raw\flame3\FLAME 3 CV Dataset (Sycan Marsh)\No Fire\Thermal\Celsius TIFF\00050.TIFF,flame3_cv_subset
flame3_00051,-1,unknown,raw\flame3\FLAME 3 CV Dataset (Sycan Marsh)\No Fire\Thermal\Celsius TIFF\00051.TIFF,flame3_cv_subset
flame3_00052,-1,unknown,raw\flame3\FLAME 3 CV Dataset (Sycan Marsh)\No Fire\Thermal\Celsius TIFF\00052.TIFF,flame3_cv_subset
flame3_00053,-1,unknown,raw\flame3\FLAME 3 CV Dataset (Sycan Marsh)\No Fire\Thermal\Celsius TIFF\00053.TIFF,flame3_cv_subset
flame3_00054,-1,unknown,raw\flame3\FLAME 3 CV Dataset (Sycan Marsh)\No Fire\Thermal\Celsius TIFF\00054.TIFF,flame3_cv_subset
flame3_00055,-1,unknown,raw\flame3\FLAME 3 CV Dataset (Sycan Marsh)\No Fire\Thermal\Celsius TIFF\00055.TIFF,flame3_cv_subset
flame3_00056,-1,unknown,raw\flame3\FLAME 3 CV Dataset (Sycan Marsh)\No Fire\Thermal\Celsius TIFF\00056.TIFF,flame3_cv_subset
flame3_00057,-1,unknown,raw\flame3\FLAME 3 CV Dataset (Sycan Marsh)\No Fire\Thermal\Celsius TIFF\00057.TIFF,flame3_cv_subset
flame3_00058,-1,unknown,raw\flame3\FLAME 3 CV Dataset (Sycan Marsh)\No Fire\Thermal\Celsius TIFF\00058.TIFF,flame3_cv_subset
flame3_00059,-1,unknown,raw\flame3\FLAME 3 CV Dataset (Sycan Marsh)\No Fire\Thermal\Celsius TIFF\00059.TIFF,flame3_cv_subset
flame3_00060,-1,unknown,raw\flame3\FLAME 3 CV Dataset (Sycan Marsh)\No Fire\Thermal\Celsius TIFF\00060.TIFF,flame3_cv_subset
flame3_00061,-1,unknown,raw\flame3\FLAME 3 CV Dataset (Sycan Marsh)\No Fire\Thermal\Celsius TIFF\00061.TIFF,flame3_cv_subset
flame3_00062,-1,unknown,raw\flame3\FLAME 3 CV Dataset (Sycan Marsh)\No Fire\Thermal\Celsius TIFF\00062.TIFF,flame3_cv_subset
flame3_00063,-1,unknown,raw\flame3\FLAME 3 CV Dataset (Sycan Marsh)\No Fire\Thermal\Celsius TIFF\00063.TIFF,flame3_cv_subset
flame3_00064,-1,unknown,raw\flame3\FLAME 3 CV Dataset (Sycan Marsh)\No Fire\Thermal\Celsius TIFF\00064.TIFF,flame3_cv_subset
flame3_00065,-1,unknown,raw\flame3\FLAME 3 CV Dataset (Sycan Marsh)\No Fire\Thermal\Celsius TIFF\00065.TIFF,flame3_cv_subset
flame3_00066,-1,unknown,raw\flame3\FLAME 3 CV Dataset (Sycan Marsh)\No Fire\Thermal\Celsius TIFF\00066.TIFF,flame3_cv_subset
flame3_00067,-1,unknown,raw\flame3\FLAME 3 CV Dataset (Sycan Marsh)\No Fire\Thermal\Celsius TIFF\00067.TIFF,flame3_cv_subset
flame3_00068,-1,unknown,raw\flame3\FLAME 3 CV Dataset (Sycan Marsh)\No Fire\Thermal\Celsius TIFF\00068.TIFF,flame3_cv_subset
flame3_00069,-1,unknown,raw\flame3\FLAME 3 CV Dataset (Sycan Marsh)\No Fire\Thermal\Celsius TIFF\00069.TIFF,flame3_cv_subset
flame3_00070,-1,unknown,raw\flame3\FLAME 3 CV Dataset (Sycan Marsh)\No Fire\Thermal\Celsius TIFF\00070.TIFF,flame3_cv_subset
flame3_00071,-1,unknown,raw\flame3\FLAME 3 CV Dataset (Sycan Marsh)\No Fire\Thermal\Celsius TIFF\00071.TIFF,flame3_cv_subset
flame3_00072,-1,unknown,raw\flame3\FLAME 3 CV Dataset (Sycan Marsh)\No Fire\Thermal\Celsius TIFF\00072.TIFF,flame3_cv_subset
flame3_00073,-1,unknown,raw\flame3\FLAME 3 CV Dataset (Sycan Marsh)\No Fire\Thermal\Celsius TIFF\00073.TIFF,flame3_cv_subset
flame3_00074,-1,unknown,raw\flame3\FLAME 3 CV Dataset (Sycan Marsh)\No Fire\Thermal\Celsius TIFF\00074.TIFF,flame3_cv_subset
flame3_00075,-1,unknown,raw\flame3\FLAME 3 CV Dataset (Sycan Marsh)\No Fire\Thermal\Celsius TIFF\00075.TIFF,flame3_cv_subset
flame3_00076,-1,unknown,raw\flame3\FLAME 3 CV Dataset (Sycan Marsh)\No Fire\Thermal\Celsius TIFF\00076.TIFF,flame3_cv_subset
flame3_00077,-1,unknown,raw\flame3\FLAME 3 CV Dataset (Sycan Marsh)\No Fire\Thermal\Celsius TIFF\00077.TIFF,flame3_cv_subset
flame3_00078,-1,unknown,raw\flame3\FLAME 3 CV Dataset (Sycan Marsh)\No Fire\Thermal\Celsius TIFF\00078.TIFF,flame3_cv_subset
flame3_00079,-1,unknown,raw\flame3\FLAME 3 CV Dataset (Sycan Marsh)\No Fire\Thermal\Celsius TIFF\00079.TIFF,flame3_cv_subset
flame3_00080,-1,unknown,raw\flame3\FLAME 3 CV Dataset (Sycan Marsh)\No Fire\Thermal\Celsius TIFF\00080.TIFF,flame3_cv_subset
flame3_00081,-1,unknown,raw\flame3\FLAME 3 CV Dataset (Sycan Marsh)\No Fire\Thermal\Celsius TIFF\00081.TIFF,flame3_cv_subset
flame3_00082,-1,unknown,raw\flame3\FLAME 3 CV Dataset (Sycan Marsh)\No Fire\Thermal\Celsius TIFF\00082.TIFF,flame3_cv_subset
flame3_00083,-1,unknown,raw\flame3\FLAME 3 CV Dataset (Sycan Marsh)\No Fire\Thermal\Celsius TIFF\00083.TIFF,flame3_cv_subset
flame3_00084,-1,unknown,raw\flame3\FLAME 3 CV Dataset (Sycan Marsh)\No Fire\Thermal\Celsius TIFF\00084.TIFF,flame3_cv_subset
flame3_00085,-1,unknown,raw\flame3\FLAME 3 CV Dataset (Sycan Marsh)\No Fire\Thermal\Celsius TIFF\00085.TIFF,flame3_cv_subset
flame3_00086,-1,unknown,raw\flame3\FLAME 3 CV Dataset (Sycan Marsh)\No Fire\Thermal\Celsius TIFF\00086.TIFF,flame3_cv_subset
flame3_00087,-1,unknown,raw\flame3\FLAME 3 CV Dataset (Sycan Marsh)\No Fire\Thermal\Celsius TIFF\00087.TIFF,flame3_cv_subset
flame3_00088,-1,unknown,raw\flame3\FLAME 3 CV Dataset (Sycan Marsh)\No Fire\Thermal\Celsius TIFF\00088.TIFF,flame3_cv_subset
flame3_00089,-1,unknown,raw\flame3\FLAME 3 CV Dataset (Sycan Marsh)\No Fire\Thermal\Celsius TIFF\00089.TIFF,flame3_cv_subset
flame3_00090,-1,unknown,raw\flame3\FLAME 3 CV Dataset (Sycan Marsh)\No Fire\Thermal\Celsius TIFF\00090.TIFF,flame3_cv_subset
flame3_00091,-1,unknown,raw\flame3\FLAME 3 CV Dataset (Sycan Marsh)\No Fire\Thermal\Celsius TIFF\00091.TIFF,flame3_cv_subset
flame3_00092,-1,unknown,raw\flame3\FLAME 3 CV Dataset (Sycan Marsh)\No Fire\Thermal\Celsius TIFF\00092.TIFF,flame3_cv_subset
flame3_00093,-1,unknown,raw\flame3\FLAME 3 CV Dataset (Sycan Marsh)\No Fire\Thermal\Celsius TIFF\00093.TIFF,flame3_cv_subset
flame3_00094,-1,unknown,raw\flame3\FLAME 3 CV Dataset (Sycan Marsh)\No Fire\Thermal\Celsius TIFF\00094.TIFF,flame3_cv_subset
flame3_00095,-1,unknown,raw\flame3\FLAME 3 CV Dataset (Sycan Marsh)\No Fire\Thermal\Celsius TIFF\00095.TIFF,flame3_cv_subset
flame3_00096,-1,unknown,raw\flame3\FLAME 3 CV Dataset (Sycan Marsh)\No Fire\Thermal\Celsius TIFF\00096.TIFF,flame3_cv_subset
flame3_00097,-1,unknown,raw\flame3\FLAME 3 CV Dataset (Sycan Marsh)\No Fire\Thermal\Celsius TIFF\00097.TIFF,flame3_cv_subset
flame3_00098,-1,unknown,raw\flame3\FLAME 3 CV Dataset (Sycan Marsh)\No Fire\Thermal\Celsius TIFF\00098.TIFF,flame3_cv_subset
flame3_00099,-1,unknown,raw\flame3\FLAME 3 CV Dataset (Sycan Marsh)\No Fire\Thermal\Celsius TIFF\00099.TIFF,flame3_cv_subset
flame3_00100,-1,unknown,raw\flame3\FLAME 3 CV Dataset (Sycan Marsh)\No Fire\Thermal\Celsius TIFF\00100.TIFF,flame3_cv_subset
flame3_00101,-1,unknown,raw\flame3\FLAME 3 CV Dataset (Sycan Marsh)\No Fire\Thermal\Celsius TIFF\00101.TIFF,flame3_cv_subset
flame3_00102,-1,unknown,raw\flame3\FLAME 3 CV Dataset (Sycan Marsh)\No Fire\Thermal\Celsius TIFF\00102.TIFF,flame3_cv_subset
flame3_00103,-1,unknown,raw\flame3\FLAME 3 CV Dataset (Sycan Marsh)\No Fire\Thermal\Celsius TIFF\00103.TIFF,flame3_cv_subset
flame3_00104,-1,unknown,raw\flame3\FLAME 3 CV Dataset (Sycan Marsh)\No Fire\Thermal\Celsius TIFF\00104.TIFF,flame3_cv_subset
flame3_00105,-1,unknown,raw\flame3\FLAME 3 CV Dataset (Sycan Marsh)\No Fire\Thermal\Celsius TIFF\00105.TIFF,flame3_cv_subset
flame3_00106,-1,unknown,raw\flame3\FLAME 3 CV Dataset (Sycan Marsh)\No Fire\Thermal\Celsius TIFF\00106.TIFF,flame3_cv_subset
flame3_00107,-1,unknown,raw\flame3\FLAME 3 CV Dataset (Sycan Marsh)\No Fire\Thermal\Celsius TIFF\00107.TIFF,flame3_cv_subset
flame3_00108,-1,unknown,raw\flame3\FLAME 3 CV Dataset (Sycan Marsh)\No Fire\Thermal\Celsius TIFF\00108.TIFF,flame3_cv_subset
flame3_00109,-1,unknown,raw\flame3\FLAME 3 CV Dataset (Sycan Marsh)\No Fire\Thermal\Celsius TIFF\00109.TIFF,flame3_cv_subset
flame3_00110,-1,unknown,raw\flame3\FLAME 3 CV Dataset (Sycan Marsh)\No Fire\Thermal\Celsius TIFF\00110.TIFF,flame3_cv_subset
flame3_00111,-1,unknown,raw\flame3\FLAME 3 CV Dataset (Sycan Marsh)\No Fire\Thermal\Celsius TIFF\00111.TIFF,flame3_cv_subset
flame3_00112,-1,unknown,raw\flame3\FLAME 3 CV Dataset (Sycan Marsh)\No Fire\Thermal\Celsius TIFF\00112.TIFF,flame3_cv_subset
flame3_00113,-1,unknown,raw\flame3\FLAME 3 CV Dataset (Sycan Marsh)\No Fire\Thermal\Celsius TIFF\00113.TIFF,flame3_cv_subset
flame3_00114,-1,unknown,raw\flame3\FLAME 3 CV Dataset (Sycan Marsh)\No Fire\Thermal\Celsius TIFF\00114.TIFF,flame3_cv_subset
flame3_00115,-1,unknown,raw\flame3\FLAME 3 CV Dataset (Sycan Marsh)\No Fire\Thermal\Celsius TIFF\00115.TIFF,flame3_cv_subset
flame3_00116,-1,unknown,raw\flame3\FLAME 3 CV Dataset (Sycan Marsh)\No Fire\Thermal\Celsius TIFF\00116.TIFF,flame3_cv_subset
flame3_00001,-1,unknown,raw\flame3\FLAME 3 CV Dataset (Sycan Marsh)\No Fire\Thermal\Raw JPG\00001.JPG,flame3_cv_subset
flame3_00002,-1,unknown,raw\flame3\FLAME 3 CV Dataset (Sycan Marsh)\No Fire\Thermal\Raw JPG\00002.JPG,flame3_cv_subset
flame3_00003,-1,unknown,raw\flame3\FLAME 3 CV Dataset (Sycan Marsh)\No Fire\Thermal\Raw JPG\00003.JPG,flame3_cv_subset
flame3_00004,-1,unknown,raw\flame3\FLAME 3 CV Dataset (Sycan Marsh)\No Fire\Thermal\Raw JPG\00004.JPG,flame3_cv_subset
flame3_00005,-1,unknown,raw\flame3\FLAME 3 CV Dataset (Sycan Marsh)\No Fire\Thermal\Raw JPG\00005.JPG,flame3_cv_subset
flame3_00006,-1,unknown,raw\flame3\FLAME 3 CV Dataset (Sycan Marsh)\No Fire\Thermal\Raw JPG\00006.JPG,flame3_cv_subset
flame3_00007,-1,unknown,raw\flame3\FLAME 3 CV Dataset (Sycan Marsh)\No Fire\Thermal\Raw JPG\00007.JPG,flame3_cv_subset
flame3_00008,-1,unknown,raw\flame3\FLAME 3 CV Dataset (Sycan Marsh)\No Fire\Thermal\Raw JPG\00008.JPG,flame3_cv_subset
flame3_00009,-1,unknown,raw\flame3\FLAME 3 CV Dataset (Sycan Marsh)\No Fire\Thermal\Raw JPG\00009.JPG,flame3_cv_subset
flame3_00010,-1,unknown,raw\flame3\FLAME 3 CV Dataset (Sycan Marsh)\No Fire\Thermal\Raw JPG\00010.JPG,flame3_cv_subset
flame3_00011,-1,unknown,raw\flame3\FLAME 3 CV Dataset (Sycan Marsh)\No Fire\Thermal\Raw JPG\00011.JPG,flame3_cv_subset
flame3_00012,-1,unknown,raw\flame3\FLAME 3 CV Dataset (Sycan Marsh)\No Fire\Thermal\Raw JPG\00012.JPG,flame3_cv_subset
flame3_00013,-1,unknown,raw\flame3\FLAME 3 CV Dataset (Sycan Marsh)\No Fire\Thermal\Raw JPG\00013.JPG,flame3_cv_subset
flame3_00014,-1,unknown,raw\flame3\FLAME 3 CV Dataset (Sycan Marsh)\No Fire\Thermal\Raw JPG\00014.JPG,flame3_cv_subset
flame3_00015,-1,unknown,raw\flame3\FLAME 3 CV Dataset (Sycan Marsh)\No Fire\Thermal\Raw JPG\00015.JPG,flame3_cv_subset
flame3_00016,-1,unknown,raw\flame3\FLAME 3 CV Dataset (Sycan Marsh)\No Fire\Thermal\Raw JPG\00016.JPG,flame3_cv_subset
flame3_00017,-1,unknown,raw\flame3\FLAME 3 CV Dataset (Sycan Marsh)\No Fire\Thermal\Raw JPG\00017.JPG,flame3_cv_subset
flame3_00018,-1,unknown,raw\flame3\FLAME 3 CV Dataset (Sycan Marsh)\No Fire\Thermal\Raw JPG\00018.JPG,flame3_cv_subset
flame3_00019,-1,unknown,raw\flame3\FLAME 3 CV Dataset (Sycan Marsh)\No Fire\Thermal\Raw JPG\00019.JPG,flame3_cv_subset
flame3_00020,-1,unknown,raw\flame3\FLAME 3 CV Dataset (Sycan Marsh)\No Fire\Thermal\Raw JPG\00020.JPG,flame3_cv_subset
flame3_00021,-1,unknown,raw\flame3\FLAME 3 CV Dataset (Sycan Marsh)\No Fire\Thermal\Raw JPG\00021.JPG,flame3_cv_subset
flame3_00022,-1,unknown,raw\flame3\FLAME 3 CV Dataset (Sycan Marsh)\No Fire\Thermal\Raw JPG\00022.JPG,flame3_cv_subset
flame3_00023,-1,unknown,raw\flame3\FLAME 3 CV Dataset (Sycan Marsh)\No Fire\Thermal\Raw JPG\00023.JPG,flame3_cv_subset
flame3_00024,-1,unknown,raw\flame3\FLAME 3 CV Dataset (Sycan Marsh)\No Fire\Thermal\Raw JPG\00024.JPG,flame3_cv_subset
flame3_00025,-1,unknown,raw\flame3\FLAME 3 CV Dataset (Sycan Marsh)\No Fire\Thermal\Raw JPG\00025.JPG,flame3_cv_subset
flame3_00026,-1,unknown,raw\flame3\FLAME 3 CV Dataset (Sycan Marsh)\No Fire\Thermal\Raw JPG\00026.JPG,flame3_cv_subset
flame3_00027,-1,unknown,raw\flame3\FLAME 3 CV Dataset (Sycan Marsh)\No Fire\Thermal\Raw JPG\00027.JPG,flame3_cv_subset
flame3_00028,-1,unknown,raw\flame3\FLAME 3 CV Dataset (Sycan Marsh)\No Fire\Thermal\Raw JPG\00028.JPG,flame3_cv_subset
flame3_00029,-1,unknown,raw\flame3\FLAME 3 CV Dataset (Sycan Marsh)\No Fire\Thermal\Raw JPG\00029.JPG,flame3_cv_subset
flame3_00030,-1,unknown,raw\flame3\FLAME 3 CV Dataset (Sycan Marsh)\No Fire\Thermal\Raw JPG\00030.JPG,flame3_cv_subset
flame3_00031,-1,unknown,raw\flame3\FLAME 3 CV Dataset (Sycan Marsh)\No Fire\Thermal\Raw JPG\00031.JPG,flame3_cv_subset
flame3_00032,-1,unknown,raw\flame3\FLAME 3 CV Dataset (Sycan Marsh)\No Fire\Thermal\Raw JPG\00032.JPG,flame3_cv_subset
flame3_00033,-1,unknown,raw\flame3\FLAME 3 CV Dataset (Sycan Marsh)\No Fire\Thermal\Raw JPG\00033.JPG,flame3_cv_subset
flame3_00034,-1,unknown,raw\flame3\FLAME 3 CV Dataset (Sycan Marsh)\No Fire\Thermal\Raw JPG\00034.JPG,flame3_cv_subset
flame3_00035,-1,unknown,raw\flame3\FLAME 3 CV Dataset (Sycan Marsh)\No Fire\Thermal\Raw JPG\00035.JPG,flame3_cv_subset
flame3_00036,-1,unknown,raw\flame3\FLAME 3 CV Dataset (Sycan Marsh)\No Fire\Thermal\Raw JPG\00036.JPG,flame3_cv_subset
flame3_00037,-1,unknown,raw\flame3\FLAME 3 CV Dataset (Sycan Marsh)\No Fire\Thermal\Raw JPG\00037.JPG,flame3_cv_subset
flame3_00038,-1,unknown,raw\flame3\FLAME 3 CV Dataset (Sycan Marsh)\No Fire\Thermal\Raw JPG\00038.JPG,flame3_cv_subset
flame3_00039,-1,unknown,raw\flame3\FLAME 3 CV Dataset (Sycan Marsh)\No Fire\Thermal\Raw JPG\00039.JPG,flame3_cv_subset
flame3_00040,-1,unknown,raw\flame3\FLAME 3 CV Dataset (Sycan Marsh)\No Fire\Thermal\Raw JPG\00040.JPG,flame3_cv_subset
flame3_00041,-1,unknown,raw\flame3\FLAME 3 CV Dataset (Sycan Marsh)\No Fire\Thermal\Raw JPG\00041.JPG,flame3_cv_subset
flame3_00042,-1,unknown,raw\flame3\FLAME 3 CV Dataset (Sycan Marsh)\No Fire\Thermal\Raw JPG\00042.JPG,flame3_cv_subset
flame3_00043,-1,unknown,raw\flame3\FLAME 3 CV Dataset (Sycan Marsh)\No Fire\Thermal\Raw JPG\00043.JPG,flame3_cv_subset
flame3_00044,-1,unknown,raw\flame3\FLAME 3 CV Dataset (Sycan Marsh)\No Fire\Thermal\Raw JPG\00044.JPG,flame3_cv_subset
flame3_00045,-1,unknown,raw\flame3\FLAME 3 CV Dataset (Sycan Marsh)\No Fire\Thermal\Raw JPG\00045.JPG,flame3_cv_subset
flame3_00046,-1,unknown,raw\flame3\FLAME 3 CV Dataset (Sycan Marsh)\No Fire\Thermal\Raw JPG\00046.JPG,flame3_cv_subset
flame3_00047,-1,unknown,raw\flame3\FLAME 3 CV Dataset (Sycan Marsh)\No Fire\Thermal\Raw JPG\00047.JPG,flame3_cv_subset
flame3_00048,-1,unknown,raw\flame3\FLAME 3 CV Dataset (Sycan Marsh)\No Fire\Thermal\Raw JPG\00048.JPG,flame3_cv_subset
flame3_00049,-1,unknown,raw\flame3\FLAME 3 CV Dataset (Sycan Marsh)\No Fire\Thermal\Raw JPG\00049.JPG,flame3_cv_subset
flame3_00050,-1,unknown,raw\flame3\FLAME 3 CV Dataset (Sycan Marsh)\No Fire\Thermal\Raw JPG\00050.JPG,flame3_cv_subset
flame3_00051,-1,unknown,raw\flame3\FLAME 3 CV Dataset (Sycan Marsh)\No Fire\Thermal\Raw JPG\00051.JPG,flame3_cv_subset
flame3_00052,-1,unknown,raw\flame3\FLAME 3 CV Dataset (Sycan Marsh)\No Fire\Thermal\Raw JPG\00052.JPG,flame3_cv_subset
flame3_00053,-1,unknown,raw\flame3\FLAME 3 CV Dataset (Sycan Marsh)\No Fire\Thermal\Raw JPG\00053.JPG,flame3_cv_subset
flame3_00054,-1,unknown,raw\flame3\FLAME 3 CV Dataset (Sycan Marsh)\No Fire\Thermal\Raw JPG\00054.JPG,flame3_cv_subset
flame3_00055,-1,unknown,raw\flame3\FLAME 3 CV Dataset (Sycan Marsh)\No Fire\Thermal\Raw JPG\00055.JPG,flame3_cv_subset
flame3_00056,-1,unknown,raw\flame3\FLAME 3 CV Dataset (Sycan Marsh)\No Fire\Thermal\Raw JPG\00056.JPG,flame3_cv_subset
flame3_00057,-1,unknown,raw\flame3\FLAME 3 CV Dataset (Sycan Marsh)\No Fire\Thermal\Raw JPG\00057.JPG,flame3_cv_subset
flame3_00058,-1,unknown,raw\flame3\FLAME 3 CV Dataset (Sycan Marsh)\No Fire\Thermal\Raw JPG\00058.JPG,flame3_cv_subset
flame3_00059,-1,unknown,raw\flame3\FLAME 3 CV Dataset (Sycan Marsh)\No Fire\Thermal\Raw JPG\00059.JPG,flame3_cv_subset
flame3_00060,-1,unknown,raw\flame3\FLAME 3 CV Dataset (Sycan Marsh)\No Fire\Thermal\Raw JPG\00060.JPG,flame3_cv_subset
flame3_00061,-1,unknown,raw\flame3\FLAME 3 CV Dataset (Sycan Marsh)\No Fire\Thermal\Raw JPG\00061.JPG,flame3_cv_subset
flame3_00062,-1,unknown,raw\flame3\FLAME 3 CV Dataset (Sycan Marsh)\No Fire\Thermal\Raw JPG\00062.JPG,flame3_cv_subset
flame3_00063,-1,unknown,raw\flame3\FLAME 3 CV Dataset (Sycan Marsh)\No Fire\Thermal\Raw JPG\00063.JPG,flame3_cv_subset
flame3_00064,-1,unknown,raw\flame3\FLAME 3 CV Dataset (Sycan Marsh)\No Fire\Thermal\Raw JPG\00064.JPG,flame3_cv_subset
flame3_00065,-1,unknown,raw\flame3\FLAME 3 CV Dataset (Sycan Marsh)\No Fire\Thermal\Raw JPG\00065.JPG,flame3_cv_subset
flame3_00066,-1,unknown,raw\flame3\FLAME 3 CV Dataset (Sycan Marsh)\No Fire\Thermal\Raw JPG\00066.JPG,flame3_cv_subset
flame3_00067,-1,unknown,raw\flame3\FLAME 3 CV Dataset (Sycan Marsh)\No Fire\Thermal\Raw JPG\00067.JPG,flame3_cv_subset
flame3_00068,-1,unknown,raw\flame3\FLAME 3 CV Dataset (Sycan Marsh)\No Fire\Thermal\Raw JPG\00068.JPG,flame3_cv_subset
flame3_00069,-1,unknown,raw\flame3\FLAME 3 CV Dataset (Sycan Marsh)\No Fire\Thermal\Raw JPG\00069.JPG,flame3_cv_subset
flame3_00070,-1,unknown,raw\flame3\FLAME 3 CV Dataset (Sycan Marsh)\No Fire\Thermal\Raw JPG\00070.JPG,flame3_cv_subset
flame3_00071,-1,unknown,raw\flame3\FLAME 3 CV Dataset (Sycan Marsh)\No Fire\Thermal\Raw JPG\00071.JPG,flame3_cv_subset
flame3_00072,-1,unknown,raw\flame3\FLAME 3 CV Dataset (Sycan Marsh)\No Fire\Thermal\Raw JPG\00072.JPG,flame3_cv_subset
flame3_00073,-1,unknown,raw\flame3\FLAME 3 CV Dataset (Sycan Marsh)\No Fire\Thermal\Raw JPG\00073.JPG,flame3_cv_subset
flame3_00074,-1,unknown,raw\flame3\FLAME 3 CV Dataset (Sycan Marsh)\No Fire\Thermal\Raw JPG\00074.JPG,flame3_cv_subset
flame3_00075,-1,unknown,raw\flame3\FLAME 3 CV Dataset (Sycan Marsh)\No Fire\Thermal\Raw JPG\00075.JPG,flame3_cv_subset
flame3_00076,-1,unknown,raw\flame3\FLAME 3 CV Dataset (Sycan Marsh)\No Fire\Thermal\Raw JPG\00076.JPG,flame3_cv_subset
flame3_00077,-1,unknown,raw\flame3\FLAME 3 CV Dataset (Sycan Marsh)\No Fire\Thermal\Raw JPG\00077.JPG,flame3_cv_subset
flame3_00078,-1,unknown,raw\flame3\FLAME 3 CV Dataset (Sycan Marsh)\No Fire\Thermal\Raw JPG\00078.JPG,flame3_cv_subset
flame3_00079,-1,unknown,raw\flame3\FLAME 3 CV Dataset (Sycan Marsh)\No Fire\Thermal\Raw JPG\00079.JPG,flame3_cv_subset
flame3_00080,-1,unknown,raw\flame3\FLAME 3 CV Dataset (Sycan Marsh)\No Fire\Thermal\Raw JPG\00080.JPG,flame3_cv_subset
flame3_00081,-1,unknown,raw\flame3\FLAME 3 CV Dataset (Sycan Marsh)\No Fire\Thermal\Raw JPG\00081.JPG,flame3_cv_subset
flame3_00082,-1,unknown,raw\flame3\FLAME 3 CV Dataset (Sycan Marsh)\No Fire\Thermal\Raw JPG\00082.JPG,flame3_cv_subset
flame3_00083,-1,unknown,raw\flame3\FLAME 3 CV Dataset (Sycan Marsh)\No Fire\Thermal\Raw JPG\00083.JPG,flame3_cv_subset
flame3_00084,-1,unknown,raw\flame3\FLAME 3 CV Dataset (Sycan Marsh)\No Fire\Thermal\Raw JPG\00084.JPG,flame3_cv_subset
flame3_00085,-1,unknown,raw\flame3\FLAME 3 CV Dataset (Sycan Marsh)\No Fire\Thermal\Raw JPG\00085.JPG,flame3_cv_subset
flame3_00086,-1,unknown,raw\flame3\FLAME 3 CV Dataset (Sycan Marsh)\No Fire\Thermal\Raw JPG\00086.JPG,flame3_cv_subset
flame3_00087,-1,unknown,raw\flame3\FLAME 3 CV Dataset (Sycan Marsh)\No Fire\Thermal\Raw JPG\00087.JPG,flame3_cv_subset
flame3_00088,-1,unknown,raw\flame3\FLAME 3 CV Dataset (Sycan Marsh)\No Fire\Thermal\Raw JPG\00088.JPG,flame3_cv_subset
flame3_00089,-1,unknown,raw\flame3\FLAME 3 CV Dataset (Sycan Marsh)\No Fire\Thermal\Raw JPG\00089.JPG,flame3_cv_subset
flame3_00090,-1,unknown,raw\flame3\FLAME 3 CV Dataset (Sycan Marsh)\No Fire\Thermal\Raw JPG\00090.JPG,flame3_cv_subset
flame3_00091,-1,unknown,raw\flame3\FLAME 3 CV Dataset (Sycan Marsh)\No Fire\Thermal\Raw JPG\00091.JPG,flame3_cv_subset
flame3_00092,-1,unknown,raw\flame3\FLAME 3 CV Dataset (Sycan Marsh)\No Fire\Thermal\Raw JPG\00092.JPG,flame3_cv_subset
flame3_00093,-1,unknown,raw\flame3\FLAME 3 CV Dataset (Sycan Marsh)\No Fire\Thermal\Raw JPG\00093.JPG,flame3_cv_subset
flame3_00094,-1,unknown,raw\flame3\FLAME 3 CV Dataset (Sycan Marsh)\No Fire\Thermal\Raw JPG\00094.JPG,flame3_cv_subset
flame3_00095,-1,unknown,raw\flame3\FLAME 3 CV Dataset (Sycan Marsh)\No Fire\Thermal\Raw JPG\00095.JPG,flame3_cv_subset
flame3_00096,-1,unknown,raw\flame3\FLAME 3 CV Dataset (Sycan Marsh)\No Fire\Thermal\Raw JPG\00096.JPG,flame3_cv_subset
flame3_00097,-1,unknown,raw\flame3\FLAME 3 CV Dataset (Sycan Marsh)\No Fire\Thermal\Raw JPG\00097.JPG,flame3_cv_subset
flame3_00098,-1,unknown,raw\flame3\FLAME 3 CV Dataset (Sycan Marsh)\No Fire\Thermal\Raw JPG\00098.JPG,flame3_cv_subset
flame3_00099,-1,unknown,raw\flame3\FLAME 3 CV Dataset (Sycan Marsh)\No Fire\Thermal\Raw JPG\00099.JPG,flame3_cv_subset
flame3_00100,-1,unknown,raw\flame3\FLAME 3 CV Dataset (Sycan Marsh)\No Fire\Thermal\Raw JPG\00100.JPG,flame3_cv_subset
flame3_00101,-1,unknown,raw\flame3\FLAME 3 CV Dataset (Sycan Marsh)\No Fire\Thermal\Raw JPG\00101.JPG,flame3_cv_subset
flame3_00102,-1,unknown,raw\flame3\FLAME 3 CV Dataset (Sycan Marsh)\No Fire\Thermal\Raw JPG\00102.JPG,flame3_cv_subset
flame3_00103,-1,unknown,raw\flame3\FLAME 3 CV Dataset (Sycan Marsh)\No Fire\Thermal\Raw JPG\00103.JPG,flame3_cv_subset
flame3_00104,-1,unknown,raw\flame3\FLAME 3 CV Dataset (Sycan Marsh)\No Fire\Thermal\Raw JPG\00104.JPG,flame3_cv_subset
flame3_00105,-1,unknown,raw\flame3\FLAME 3 CV Dataset (Sycan Marsh)\No Fire\Thermal\Raw JPG\00105.JPG,flame3_cv_subset
flame3_00106,-1,unknown,raw\flame3\FLAME 3 CV Dataset (Sycan Marsh)\No Fire\Thermal\Raw JPG\00106.JPG,flame3_cv_subset
flame3_00107,-1,unknown,raw\flame3\FLAME 3 CV Dataset (Sycan Marsh)\No Fire\Thermal\Raw JPG\00107.JPG,flame3_cv_subset
flame3_00108,-1,unknown,raw\flame3\FLAME 3 CV Dataset (Sycan Marsh)\No Fire\Thermal\Raw JPG\00108.JPG,flame3_cv_subset
flame3_00109,-1,unknown,raw\flame3\FLAME 3 CV Dataset (Sycan Marsh)\No Fire\Thermal\Raw JPG\00109.JPG,flame3_cv_subset
flame3_00110,-1,unknown,raw\flame3\FLAME 3 CV Dataset (Sycan Marsh)\No Fire\Thermal\Raw JPG\00110.JPG,flame3_cv_subset
flame3_00111,-1,unknown,raw\flame3\FLAME 3 CV Dataset (Sycan Marsh)\No Fire\Thermal\Raw JPG\00111.JPG,flame3_cv_subset
flame3_00112,-1,unknown,raw\flame3\FLAME 3 CV Dataset (Sycan Marsh)\No Fire\Thermal\Raw JPG\00112.JPG,flame3_cv_subset
flame3_00113,-1,unknown,raw\flame3\FLAME 3 CV Dataset (Sycan Marsh)\No Fire\Thermal\Raw JPG\00113.JPG,flame3_cv_subset
flame3_00114,-1,unknown,raw\flame3\FLAME 3 CV Dataset (Sycan Marsh)\No Fire\Thermal\Raw JPG\00114.JPG,flame3_cv_subset
flame3_00115,-1,unknown,raw\flame3\FLAME 3 CV Dataset (Sycan Marsh)\No Fire\Thermal\Raw JPG\00115.JPG,flame3_cv_subset
flame3_00116,-1,unknown,raw\flame3\FLAME 3 CV Dataset (Sycan Marsh)\No Fire\Thermal\Raw JPG\00116.JPG,flame3_cv_subset
